[05:15:37] [main/DEBUG] [FML/]: Injecting tracing printstreams for STDOUT/STDERR.
[05:15:37] [main/INFO] [FML/]: Forge Mod Loader version 7.99.40.1614 for Minecraft 1.7.10 loading
[05:15:37] [main/INFO] [FML/]: Java is OpenJDK 64-Bit Server VM, version 1.8.0_492, running on Linux:amd64:6.8.0-1052-azure, installed at /usr/lib/jvm/java-8-openjdk-amd64/jre
[05:15:37] [main/DEBUG] [FML/]: Java classpath at launch is /workspaces/ye/servidor_minecraft/forge-1.7.10-10.13.4.1614-1.7.10-universal.jar
[05:15:37] [main/DEBUG] [FML/]: Java library path at launch is /tmp/_MEI6zVIjT:/usr/java/packages/lib/amd64:/usr/lib/x86_64-linux-gnu/jni:/lib/x86_64-linux-gnu:/usr/lib/x86_64-linux-gnu:/usr/lib/jni:/lib:/usr/lib
[05:15:37] [main/DEBUG] [FML/]: Enabling runtime deobfuscation
[05:15:37] [main/DEBUG] [FML/]: Instantiating coremod class FMLCorePlugin
[05:15:37] [main/DEBUG] [FML/]: Added access transformer class cpw.mods.fml.common.asm.transformers.AccessTransformer to enqueued access transformers
[05:15:37] [main/DEBUG] [FML/]: Enqueued coremod FMLCorePlugin
[05:15:37] [main/DEBUG] [FML/]: Instantiating coremod class FMLForgePlugin
[05:15:37] [main/DEBUG] [FML/]: Added access transformer class net.minecraftforge.transformers.ForgeAccessTransformer to enqueued access transformers
[05:15:37] [main/DEBUG] [FML/]: Enqueued coremod FMLForgePlugin
[05:15:37] [main/DEBUG] [FML/]: All fundamental core mods are successfully located
[05:15:37] [main/DEBUG] [FML/]: Attempting to load commandline specified mods, relative to /workspaces/ye/servidor_minecraft/.
[05:15:37] [main/DEBUG] [FML/]: Discovering coremods
[05:15:37] [main/DEBUG] [FML/]: Examining for coremod candidacy adventurebackpack-1.7.10-0.8c.jar
[05:15:37] [main/DEBUG] [FML/]: Not found coremod data in adventurebackpack-1.7.10-0.8c.jar
[05:15:37] [main/DEBUG] [FML/]: Examining for coremod candidacy BiomeTweaker-1.7.10-2.0.182.jar
[05:15:37] [main/TRACE] [FML/]: Found FMLCorePluginContainsFMLMod marker in BiomeTweaker-1.7.10-2.0.182.jar, it will be examined later for regular @Mod instances
[05:15:37] [main/DEBUG] [FML/]: Instantiating coremod class BiomeTweakerCore
[05:15:37] [main/TRACE] [FML/]: coremod named BiomeTweakerCore is loading
[05:15:37] [main/DEBUG] [FML/]: The coremod me.superckl.biometweaker.core.BiomeTweakerCore requested minecraft version 1.7.10 and minecraft is 1.7.10. It will be loaded.
[05:15:37] [main/DEBUG] [FML/]: Loaded 7 rules from AccessTransformer config file biometweaker_at.cfg
[05:15:37] [main/DEBUG] [FML/]: Added access transformer class me.superckl.biometweaker.core.BiomeTweakerCore to enqueued access transformers
[05:15:37] [main/DEBUG] [FML/]: Enqueued coremod BiomeTweakerCore
[05:15:37] [main/DEBUG] [FML/]: Examining for coremod candidacy CodeChickenCore-1.7.10-1.0.7.48-universal.jar
[05:15:37] [main/TRACE] [FML/]: Adding CodeChickenCore-1.7.10-1.0.7.48-universal.jar to the list of known coremods, it will not be examined again
[05:15:37] [main/DEBUG] [FML/]: Instantiating coremod class CodeChickenCorePlugin
[05:15:38] [main/WARN] [FML/]: The coremod codechicken.core.launch.CodeChickenCorePlugin does not have a MCVersion annotation, it may cause issues with this version of Minecraft
[05:15:39] [main/DEBUG] [FML/]: Added access transformer class codechicken.core.asm.CodeChickenAccessTransformer to enqueued access transformers
[05:15:39] [main/DEBUG] [FML/]: Enqueued coremod CodeChickenCorePlugin
[05:15:39] [main/DEBUG] [FML/]: Examining for coremod candidacy CodeChickenLib-1.7.10-1.1.3.141-universal.jar
[05:15:39] [main/DEBUG] [FML/]: Not found coremod data in CodeChickenLib-1.7.10-1.1.3.141-universal.jar
[05:15:39] [main/DEBUG] [FML/]: Examining for coremod candidacy DragonBlockC-v1.4.85.jar
[05:15:39] [main/DEBUG] [FML/]: Not found coremod data in DragonBlockC-v1.4.85.jar
[05:15:39] [main/DEBUG] [FML/]: Examining for coremod candidacy ironfurnaces-1.2.4R.jar
[05:15:39] [main/DEBUG] [FML/]: Not found coremod data in ironfurnaces-1.2.4R.jar
[05:15:39] [main/DEBUG] [FML/]: Examining for coremod candidacy JBRA-Client-v1.6.52.jar
[05:15:39] [main/DEBUG] [FML/]: Not found coremod data in JBRA-Client-v1.6.52.jar
[05:15:39] [main/DEBUG] [FML/]: Examining for coremod candidacy journeymap-1.7.10-5.2.3-unlimited.jar
[05:15:39] [main/DEBUG] [FML/]: Not found coremod data in journeymap-1.7.10-5.2.3-unlimited.jar
[05:15:39] [main/DEBUG] [FML/]: Examining for coremod candidacy JRMCore-v1.3.51.jar
[05:15:39] [main/DEBUG] [FML/]: Not found coremod data in JRMCore-v1.3.51.jar
[05:15:39] [main/DEBUG] [FML/]: Examining for coremod candidacy JYearsC-v1.2.5.jar
[05:15:39] [main/DEBUG] [FML/]: Not found coremod data in JYearsC-v1.2.5.jar
[05:15:39] [main/DEBUG] [FML/]: Examining for coremod candidacy Loot++-0.19_for_1.7.jar
[05:15:39] [main/DEBUG] [FML/]: Not found coremod data in Loot++-0.19_for_1.7.jar
[05:15:39] [main/DEBUG] [FML/]: Examining for coremod candidacy NotEnoughItems-1.7.10-1.0.5.120-universal.jar
[05:15:39] [main/TRACE] [FML/]: Adding NotEnoughItems-1.7.10-1.0.5.120-universal.jar to the list of known coremods, it will not be examined again
[05:15:39] [main/DEBUG] [FML/]: Instantiating coremod class NEICorePlugin
[05:15:39] [main/WARN] [FML/]: The coremod codechicken.nei.asm.NEICorePlugin does not have a MCVersion annotation, it may cause issues with this version of Minecraft
[05:15:39] [main/DEBUG] [FML/]: Enqueued coremod NEICorePlugin
[05:15:39] [main/INFO] [LaunchWrapper/]: Loading tweak class name cpw.mods.fml.common.launcher.FMLInjectionAndSortingTweaker
[05:15:39] [main/INFO] [LaunchWrapper/]: Loading tweak class name cpw.mods.fml.common.launcher.FMLDeobfTweaker
[05:15:39] [main/INFO] [LaunchWrapper/]: Calling tweak class cpw.mods.fml.common.launcher.FMLInjectionAndSortingTweaker
[05:15:39] [main/INFO] [LaunchWrapper/]: Calling tweak class cpw.mods.fml.common.launcher.FMLInjectionAndSortingTweaker
[05:15:39] [main/INFO] [LaunchWrapper/]: Calling tweak class cpw.mods.fml.relauncher.CoreModManager$FMLPluginWrapper
[05:15:39] [main/DEBUG] [FML/]: Injecting coremod FMLCorePlugin {cpw.mods.fml.relauncher.FMLCorePlugin} class transformers
[05:15:39] [main/TRACE] [FML/]: Registering transformer cpw.mods.fml.common.asm.transformers.MarkerTransformer
[05:15:39] [main/TRACE] [FML/]: Registering transformer cpw.mods.fml.common.asm.transformers.SideTransformer
[05:15:39] [main/TRACE] [FML/]: Registering transformer cpw.mods.fml.common.asm.transformers.EventSubscriptionTransformer
[05:15:39] [main/DEBUG] [FML/]: Injection complete
[05:15:39] [main/DEBUG] [FML/]: Running coremod plugin for FMLCorePlugin {cpw.mods.fml.relauncher.FMLCorePlugin}
[05:15:39] [main/DEBUG] [FML/]: Running coremod plugin FMLCorePlugin
[05:15:40] [main/DEBUG] [FML/]: Read 527 binary patches
[05:15:40] [main/ERROR] [FML/]: FML appears to be missing any signature data. This is not a good thing
[05:15:40] [main/DEBUG] [FML/]: Coremod plugin class FMLCorePlugin run successfully
[05:15:40] [main/INFO] [LaunchWrapper/]: Calling tweak class cpw.mods.fml.relauncher.CoreModManager$FMLPluginWrapper
[05:15:40] [main/DEBUG] [FML/]: Injecting coremod FMLForgePlugin {net.minecraftforge.classloading.FMLForgePlugin} class transformers
[05:15:40] [main/TRACE] [FML/]: Registering transformer net.minecraftforge.classloading.FluidIdTransformer
[05:15:40] [main/DEBUG] [FML/]: Injection complete
[05:15:40] [main/DEBUG] [FML/]: Running coremod plugin for FMLForgePlugin {net.minecraftforge.classloading.FMLForgePlugin}
[05:15:40] [main/DEBUG] [FML/]: Running coremod plugin FMLForgePlugin
[05:15:40] [main/DEBUG] [FML/]: Coremod plugin class FMLForgePlugin run successfully
[05:15:40] [main/INFO] [LaunchWrapper/]: Calling tweak class cpw.mods.fml.relauncher.CoreModManager$FMLPluginWrapper
[05:15:40] [main/DEBUG] [FML/]: Injecting coremod CCCDeobfPlugin {codechicken.core.asm.MCPDeobfuscationTransformer$LoadPlugin} class transformers
[05:15:40] [main/DEBUG] [FML/]: Injection complete
[05:15:40] [main/DEBUG] [FML/]: Running coremod plugin for CCCDeobfPlugin {codechicken.core.asm.MCPDeobfuscationTransformer$LoadPlugin}
[05:15:40] [main/DEBUG] [FML/]: Running coremod plugin CCCDeobfPlugin
[05:15:40] [main/DEBUG] [FML/]: Coremod plugin class LoadPlugin run successfully
[05:15:40] [main/INFO] [LaunchWrapper/]: Calling tweak class cpw.mods.fml.relauncher.CoreModManager$FMLPluginWrapper
[05:15:40] [main/DEBUG] [FML/]: Injecting coremod CodeChickenCorePlugin {codechicken.core.launch.CodeChickenCorePlugin} class transformers
[05:15:40] [main/TRACE] [FML/]: Registering transformer codechicken.lib.asm.ClassHeirachyManager
[05:15:40] [main/TRACE] [FML/]: Registering transformer codechicken.core.asm.InterfaceDependancyTransformer
[05:15:40] [main/TRACE] [FML/]: Registering transformer codechicken.core.asm.TweakTransformer
[05:15:40] [main/TRACE] [FML/]: Registering transformer codechicken.core.asm.DelegatedTransformer
[05:15:40] [main/TRACE] [FML/]: Registering transformer codechicken.core.asm.DefaultImplementationTransformer
[05:15:40] [main/DEBUG] [FML/]: Injection complete
[05:15:40] [main/DEBUG] [FML/]: Running coremod plugin for CodeChickenCorePlugin {codechicken.core.launch.CodeChickenCorePlugin}
[05:15:40] [main/DEBUG] [FML/]: Running coremod plugin CodeChickenCorePlugin
[05:15:40] [main/DEBUG] [FML/]: Coremod plugin class CodeChickenCorePlugin run successfully
[05:15:40] [main/INFO] [LaunchWrapper/]: Calling tweak class cpw.mods.fml.relauncher.CoreModManager$FMLPluginWrapper
[05:15:40] [main/DEBUG] [FML/]: Injecting coremod NEICorePlugin {codechicken.nei.asm.NEICorePlugin} class transformers
[05:15:40] [main/TRACE] [FML/]: Registering transformer codechicken.nei.asm.NEITransformer
[05:15:40] [main/DEBUG] [FML/]: Injection complete
[05:15:40] [main/DEBUG] [FML/]: Running coremod plugin for NEICorePlugin {codechicken.nei.asm.NEICorePlugin}
[05:15:40] [main/DEBUG] [FML/]: Running coremod plugin NEICorePlugin
[05:15:40] [main/DEBUG] [FML/]: Coremod plugin class NEICorePlugin run successfully
[05:15:40] [main/INFO] [LaunchWrapper/]: Calling tweak class cpw.mods.fml.common.launcher.FMLDeobfTweaker
[05:15:40] [main/DEBUG] [FML/]: Loaded 57 rules from AccessTransformer config file fml_at.cfg
[05:15:40] [main/DEBUG] [FML/]: Loaded 89 rules from AccessTransformer config file forge_at.cfg
[05:15:40] [main/DEBUG] [FML/]: Loaded 7 rules from AccessTransformer config file biometweaker_at.cfg
[05:15:40] [main/DEBUG] [FML/]: Loaded 57 rules from AccessTransformer config file fml_at.cfg
[05:15:40] [main/DEBUG] [FML/]: Loaded 11 rules from AccessTransformer mod jar file /workspaces/ye/servidor_minecraft/mods/NotEnoughItems-1.7.10-1.0.5.120-universal.jar!META-INF/nei_at.cfg

[05:15:40] [main/DEBUG] [FML/]: Loaded 2 rules from AccessTransformer mod jar file /workspaces/ye/servidor_minecraft/mods/journeymap-1.7.10-5.2.3-unlimited.jar!META-INF/journeymap_at.cfg

[05:15:40] [main/DEBUG] [FML/]: Validating minecraft
[05:15:40] [main/DEBUG] [FML/]: Minecraft validated, launching...
[05:15:40] [main/INFO] [LaunchWrapper/]: Calling tweak class cpw.mods.fml.relauncher.CoreModManager$FMLPluginWrapper
[05:15:40] [main/DEBUG] [FML/]: Injecting coremod BiomeTweakerCore {me.superckl.biometweaker.core.BiomeTweakerCore} class transformers
[05:15:40] [main/TRACE] [FML/]: Registering transformer me.superckl.biometweaker.core.BiomeTweakerASMTransformer
[05:15:40] [main/DEBUG] [FML/]: Injection complete
[05:15:40] [main/DEBUG] [FML/]: Running coremod plugin for BiomeTweakerCore {me.superckl.biometweaker.core.BiomeTweakerCore}
[05:15:40] [main/DEBUG] [FML/]: Running coremod plugin BiomeTweakerCore
[05:15:40] [main/INFO] [BiomeTweakerCore/]: Attempting to discover integration callbacks in coremods...
[05:15:40] [main/INFO] [BiomeTweakerCore/]: Beginning early config parsing...
[05:15:40] [main/DEBUG] [BiomeTweakerCore/]: We are operating in /workspaces/ye/servidor_minecraft/./config/BiomeTweaker
[05:15:40] [main/INFO] [BiomeTweakerCore/]: Finished config parsing.
[05:15:40] [main/DEBUG] [FML/]: Coremod plugin class BiomeTweakerCore run successfully
[05:15:40] [main/INFO] [LaunchWrapper/]: Loading tweak class name cpw.mods.fml.common.launcher.TerminalTweaker
[05:15:40] [main/INFO] [LaunchWrapper/]: Calling tweak class cpw.mods.fml.common.launcher.TerminalTweaker
[05:15:40] [main/INFO] [LaunchWrapper/]: Launching wrapped minecraft {net.minecraft.server.MinecraftServer}
[05:15:40] [main/DEBUG] [CCL ASM/]: Writing method [aji.canBeReplacedByLeaves(Lahl;III)Z]
[05:15:40] [main/INFO] [BiomeTweakerCore/]: Attempting to patch class net.minecraft.block.BlockOldLeaf...
[05:15:40] [main/ERROR] [BiomeTweakerCore/]: Failed to patch net.minecraft.block.BlockOldLeaf!  If this is a server, you're fine. Otherwise ye who continue now abandon all hope.
[05:15:41] [main/DEBUG] [CCL ASM/]: Injecting before method [dh.toString()Ljava/lang/String;] @ 51 - 55
[05:15:41] [main/DEBUG] [CCL ASM/]: Injecting before method [dq.toString()Ljava/lang/String;] @ 56 - 60
[05:15:42] [Server thread/INFO] [MinecraftForge/]: Attempting early MinecraftForge initialization
[05:15:42] [Server thread/INFO] [FML/]: MinecraftForge v10.13.4.1614 Initialized
[05:15:42] [Server thread/INFO] [FML/]: Replaced 183 ore recipies
[05:15:42] [Server thread/INFO] [MinecraftForge/]: Completed early MinecraftForge initialization
[05:15:42] [Server thread/DEBUG] [FML/]: File /workspaces/ye/servidor_minecraft/config/injectedDependencies.json not found. No dependencies injected
[05:15:42] [Server thread/DEBUG] [FML/]: Building injected Mod Containers [cpw.mods.fml.common.FMLContainer, net.minecraftforge.common.ForgeModContainer, codechicken.core.asm.CodeChickenCoreModContainer, codechicken.nei.NEIModContainer, me.superckl.biometweaker.core.ModBiomeTweakerCore]
[05:15:42] [Server thread/DEBUG] [FML/]: Attempting to load mods contained in the minecraft jar file and associated classes
[05:15:42] [Server thread/DEBUG] [FML/]: Found a minecraft related file at /workspaces/ye/servidor_minecraft/forge-1.7.10-10.13.4.1614-1.7.10-universal.jar, examining for mod candidates
[05:15:42] [Server thread/TRACE] [FML/]: Skipping known library file /workspaces/ye/servidor_minecraft/mods/BiomeTweaker-1.7.10-2.0.182.jar
[05:15:42] [Server thread/TRACE] [FML/]: Skipping known library file /workspaces/ye/servidor_minecraft/mods/CodeChickenCore-1.7.10-1.0.7.48-universal.jar
[05:15:42] [Server thread/DEBUG] [FML/]: Found a minecraft related file at /workspaces/ye/servidor_minecraft/./mods/1.7.10/CodeChickenLib-1.7.10-1.1.3.141-universal.jar, examining for mod candidates
[05:15:42] [Server thread/TRACE] [FML/]: Skipping known library file /workspaces/ye/servidor_minecraft/mods/NotEnoughItems-1.7.10-1.0.5.120-universal.jar
[05:15:42] [Server thread/DEBUG] [FML/]: Minecraft jar mods loaded successfully
[05:15:42] [Server thread/INFO] [FML/]: Found 0 mods from the command line. Injecting into mod discoverer
[05:15:42] [Server thread/INFO] [FML/]: Searching /workspaces/ye/servidor_minecraft/mods for mods
[05:15:42] [Server thread/DEBUG] [FML/]: Found a candidate mod directory 1.7.10
[05:15:42] [Server thread/DEBUG] [FML/]: Found a candidate zip or jar file adventurebackpack-1.7.10-0.8c.jar
[05:15:42] [Server thread/DEBUG] [FML/]: Found a candidate zip or jar file BiomeTweaker-1.7.10-2.0.182.jar
[05:15:42] [Server thread/TRACE] [FML/]: Skipping already parsed coremod or tweaker CodeChickenCore-1.7.10-1.0.7.48-universal.jar
[05:15:42] [Server thread/DEBUG] [FML/]: Found a candidate zip or jar file DragonBlockC-v1.4.85.jar
[05:15:42] [Server thread/DEBUG] [FML/]: Ignoring unknown file forge-1.7.10-10.13.4.1614-1.7.10-installer.jar.log in mods directory
[05:15:42] [Server thread/DEBUG] [FML/]: Found a candidate zip or jar file ironfurnaces-1.2.4R.jar
[05:15:42] [Server thread/DEBUG] [FML/]: Found a candidate zip or jar file JBRA-Client-v1.6.52.jar
[05:15:42] [Server thread/DEBUG] [FML/]: Found a candidate zip or jar file journeymap-1.7.10-5.2.3-unlimited.jar
[05:15:42] [Server thread/DEBUG] [FML/]: Found a candidate zip or jar file JRMCore-v1.3.51.jar
[05:15:42] [Server thread/DEBUG] [FML/]: Found a candidate zip or jar file JYearsC-v1.2.5.jar
[05:15:42] [Server thread/DEBUG] [FML/]: Found a candidate zip or jar file Loot++-0.19_for_1.7.jar
[05:15:42] [Server thread/TRACE] [FML/]: Skipping already parsed coremod or tweaker NotEnoughItems-1.7.10-1.0.5.120-universal.jar
[05:15:42] [Server thread/INFO] [FML/]: Also searching /workspaces/ye/servidor_minecraft/mods/1.7.10 for mods
[05:15:42] [Server thread/DEBUG] [FML/]: Found a candidate zip or jar file CodeChickenLib-1.7.10-1.1.3.141-universal.jar
[05:15:42] [Server thread/DEBUG] [FML/]: Examining file forge-1.7.10-10.13.4.1614-1.7.10-universal.jar for potential mods
[05:15:42] [Server thread/DEBUG] [FML/]: The mod container forge-1.7.10-10.13.4.1614-1.7.10-universal.jar appears to be missing an mcmod.info file
[05:15:42] [Server thread/DEBUG] [FML/]: Examining file CodeChickenLib-1.7.10-1.1.3.141-universal.jar for potential mods
[05:15:42] [Server thread/DEBUG] [FML/]: The mod container CodeChickenLib-1.7.10-1.1.3.141-universal.jar appears to be missing an mcmod.info file
[05:15:42] [Server thread/DEBUG] [FML/]: Examining directory 1.7.10 for potential mods
[05:15:42] [Server thread/DEBUG] [FML/]: No mcmod.info file found in directory 1.7.10
[05:15:42] [Server thread/DEBUG] [FML/]: Examining file adventurebackpack-1.7.10-0.8c.jar for potential mods
[05:15:42] [Server thread/TRACE] [FML/]: Located mcmod.info file in file adventurebackpack-1.7.10-0.8c.jar
[05:15:42] [Server thread/DEBUG] [FML/]: Identified a mod of type Lcpw/mods/fml/common/Mod; (com.darkona.adventurebackpack.AdventureBackpack) - loading
[05:15:42] [Server thread/TRACE] [adventurebackpack/]: Using mcmod dependency info : [] [] []
[05:15:42] [Server thread/DEBUG] [FML/]: Examining file BiomeTweaker-1.7.10-2.0.182.jar for potential mods
[05:15:42] [Server thread/TRACE] [FML/]: Located mcmod.info file in file BiomeTweaker-1.7.10-2.0.182.jar
[05:15:42] [Server thread/DEBUG] [FML/]: Identified a mod of type Lcpw/mods/fml/common/Mod; (me.superckl.biometweaker.BiomeTweaker) - loading
[05:15:42] [Server thread/TRACE] [BiomeTweaker/]: Parsed dependency info : [] [GalacticraftCore] [BiomesOPlenty]
[05:15:42] [Server thread/DEBUG] [FML/]: Examining file DragonBlockC-v1.4.85.jar for potential mods
[05:15:42] [Server thread/DEBUG] [FML/]: The mod container DragonBlockC-v1.4.85.jar appears to be missing an mcmod.info file
[05:15:42] [Server thread/DEBUG] [FML/]: Identified a class JinRyuu.DragonBC.common.mod_DragonBC following modloader naming convention but not directly a BaseMod or currently seen subclass
[05:15:42] [Server thread/DEBUG] [FML/]: Identified a mod of type Lcpw/mods/fml/common/Mod; (JinRyuu.DragonBC.common.mod_DragonBC) - loading
[05:15:42] [Server thread/TRACE] [jinryuudragonblockc/]: Parsed dependency info : [jinryuujrmcore] [jinryuujrmcore] []
[05:15:43] [Server thread/INFO] [FML/]: Attempting to reparse the mod container DragonBlockC-v1.4.85.jar
[05:15:43] [Server thread/DEBUG] [FML/]: Examining file DragonBlockC-v1.4.85.jar for potential mods
[05:15:43] [Server thread/DEBUG] [FML/]: The mod container DragonBlockC-v1.4.85.jar appears to be missing an mcmod.info file
[05:15:43] [Server thread/DEBUG] [FML/]: Identified a class JinRyuu.DragonBC.common.mod_DragonBC following modloader naming convention but not directly a BaseMod or currently seen subclass
[05:15:43] [Server thread/DEBUG] [FML/]: Identified a mod of type Lcpw/mods/fml/common/Mod; (JinRyuu.DragonBC.common.mod_DragonBC) - loading
[05:15:43] [Server thread/TRACE] [jinryuudragonblockc/]: Parsed dependency info : [jinryuujrmcore] [jinryuujrmcore] []
[05:15:43] [Server thread/DEBUG] [FML/]: Examining file ironfurnaces-1.2.4R.jar for potential mods
[05:15:43] [Server thread/TRACE] [FML/]: Located mcmod.info file in file ironfurnaces-1.2.4R.jar
[05:15:43] [Server thread/DEBUG] [FML/]: Identified a mod of type Lcpw/mods/fml/common/Mod; (IronFurnaces) - loading
[05:15:43] [Server thread/TRACE] [ironfurnaces/]: Parsed dependency info : [] [] []
[05:15:43] [Server thread/DEBUG] [ironfurnaces/]: Attempting to load the file version.properties from ironfurnaces-1.2.4R.jar to locate a version number for ironfurnaces
[05:15:43] [Server thread/WARN] [ironfurnaces/]: Mod ironfurnaces is missing the required element 'version' and a version.properties file could not be found. Falling back to metadata version 1.2.4
[05:15:43] [Server thread/DEBUG] [FML/]: Examining file JBRA-Client-v1.6.52.jar for potential mods
[05:15:43] [Server thread/DEBUG] [FML/]: The mod container JBRA-Client-v1.6.52.jar appears to be missing an mcmod.info file
[05:15:43] [Server thread/DEBUG] [FML/]: Identified a class JinRyuu.JBRA.mod_JBRA following modloader naming convention but not directly a BaseMod or currently seen subclass
[05:15:43] [Server thread/DEBUG] [FML/]: Identified a mod of type Lcpw/mods/fml/common/Mod; (JinRyuu.JBRA.mod_JBRA) - loading
[05:15:43] [Server thread/TRACE] [jinryuubetterrenderaddon/]: Parsed dependency info : [jinryuujrmcore] [jinryuujrmcore, optifine, OptiFine] []
[05:15:43] [Server thread/INFO] [FML/]: Attempting to reparse the mod container JBRA-Client-v1.6.52.jar
[05:15:43] [Server thread/DEBUG] [FML/]: Examining file JBRA-Client-v1.6.52.jar for potential mods
[05:15:43] [Server thread/DEBUG] [FML/]: The mod container JBRA-Client-v1.6.52.jar appears to be missing an mcmod.info file
[05:15:43] [Server thread/DEBUG] [FML/]: Identified a class JinRyuu.JBRA.mod_JBRA following modloader naming convention but not directly a BaseMod or currently seen subclass
[05:15:43] [Server thread/DEBUG] [FML/]: Identified a mod of type Lcpw/mods/fml/common/Mod; (JinRyuu.JBRA.mod_JBRA) - loading
[05:15:43] [Server thread/TRACE] [jinryuubetterrenderaddon/]: Parsed dependency info : [jinryuujrmcore] [jinryuujrmcore, optifine, OptiFine] []
[05:15:43] [Server thread/DEBUG] [FML/]: Examining file journeymap-1.7.10-5.2.3-unlimited.jar for potential mods
[05:15:43] [Server thread/TRACE] [FML/]: Located mcmod.info file in file journeymap-1.7.10-5.2.3-unlimited.jar
[05:15:43] [Server thread/DEBUG] [FML/]: Identified a mod of type Lcpw/mods/fml/common/Mod; (journeymap.common.Journeymap) - loading
[05:15:43] [Server thread/TRACE] [journeymap/]: Using mcmod dependency info : [Forge@[10.13.4.1614,)] [Forge@[10.13.4.1614,)] []
[05:15:43] [Server thread/ERROR] [FML/]: Unable to read a class file correctly
java.lang.IllegalArgumentException
	at org.objectweb.asm.ClassReader.<init>(Unknown Source) ~[asm-all-5.0.3.jar:5.0.3]
	at org.objectweb.asm.ClassReader.<init>(Unknown Source) ~[asm-all-5.0.3.jar:5.0.3]
	at org.objectweb.asm.ClassReader.<init>(Unknown Source) ~[asm-all-5.0.3.jar:5.0.3]
	at cpw.mods.fml.common.discovery.asm.ASMModParser.<init>(ASMModParser.java:52) [ASMModParser.class:?]
	at cpw.mods.fml.common.discovery.JarDiscoverer.discover(JarDiscoverer.java:72) [JarDiscoverer.class:?]
	at cpw.mods.fml.common.discovery.ContainerType.findMods(ContainerType.java:42) [ContainerType.class:?]
	at cpw.mods.fml.common.discovery.ModCandidate.explore(ModCandidate.java:71) [ModCandidate.class:?]
	at cpw.mods.fml.common.discovery.ModDiscoverer.identifyMods(ModDiscoverer.java:131) [ModDiscoverer.class:?]
	at cpw.mods.fml.common.Loader.identifyMods(Loader.java:364) [Loader.class:?]
	at cpw.mods.fml.common.Loader.loadMods(Loader.java:489) [Loader.class:?]
	at cpw.mods.fml.server.FMLServerHandler.beginServerLoading(FMLServerHandler.java:87) [FMLServerHandler.class:?]
	at cpw.mods.fml.common.FMLCommonHandler.onServerStart(FMLCommonHandler.java:314) [FMLCommonHandler.class:?]
	at net.minecraft.server.dedicated.DedicatedServer.func_71197_b(DedicatedServer.java:117) [lt.class:?]
	at net.minecraft.server.MinecraftServer.run(MinecraftServer.java:387) [MinecraftServer.class:?]
	at net.minecraft.server.MinecraftServer$2.run(MinecraftServer.java:685) [li.class:?]
[05:15:43] [Server thread/ERROR] [FML/]: There was a problem reading the entry META-INF/versions/9/module-info.class in the jar /workspaces/ye/servidor_minecraft/mods/journeymap-1.7.10-5.2.3-unlimited.jar - probably a corrupt zip
cpw.mods.fml.common.LoaderException: java.lang.IllegalArgumentException

	at cpw.mods.fml.common.discovery.asm.ASMModParser.<init>(ASMModParser.java:58) ~[ASMModParser.class:?]
	at cpw.mods.fml.common.discovery.JarDiscoverer.discover(JarDiscoverer.java:72) [JarDiscoverer.class:?]
	at cpw.mods.fml.common.discovery.ContainerType.findMods(ContainerType.java:42) [ContainerType.class:?]
	at cpw.mods.fml.common.discovery.ModCandidate.explore(ModCandidate.java:71) [ModCandidate.class:?]
	at cpw.mods.fml.common.discovery.ModDiscoverer.identifyMods(ModDiscoverer.java:131) [ModDiscoverer.class:?]
	at cpw.mods.fml.common.Loader.identifyMods(Loader.java:364) [Loader.class:?]
	at cpw.mods.fml.common.Loader.loadMods(Loader.java:489) [Loader.class:?]
	at cpw.mods.fml.server.FMLServerHandler.beginServerLoading(FMLServerHandler.java:87) [FMLServerHandler.class:?]
	at cpw.mods.fml.common.FMLCommonHandler.onServerStart(FMLCommonHandler.java:314) [FMLCommonHandler.class:?]
	at net.minecraft.server.dedicated.DedicatedServer.func_71197_b(DedicatedServer.java:117) [lt.class:?]
	at net.minecraft.server.MinecraftServer.run(MinecraftServer.java:387) [MinecraftServer.class:?]
	at net.minecraft.server.MinecraftServer$2.run(MinecraftServer.java:685) [li.class:?]
Caused by: java.lang.IllegalArgumentException
	at org.objectweb.asm.ClassReader.<init>(Unknown Source) ~[asm-all-5.0.3.jar:5.0.3]
	at org.objectweb.asm.ClassReader.<init>(Unknown Source) ~[asm-all-5.0.3.jar:5.0.3]
	at org.objectweb.asm.ClassReader.<init>(Unknown Source) ~[asm-all-5.0.3.jar:5.0.3]
	at cpw.mods.fml.common.discovery.asm.ASMModParser.<init>(ASMModParser.java:52) ~[ASMModParser.class:?]
	... 11 more
[05:15:43] [Server thread/WARN] [FML/]: Zip file journeymap-1.7.10-5.2.3-unlimited.jar failed to read properly, it will be ignored
cpw.mods.fml.common.LoaderException: java.lang.IllegalArgumentException

	at cpw.mods.fml.common.discovery.asm.ASMModParser.<init>(ASMModParser.java:58) ~[ASMModParser.class:?]
	at cpw.mods.fml.common.discovery.JarDiscoverer.discover(JarDiscoverer.java:72) [JarDiscoverer.class:?]
	at cpw.mods.fml.common.discovery.ContainerType.findMods(ContainerType.java:42) [ContainerType.class:?]
	at cpw.mods.fml.common.discovery.ModCandidate.explore(ModCandidate.java:71) [ModCandidate.class:?]
	at cpw.mods.fml.common.discovery.ModDiscoverer.identifyMods(ModDiscoverer.java:131) [ModDiscoverer.class:?]
	at cpw.mods.fml.common.Loader.identifyMods(Loader.java:364) [Loader.class:?]
	at cpw.mods.fml.common.Loader.loadMods(Loader.java:489) [Loader.class:?]
	at cpw.mods.fml.server.FMLServerHandler.beginServerLoading(FMLServerHandler.java:87) [FMLServerHandler.class:?]
	at cpw.mods.fml.common.FMLCommonHandler.onServerStart(FMLCommonHandler.java:314) [FMLCommonHandler.class:?]
	at net.minecraft.server.dedicated.DedicatedServer.func_71197_b(DedicatedServer.java:117) [lt.class:?]
	at net.minecraft.server.MinecraftServer.run(MinecraftServer.java:387) [MinecraftServer.class:?]
	at net.minecraft.server.MinecraftServer$2.run(MinecraftServer.java:685) [li.class:?]
Caused by: java.lang.IllegalArgumentException
	at org.objectweb.asm.ClassReader.<init>(Unknown Source) ~[asm-all-5.0.3.jar:5.0.3]
	at org.objectweb.asm.ClassReader.<init>(Unknown Source) ~[asm-all-5.0.3.jar:5.0.3]
	at org.objectweb.asm.ClassReader.<init>(Unknown Source) ~[asm-all-5.0.3.jar:5.0.3]
	at cpw.mods.fml.common.discovery.asm.ASMModParser.<init>(ASMModParser.java:52) ~[ASMModParser.class:?]
	... 11 more
[05:15:43] [Server thread/DEBUG] [FML/]: Examining file JRMCore-v1.3.51.jar for potential mods
[05:15:43] [Server thread/DEBUG] [FML/]: The mod container JRMCore-v1.3.51.jar appears to be missing an mcmod.info file
[05:15:44] [Server thread/DEBUG] [FML/]: Identified a class JinRyuu.JRMCore.mod_JRMCore following modloader naming convention but not directly a BaseMod or currently seen subclass
[05:15:44] [Server thread/DEBUG] [FML/]: Identified a mod of type Lcpw/mods/fml/common/Mod; (JinRyuu.JRMCore.mod_JRMCore) - loading
[05:15:44] [Server thread/TRACE] [jinryuujrmcore/]: Parsed dependency info : [] [] []
[05:15:44] [Server thread/INFO] [FML/]: Attempting to reparse the mod container JRMCore-v1.3.51.jar
[05:15:44] [Server thread/DEBUG] [FML/]: Examining file JRMCore-v1.3.51.jar for potential mods
[05:15:44] [Server thread/DEBUG] [FML/]: The mod container JRMCore-v1.3.51.jar appears to be missing an mcmod.info file
[05:15:44] [Server thread/DEBUG] [FML/]: Identified a class JinRyuu.JRMCore.mod_JRMCore following modloader naming convention but not directly a BaseMod or currently seen subclass
[05:15:44] [Server thread/DEBUG] [FML/]: Identified a mod of type Lcpw/mods/fml/common/Mod; (JinRyuu.JRMCore.mod_JRMCore) - loading
[05:15:44] [Server thread/TRACE] [jinryuujrmcore/]: Parsed dependency info : [] [] []
[05:15:44] [Server thread/DEBUG] [FML/]: Examining file JYearsC-v1.2.5.jar for potential mods
[05:15:44] [Server thread/DEBUG] [FML/]: The mod container JYearsC-v1.2.5.jar appears to be missing an mcmod.info file
[05:15:44] [Server thread/DEBUG] [FML/]: Identified a class JinRyuu.JYearsC.mod_JYearsC following modloader naming convention but not directly a BaseMod or currently seen subclass
[05:15:44] [Server thread/DEBUG] [FML/]: Identified a mod of type Lcpw/mods/fml/common/Mod; (JinRyuu.JYearsC.mod_JYearsC) - loading
[05:15:44] [Server thread/TRACE] [jinryuuyearsc/]: Parsed dependency info : [jinryuujrmcore] [jinryuujrmcore] []
[05:15:44] [Server thread/INFO] [FML/]: Attempting to reparse the mod container JYearsC-v1.2.5.jar
[05:15:44] [Server thread/DEBUG] [FML/]: Examining file JYearsC-v1.2.5.jar for potential mods
[05:15:44] [Server thread/DEBUG] [FML/]: The mod container JYearsC-v1.2.5.jar appears to be missing an mcmod.info file
[05:15:44] [Server thread/DEBUG] [FML/]: Identified a class JinRyuu.JYearsC.mod_JYearsC following modloader naming convention but not directly a BaseMod or currently seen subclass
[05:15:44] [Server thread/DEBUG] [FML/]: Identified a mod of type Lcpw/mods/fml/common/Mod; (JinRyuu.JYearsC.mod_JYearsC) - loading
[05:15:44] [Server thread/TRACE] [jinryuuyearsc/]: Parsed dependency info : [jinryuujrmcore] [jinryuujrmcore] []
[05:15:44] [Server thread/DEBUG] [FML/]: Examining file Loot++-0.19_for_1.7.jar for potential mods
[05:15:44] [Server thread/TRACE] [FML/]: Located mcmod.info file in file Loot++-0.19_for_1.7.jar
[05:15:44] [Server thread/DEBUG] [FML/]: Identified a mod of type Lcpw/mods/fml/common/Mod; (com.tmtravlr.lootplusplus.LootPlusPlusMod) - loading
[05:15:44] [Server thread/TRACE] [lootplusplus/]: Parsed dependency info : [] [] []
[05:15:44] [Server thread/DEBUG] [FML/]: Examining file CodeChickenLib-1.7.10-1.1.3.141-universal.jar for potential mods
[05:15:44] [Server thread/DEBUG] [FML/]: The mod container CodeChickenLib-1.7.10-1.1.3.141-universal.jar appears to be missing an mcmod.info file
[05:15:44] [Server thread/INFO] [FML/]: Forge Mod Loader has identified 15 mods to load
[05:15:44] [Server thread/DEBUG] [FML/]: Found API me.superckl.api.superscript (owned by BiomeTweaker providing SuperScript) embedded in BiomeTweaker
[05:15:44] [Server thread/DEBUG] [FML/]: Found API me.superckl.api.superscript.util (owned by BiomeTweaker providing SuperScript|util) embedded in BiomeTweaker
[05:15:44] [Server thread/DEBUG] [FML/]: Found API me.superckl.api.superscript.command (owned by BiomeTweaker providing SuperScript|command) embedded in BiomeTweaker
[05:15:44] [Server thread/DEBUG] [FML/]: Found API me.superckl.api.biometweaker.script.wrapper (owned by BiomeTweaker providing BiomeTweakerAPI|script|wrapper) embedded in BiomeTweaker
[05:15:44] [Server thread/DEBUG] [FML/]: Found API me.superckl.api.superscript.object (owned by BiomeTweaker providing SuperScript|object) embedded in BiomeTweaker
[05:15:44] [Server thread/DEBUG] [FML/]: Found API me.superckl.api.biometweaker (owned by BiomeTweaker providing BiomeTweakerAPI) embedded in BiomeTweaker
[05:15:44] [Server thread/DEBUG] [FML/]: Found API me.superckl.api.biometweaker.util (owned by BiomeTweaker providing BiomeTweakerAPI|util) embedded in BiomeTweaker
[05:15:44] [Server thread/DEBUG] [FML/]: Found API me.superckl.api.biometweaker.script.object (owned by BiomeTweaker providing BiomeTweakerAPI|script|object) embedded in BiomeTweaker
[05:15:44] [Server thread/DEBUG] [FML/]: Found API me.superckl.api.biometweaker.script.pack (owned by BiomeTweaker providing BiomeTweakerAPI|script|pack) embedded in BiomeTweaker
[05:15:44] [Server thread/DEBUG] [FML/]: Found API me.superckl.api.biometweaker.event (owned by BiomeTweaker providing BiomeTweakerAPI|event) embedded in BiomeTweaker
[05:15:44] [Server thread/DEBUG] [FML/]: Creating API container dummy for API SuperScript|command: owner: BiomeTweaker, dependents: []
[05:15:44] [Server thread/DEBUG] [FML/]: Creating API container dummy for API SuperScript|object: owner: BiomeTweaker, dependents: []
[05:15:44] [Server thread/DEBUG] [FML/]: Creating API container dummy for API BiomeTweakerAPI|script|wrapper: owner: BiomeTweaker, dependents: []
[05:15:44] [Server thread/DEBUG] [FML/]: Creating API container dummy for API SuperScript|util: owner: BiomeTweaker, dependents: []
[05:15:44] [Server thread/DEBUG] [FML/]: Creating API container dummy for API BiomeTweakerAPI|util: owner: BiomeTweaker, dependents: []
[05:15:44] [Server thread/DEBUG] [FML/]: Creating API container dummy for API BiomeTweakerAPI|event: owner: BiomeTweaker, dependents: []
[05:15:44] [Server thread/DEBUG] [FML/]: Creating API container dummy for API SuperScript: owner: BiomeTweaker, dependents: []
[05:15:44] [Server thread/DEBUG] [FML/]: Creating API container dummy for API BiomeTweakerAPI|script|pack: owner: BiomeTweaker, dependents: []
[05:15:44] [Server thread/DEBUG] [FML/]: Creating API container dummy for API BiomeTweakerAPI: owner: BiomeTweaker, dependents: []
[05:15:44] [Server thread/DEBUG] [FML/]: Creating API container dummy for API BiomeTweakerAPI|script|object: owner: BiomeTweaker, dependents: []
[05:15:44] [Server thread/TRACE] [FML/]: Received a system property request ''
[05:15:44] [Server thread/TRACE] [FML/]: System property request managing the state of 0 mods
[05:15:44] [Server thread/DEBUG] [FML/]: After merging, found state information for 0 mods
[05:15:44] [Server thread/DEBUG] [FML/]: Found translations in forge-1.7.10-10.13.4.1614-1.7.10-universal.jar [en_US, en_US, es_ES, fr_FR, ru_RU, de_DE, af_ZA, ar_SA, br_FR, ca_ES, cs_CZ, da_DK, el_GR, fa_IR, fi_FI, he_IL, hu_HU, it_IT, ja_JP, ko_KR, lt_LT, nb_NO, nl_NL, nn_NO, no_NO, pl_PL, pt_BR, pt_PT, ro_RO, sl_SI, sr_SP, sv_SE, tr_TR, uk_UA, vi_VN, zh_CN, zh_TW]
[05:15:44] [Server thread/DEBUG] [FML/]: Found translations in forge-1.7.10-10.13.4.1614-1.7.10-universal.jar [en_US, en_US, es_ES, fr_FR, ru_RU, de_DE, af_ZA, ar_SA, br_FR, ca_ES, cs_CZ, da_DK, el_GR, fa_IR, fi_FI, he_IL, hu_HU, it_IT, ja_JP, ko_KR, lt_LT, nb_NO, nl_NL, nn_NO, no_NO, pl_PL, pt_BR, pt_PT, ro_RO, sl_SI, sr_SP, sv_SE, tr_TR, uk_UA, vi_VN, zh_CN, zh_TW]
[05:15:44] [Server thread/DEBUG] [FML/]: Found translations in NotEnoughItems-1.7.10-1.0.5.120-universal.jar [cs_CZ, fr_FR, et_EE, zh_CN, it_IT, zh_TW, de_DE, tr_TR, ru_RU, pt_BR, sk_SK, ko_KR, pl_PL, en_US]
[05:15:44] [Server thread/WARN] [BiomeTweakerCore/]: Mod BiomeTweakerCore has been disabled through configuration
[05:15:44] [Server thread/DEBUG] [adventurebackpack/]: Enabling mod adventurebackpack
[05:15:44] [Server thread/DEBUG] [FML/]: Found translations in adventurebackpack-1.7.10-0.8c.jar [cs_CZ, en_US, es_ES, it_IT, pt_BR, ru_RU, zh_CN]
[05:15:44] [Server thread/DEBUG] [BiomeTweaker/]: Enabling mod BiomeTweaker
[05:15:44] [Server thread/DEBUG] [FML/]: Found translations in BiomeTweaker-1.7.10-2.0.182.jar [en_US]
[05:15:44] [Server thread/DEBUG] [jinryuudragonblockc/]: Enabling mod jinryuudragonblockc
[05:15:44] [Server thread/DEBUG] [FML/]: Found translations in DragonBlockC-v1.4.85.jar [ar_SA, de_DE, el_GR, en_US, es_ES, fr_FR, he_IL, hu_HU, pl_PL, pt_PT, zh_CN]
[05:15:44] [Server thread/DEBUG] [ironfurnaces/]: Enabling mod ironfurnaces
[05:15:44] [Server thread/DEBUG] [FML/]: Found translations in ironfurnaces-1.2.4R.jar [en_US]
[05:15:44] [Server thread/DEBUG] [jinryuubetterrenderaddon/]: Enabling mod jinryuubetterrenderaddon
[05:15:44] [Server thread/DEBUG] [journeymap/]: Enabling mod journeymap
[05:15:44] [Server thread/DEBUG] [FML/]: Found translations in journeymap-1.7.10-5.2.3-unlimited.jar [ar_SA, en_US, ja_JP, fi_FI, ca_ES, nl_NL, hu_HU, pt_BR, sv_SE, zh_CN, no_NO, ko_KR, fr_CA, es_ES, de_DE, ru_RU, fr_FR]
[05:15:44] [Server thread/DEBUG] [jinryuujrmcore/]: Enabling mod jinryuujrmcore
[05:15:44] [Server thread/DEBUG] [FML/]: Found translations in JRMCore-v1.3.51.jar [en_US, es_ES, hu_HU, pt_PT, zh_CN]
[05:15:44] [Server thread/DEBUG] [jinryuuyearsc/]: Enabling mod jinryuuyearsc
[05:15:44] [Server thread/DEBUG] [FML/]: Found translations in JYearsC-v1.2.5.jar [en_US]
[05:15:44] [Server thread/DEBUG] [lootplusplus/]: Enabling mod lootplusplus
[05:15:44] [Server thread/DEBUG] [FML/]: Found translations in Loot++-0.19_for_1.7.jar [en_US]
[05:15:44] [Server thread/TRACE] [FML/]: Verifying mod requirements are satisfied
[05:15:44] [Server thread/TRACE] [FML/]: All mod requirements are satisfied
[05:15:44] [Server thread/TRACE] [FML/]: Sorting mods into an ordered list
[05:15:44] [Server thread/TRACE] [FML/]: Mod sorting completed successfully
[05:15:44] [Server thread/DEBUG] [FML/]: Mod sorting data
[05:15:44] [Server thread/DEBUG] [FML/]: 	adventurebackpack(Adventure Backpack:1.7.10-0.8b): adventurebackpack-1.7.10-0.8c.jar ()
[05:15:44] [Server thread/DEBUG] [FML/]: 	BiomeTweaker(BiomeTweaker:2.0.182): BiomeTweaker-1.7.10-2.0.182.jar (before:BiomesOPlenty; after:GalacticraftCore)
[05:15:44] [Server thread/DEBUG] [FML/]: 	jinryuujrmcore(JinRyuu's JRMCore:1.3.51): JRMCore-v1.3.51.jar ()
[05:15:44] [Server thread/DEBUG] [FML/]: 	jinryuudragonblockc(Dragon Block C:1.4.85): DragonBlockC-v1.4.85.jar (required-after:jinryuujrmcore)
[05:15:44] [Server thread/DEBUG] [FML/]: 	ironfurnaces(Iron Furnaces:1.2.4): ironfurnaces-1.2.4R.jar ()
[05:15:44] [Server thread/DEBUG] [FML/]: 	jinryuubetterrenderaddon(JinRyuu's Better Render Addon:1.6.52): JBRA-Client-v1.6.52.jar (required-after:jinryuujrmcore;after:optifine;after:OptiFine)
[05:15:44] [Server thread/DEBUG] [FML/]: 	journeymap(JourneyMap:5.2.3): journeymap-1.7.10-5.2.3-unlimited.jar ()
[05:15:44] [Server thread/DEBUG] [FML/]: 	jinryuuyearsc(JinRyuu's Years C:1.2.5): JYearsC-v1.2.5.jar (required-after:jinryuujrmcore)
[05:15:44] [Server thread/DEBUG] [FML/]: 	lootplusplus(Loot++:0.19_for_1.7): Loot++-0.19_for_1.7.jar ()
[05:15:44] [Server thread/DEBUG] [FML/]: 	SuperScript|command(API: SuperScript|command:1.0.182): BiomeTweaker-1.7.10-2.0.182.jar ()
[05:15:44] [Server thread/DEBUG] [FML/]: 	SuperScript|object(API: SuperScript|object:1.0.182): BiomeTweaker-1.7.10-2.0.182.jar ()
[05:15:44] [Server thread/DEBUG] [FML/]: 	BiomeTweakerAPI|script|wrapper(API: BiomeTweakerAPI|script|wrapper:1.0.182): BiomeTweaker-1.7.10-2.0.182.jar ()
[05:15:44] [Server thread/DEBUG] [FML/]: 	SuperScript|util(API: SuperScript|util:1.0.182): BiomeTweaker-1.7.10-2.0.182.jar ()
[05:15:44] [Server thread/DEBUG] [FML/]: 	BiomeTweakerAPI|util(API: BiomeTweakerAPI|util:1.0.182): BiomeTweaker-1.7.10-2.0.182.jar ()
[05:15:44] [Server thread/DEBUG] [FML/]: 	BiomeTweakerAPI|event(API: BiomeTweakerAPI|event:1.0.182): BiomeTweaker-1.7.10-2.0.182.jar ()
[05:15:44] [Server thread/DEBUG] [FML/]: 	SuperScript(API: SuperScript:1.0.182): BiomeTweaker-1.7.10-2.0.182.jar ()
[05:15:44] [Server thread/DEBUG] [FML/]: 	BiomeTweakerAPI|script|pack(API: BiomeTweakerAPI|script|pack:1.0.182): BiomeTweaker-1.7.10-2.0.182.jar ()
[05:15:44] [Server thread/DEBUG] [FML/]: 	BiomeTweakerAPI(API: BiomeTweakerAPI:1.0.182): BiomeTweaker-1.7.10-2.0.182.jar ()
[05:15:44] [Server thread/DEBUG] [FML/]: 	BiomeTweakerAPI|script|object(API: BiomeTweakerAPI|script|object:1.0.182): BiomeTweaker-1.7.10-2.0.182.jar ()
[05:15:44] [Server thread/INFO] [FML/]: FML has found a non-mod file CodeChickenLib-1.7.10-1.1.3.141-universal.jar in your mods directory. It will now be injected into your classpath. This could severe stability issues, it should be removed if possible.
[05:15:44] [Server thread/TRACE] [mcp/mcp]: Sending event FMLConstructionEvent to mod mcp
[05:15:44] [Server thread/TRACE] [mcp/mcp]: Sent event FMLConstructionEvent to mod mcp
[05:15:44] [Server thread/DEBUG] [FML/]: Bar Step: Construction - Minecraft Coder Pack took 0.001s
[05:15:44] [Server thread/TRACE] [FML/FML]: Sending event FMLConstructionEvent to mod FML
[05:15:44] [Server thread/TRACE] [FML/FML]: Mod FML is using network checker : Invoking method checkModLists
[05:15:44] [Server thread/TRACE] [FML/FML]: Testing mod FML to verify it accepts its own version in a remote connection
[05:15:44] [Server thread/TRACE] [FML/FML]: The mod FML accepts its own version (7.10.99.99)
[05:15:44] [Server thread/INFO] [FML/FML]: Attempting connection with missing mods [mcp, FML, Forge, CodeChickenCore, NotEnoughItems, adventurebackpack, BiomeTweaker, jinryuudragonblockc, ironfurnaces, jinryuubetterrenderaddon, journeymap, jinryuujrmcore, jinryuuyearsc, lootplusplus] at CLIENT
[05:15:44] [Server thread/INFO] [FML/FML]: Attempting connection with missing mods [mcp, FML, Forge, CodeChickenCore, NotEnoughItems, adventurebackpack, BiomeTweaker, jinryuudragonblockc, ironfurnaces, jinryuubetterrenderaddon, journeymap, jinryuujrmcore, jinryuuyearsc, lootplusplus] at SERVER
[05:15:44] [Server thread/TRACE] [FML/FML]: Sent event FMLConstructionEvent to mod FML
[05:15:44] [Server thread/DEBUG] [FML/]: Bar Step: Construction - Forge Mod Loader took 0.307s
[05:15:44] [Server thread/TRACE] [Forge/Forge]: Sending event FMLConstructionEvent to mod Forge
[05:15:44] [Server thread/TRACE] [FML/Forge]: Mod Forge is using network checker : No network checking performed
[05:15:44] [Server thread/TRACE] [FML/Forge]: Testing mod Forge to verify it accepts its own version in a remote connection
[05:15:44] [Server thread/TRACE] [FML/Forge]: The mod Forge accepts its own version (10.13.4.1614)
[05:15:44] [Server thread/TRACE] [Forge/Forge]: Sent event FMLConstructionEvent to mod Forge
[05:15:44] [Server thread/DEBUG] [FML/]: Bar Step: Construction - Minecraft Forge took 0.008s
[05:15:44] [Server thread/TRACE] [CodeChickenCore/CodeChickenCore]: Sending event FMLConstructionEvent to mod CodeChickenCore
[05:15:44] [Server thread/TRACE] [CodeChickenCore/CodeChickenCore]: Sent event FMLConstructionEvent to mod CodeChickenCore
[05:15:44] [Server thread/DEBUG] [FML/]: Bar Step: Construction - CodeChicken Core took 0.000s
[05:15:44] [Server thread/TRACE] [NotEnoughItems/NotEnoughItems]: Sending event FMLConstructionEvent to mod NotEnoughItems
[05:15:44] [Server thread/TRACE] [NotEnoughItems/NotEnoughItems]: Sent event FMLConstructionEvent to mod NotEnoughItems
[05:15:44] [Server thread/DEBUG] [FML/]: Bar Step: Construction - Not Enough Items took 0.001s
[05:15:44] [Server thread/TRACE] [adventurebackpack/adventurebackpack]: Sending event FMLConstructionEvent to mod adventurebackpack
[05:15:44] [Server thread/TRACE] [FML/adventurebackpack]: Mod adventurebackpack is using network checker : Accepting version 1.7.10-0.8b
[05:15:44] [Server thread/TRACE] [FML/adventurebackpack]: Testing mod adventurebackpack to verify it accepts its own version in a remote connection
[05:15:44] [Server thread/TRACE] [FML/adventurebackpack]: The mod adventurebackpack accepts its own version (1.7.10-0.8b)
[05:15:44] [Server thread/DEBUG] [FML/adventurebackpack]: Attempting to inject @SidedProxy classes into adventurebackpack
[05:15:44] [Server thread/TRACE] [adventurebackpack/adventurebackpack]: Sent event FMLConstructionEvent to mod adventurebackpack
[05:15:44] [Server thread/DEBUG] [FML/]: Bar Step: Construction - Adventure Backpack took 0.031s
[05:15:44] [Server thread/TRACE] [BiomeTweaker/BiomeTweaker]: Sending event FMLConstructionEvent to mod BiomeTweaker
[05:15:44] [Server thread/ERROR] [BiomeTweaker/BiomeTweaker]: The mod BiomeTweaker is expecting signature bdea6e9d19f35da4858ffcc93210c6207dd590bd for source BiomeTweaker-1.7.10-2.0.182.jar, however there is no signature matching that description
[05:15:44] [Server thread/TRACE] [FML/BiomeTweaker]: Mod BiomeTweaker is using network checker : No network checking performed
[05:15:44] [Server thread/TRACE] [FML/BiomeTweaker]: Testing mod BiomeTweaker to verify it accepts its own version in a remote connection
[05:15:44] [Server thread/TRACE] [FML/BiomeTweaker]: The mod BiomeTweaker accepts its own version (2.0.182)
[05:15:44] [Server thread/DEBUG] [FML/BiomeTweaker]: Attempting to inject @SidedProxy classes into BiomeTweaker
[05:15:44] [Server thread/INFO] [BiomeTweakerCore/BiomeTweaker]: Attempting to patch class net.minecraft.world.biome.BiomeGenBase...
[05:15:44] [Server thread/DEBUG] [BiomeTweakerCore/BiomeTweaker]: Successfully inserted 'actualFillerBlocks' field into net.minecraft.world.biome.BiomeGenBase
[05:15:44] [Server thread/DEBUG] [BiomeTweakerCore/BiomeTweaker]: Successfully inserted 'oceanTopBlock' field into net.minecraft.world.biome.BiomeGenBase
[05:15:44] [Server thread/DEBUG] [BiomeTweakerCore/BiomeTweaker]: Successfully inserted 'oceanFillerBlock' field into net.minecraft.world.biome.BiomeGenBase
[05:15:44] [Server thread/DEBUG] [BiomeTweakerCore/BiomeTweaker]: Successfully inserted 'fillerBlockMeta' field into net.minecraft.world.biome.BiomeGenBase
[05:15:44] [Server thread/DEBUG] [BiomeTweakerCore/BiomeTweaker]: Successfully inserted 'grassColor' field into net.minecraft.world.biome.BiomeGenBase
[05:15:44] [Server thread/DEBUG] [BiomeTweakerCore/BiomeTweaker]: Successfully inserted 'foliageColor' field into net.minecraft.world.biome.BiomeGenBase
[05:15:44] [Server thread/DEBUG] [BiomeTweakerCore/BiomeTweaker]: Successfully inserted 'waterColor' field into net.minecraft.world.biome.BiomeGenBase
[05:15:44] [Server thread/DEBUG] [BiomeTweakerCore/BiomeTweaker]: Successfully inserted empty array into 'actualFillerBlocks'
[05:15:44] [Server thread/DEBUG] [BiomeTweakerCore/BiomeTweaker]: Successfully inserted stone into 'oceanFillerBlock'
[05:15:44] [Server thread/DEBUG] [BiomeTweakerCore/BiomeTweaker]: Successfully inserted gravel into 'oceanTopBlock'
[05:15:44] [Server thread/DEBUG] [BiomeTweakerCore/BiomeTweaker]: Successfully inserted -1 into 'grassColor'
[05:15:44] [Server thread/DEBUG] [BiomeTweakerCore/BiomeTweaker]: Successfully inserted -1 into 'foliageColor'
[05:15:44] [Server thread/DEBUG] [BiomeTweakerCore/BiomeTweaker]: Successfully inserted -1 into 'waterColor'
[05:15:44] [Server thread/DEBUG] [BiomeTweakerCore/BiomeTweaker]: Successfully inserted 0 into 'fillerBlockMeta'
[05:15:44] [Server thread/DEBUG] [BiomeTweakerCore/BiomeTweaker]: Successfully redirected 'Stone' check to 'contains' method.
[05:15:44] [Server thread/DEBUG] [BiomeTweakerCore/BiomeTweaker]: Successfully inserted 'fillerBlockMeta' instructions.
[05:15:44] [Server thread/DEBUG] [BiomeTweakerCore/BiomeTweaker]: Successfully inserted 'fillerBlockMeta' instructions.
[05:15:44] [Server thread/DEBUG] [BiomeTweakerCore/BiomeTweaker]: Successfully inserted 'oceanTopBlock' instructions.
[05:15:44] [Server thread/DEBUG] [BiomeTweakerCore/BiomeTweaker]: Successfully inserted 'oceanFillerBlock' instructions.
[05:15:44] [Server thread/INFO] [BiomeTweakerCore/BiomeTweaker]: Sucessfully patched net.minecraft.world.biome.BiomeGenBase! 19 patches were applied.
[05:15:44] [Server thread/WARN] [BiomeTweaker/BiomeTweaker]: Hey... uhm... this is akward but, it looks like you're using an unofficial version of BiomeTweaker. Where exactly did you get this from?
[05:15:44] [Server thread/WARN] [BiomeTweaker/BiomeTweaker]: Unless I (superckl) sent you this version, don't expect to get any support for it.
[05:15:44] [Server thread/TRACE] [BiomeTweaker/BiomeTweaker]: Sent event FMLConstructionEvent to mod BiomeTweaker
[05:15:44] [Server thread/DEBUG] [FML/]: Bar Step: Construction - BiomeTweaker took 0.077s
[05:15:44] [Server thread/TRACE] [jinryuujrmcore/jinryuujrmcore]: Sending event FMLConstructionEvent to mod jinryuujrmcore
[05:15:44] [Server thread/TRACE] [FML/jinryuujrmcore]: Mod jinryuujrmcore is using network checker : Accepting version 1.3.51
[05:15:44] [Server thread/TRACE] [FML/jinryuujrmcore]: Testing mod jinryuujrmcore to verify it accepts its own version in a remote connection
[05:15:44] [Server thread/TRACE] [FML/jinryuujrmcore]: The mod jinryuujrmcore accepts its own version (1.3.51)
[05:15:44] [Server thread/DEBUG] [FML/jinryuujrmcore]: Attempting to inject @SidedProxy classes into jinryuujrmcore
[05:15:44] [Server thread/TRACE] [jinryuujrmcore/jinryuujrmcore]: Sent event FMLConstructionEvent to mod jinryuujrmcore
[05:15:44] [Server thread/DEBUG] [FML/]: Bar Step: Construction - JinRyuu's JRMCore took 0.143s
[05:15:44] [Server thread/TRACE] [jinryuudragonblockc/jinryuudragonblockc]: Sending event FMLConstructionEvent to mod jinryuudragonblockc
[05:15:44] [Server thread/TRACE] [FML/jinryuudragonblockc]: Mod jinryuudragonblockc is using network checker : Accepting version 1.4.85
[05:15:44] [Server thread/TRACE] [FML/jinryuudragonblockc]: Testing mod jinryuudragonblockc to verify it accepts its own version in a remote connection
[05:15:44] [Server thread/TRACE] [FML/jinryuudragonblockc]: The mod jinryuudragonblockc accepts its own version (1.4.85)
[05:15:44] [Server thread/DEBUG] [FML/jinryuudragonblockc]: Attempting to inject @SidedProxy classes into jinryuudragonblockc
[05:15:45] [Server thread/TRACE] [jinryuudragonblockc/jinryuudragonblockc]: Sent event FMLConstructionEvent to mod jinryuudragonblockc
[05:15:45] [Server thread/DEBUG] [FML/]: Bar Step: Construction - Dragon Block C took 0.078s
[05:15:45] [Server thread/TRACE] [ironfurnaces/ironfurnaces]: Sending event FMLConstructionEvent to mod ironfurnaces
[05:15:45] [Server thread/TRACE] [FML/ironfurnaces]: Mod ironfurnaces is using network checker : Accepting version 1.2.4
[05:15:45] [Server thread/TRACE] [FML/ironfurnaces]: Testing mod ironfurnaces to verify it accepts its own version in a remote connection
[05:15:45] [Server thread/TRACE] [FML/ironfurnaces]: The mod ironfurnaces accepts its own version (1.2.4)
[05:15:45] [Server thread/DEBUG] [FML/ironfurnaces]: Attempting to inject @SidedProxy classes into ironfurnaces
[05:15:45] [Server thread/TRACE] [ironfurnaces/ironfurnaces]: Sent event FMLConstructionEvent to mod ironfurnaces
[05:15:45] [Server thread/DEBUG] [FML/]: Bar Step: Construction - Iron Furnaces took 0.004s
[05:15:45] [Server thread/TRACE] [jinryuubetterrenderaddon/jinryuubetterrenderaddon]: Sending event FMLConstructionEvent to mod jinryuubetterrenderaddon
[05:15:45] [Server thread/TRACE] [FML/jinryuubetterrenderaddon]: Mod jinryuubetterrenderaddon is using network checker : Accepting version 1.6.52
[05:15:45] [Server thread/TRACE] [FML/jinryuubetterrenderaddon]: Testing mod jinryuubetterrenderaddon to verify it accepts its own version in a remote connection
[05:15:45] [Server thread/TRACE] [FML/jinryuubetterrenderaddon]: The mod jinryuubetterrenderaddon accepts its own version (1.6.52)
[05:15:45] [Server thread/DEBUG] [FML/jinryuubetterrenderaddon]: Attempting to inject @SidedProxy classes into jinryuubetterrenderaddon
[05:15:45] [Server thread/TRACE] [jinryuubetterrenderaddon/jinryuubetterrenderaddon]: Sent event FMLConstructionEvent to mod jinryuubetterrenderaddon
[05:15:45] [Server thread/DEBUG] [FML/]: Bar Step: Construction - JinRyuu's Better Render Addon took 0.004s
[05:15:45] [Server thread/TRACE] [journeymap/journeymap]: Sending event FMLConstructionEvent to mod journeymap
[05:15:45] [Server thread/TRACE] [FML/journeymap]: Mod journeymap is using network checker : Invoking method checkModLists
[05:15:45] [Server thread/TRACE] [FML/journeymap]: Testing mod journeymap to verify it accepts its own version in a remote connection
[05:15:45] [Server thread/TRACE] [FML/journeymap]: The mod journeymap accepts its own version (5.2.3)
[05:15:45] [Server thread/DEBUG] [FML/journeymap]: Attempting to inject @SidedProxy classes into journeymap
[05:15:45] [Server thread/TRACE] [journeymap/journeymap]: Sent event FMLConstructionEvent to mod journeymap
[05:15:45] [Server thread/DEBUG] [FML/]: Bar Step: Construction - JourneyMap took 0.011s
[05:15:45] [Server thread/TRACE] [jinryuuyearsc/jinryuuyearsc]: Sending event FMLConstructionEvent to mod jinryuuyearsc
[05:15:45] [Server thread/TRACE] [FML/jinryuuyearsc]: Mod jinryuuyearsc is using network checker : Accepting version 1.2.5
[05:15:45] [Server thread/TRACE] [FML/jinryuuyearsc]: Testing mod jinryuuyearsc to verify it accepts its own version in a remote connection
[05:15:45] [Server thread/TRACE] [FML/jinryuuyearsc]: The mod jinryuuyearsc accepts its own version (1.2.5)
[05:15:45] [Server thread/DEBUG] [FML/jinryuuyearsc]: Attempting to inject @SidedProxy classes into jinryuuyearsc
[05:15:45] [Server thread/TRACE] [jinryuuyearsc/jinryuuyearsc]: Sent event FMLConstructionEvent to mod jinryuuyearsc
[05:15:45] [Server thread/DEBUG] [FML/]: Bar Step: Construction - JinRyuu's Years C took 0.005s
[05:15:45] [Server thread/TRACE] [lootplusplus/lootplusplus]: Sending event FMLConstructionEvent to mod lootplusplus
[05:15:45] [Server thread/INFO] [STDOUT/lootplusplus]: [com.tmtravlr.lootplusplus.LootPPHelper:<init>:285]: [Loot++] Attempting to get chest contents.
[05:15:45] [Server thread/INFO] [STDOUT/lootplusplus]: [com.tmtravlr.lootplusplus.LootPPHelper:<init>:300]: [Loot++] Attempting to get chest info.
[05:15:45] [Server thread/INFO] [STDOUT/lootplusplus]: [com.tmtravlr.lootplusplus.LootPPHelper:<init>:315]: [Loot++] Attempting to get nether fortress chest contents.
[05:15:45] [Server thread/INFO] [STDOUT/lootplusplus]: [com.tmtravlr.lootplusplus.LootPPHelper:<init>:337]: [Loot++] Attempting to get furnace experience map.
[05:15:45] [Server thread/TRACE] [FML/lootplusplus]: Mod lootplusplus is using network checker : Accepting version 0.19_for_1.7
[05:15:45] [Server thread/TRACE] [FML/lootplusplus]: Testing mod lootplusplus to verify it accepts its own version in a remote connection
[05:15:45] [Server thread/TRACE] [FML/lootplusplus]: The mod lootplusplus accepts its own version (0.19_for_1.7)
[05:15:45] [Server thread/DEBUG] [FML/lootplusplus]: Attempting to inject @SidedProxy classes into lootplusplus
[05:15:45] [Server thread/TRACE] [lootplusplus/lootplusplus]: Sent event FMLConstructionEvent to mod lootplusplus
[05:15:45] [Server thread/DEBUG] [FML/]: Bar Step: Construction - Loot++ took 0.043s
[05:15:45] [Server thread/DEBUG] [FML/]: Bar Finished: Construction took 0.711s
[05:15:45] [Server thread/DEBUG] [FML/]: Mod signature data
[05:15:45] [Server thread/DEBUG] [FML/]:  	Valid Signatures:
[05:15:45] [Server thread/DEBUG] [FML/]:  	Missing Signatures:
[05:15:45] [Server thread/DEBUG] [FML/]: 		mcp	(Minecraft Coder Pack	9.05)	minecraft.jar
[05:15:45] [Server thread/DEBUG] [FML/]: 		FML	(Forge Mod Loader	7.10.99.99)	forge-1.7.10-10.13.4.1614-1.7.10-universal.jar
[05:15:45] [Server thread/DEBUG] [FML/]: 		Forge	(Minecraft Forge	10.13.4.1614)	forge-1.7.10-10.13.4.1614-1.7.10-universal.jar
[05:15:45] [Server thread/DEBUG] [FML/]: 		CodeChickenCore	(CodeChicken Core	1.0.7.48)	minecraft.jar
[05:15:45] [Server thread/DEBUG] [FML/]: 		NotEnoughItems	(Not Enough Items	1.0.5.120)	NotEnoughItems-1.7.10-1.0.5.120-universal.jar
[05:15:45] [Server thread/DEBUG] [FML/]: 		adventurebackpack	(Adventure Backpack	1.7.10-0.8b)	adventurebackpack-1.7.10-0.8c.jar
[05:15:45] [Server thread/DEBUG] [FML/]: 		BiomeTweaker	(BiomeTweaker	2.0.182)	BiomeTweaker-1.7.10-2.0.182.jar
[05:15:45] [Server thread/DEBUG] [FML/]: 		jinryuujrmcore	(JinRyuu's JRMCore	1.3.51)	JRMCore-v1.3.51.jar
[05:15:45] [Server thread/DEBUG] [FML/]: 		jinryuudragonblockc	(Dragon Block C	1.4.85)	DragonBlockC-v1.4.85.jar
[05:15:45] [Server thread/DEBUG] [FML/]: 		ironfurnaces	(Iron Furnaces	1.2.4)	ironfurnaces-1.2.4R.jar
[05:15:45] [Server thread/DEBUG] [FML/]: 		jinryuubetterrenderaddon	(JinRyuu's Better Render Addon	1.6.52)	JBRA-Client-v1.6.52.jar
[05:15:45] [Server thread/DEBUG] [FML/]: 		journeymap	(JourneyMap	5.2.3)	journeymap-1.7.10-5.2.3-unlimited.jar
[05:15:45] [Server thread/DEBUG] [FML/]: 		jinryuuyearsc	(JinRyuu's Years C	1.2.5)	JYearsC-v1.2.5.jar
[05:15:45] [Server thread/DEBUG] [FML/]: 		lootplusplus	(Loot++	0.19_for_1.7)	Loot++-0.19_for_1.7.jar
[05:15:45] [Server thread/INFO] [FML/]: Processing ObjectHolder annotations
[05:15:45] [Server thread/INFO] [FML/]: Found 341 ObjectHolder annotations
[05:15:45] [Server thread/INFO] [FML/]: Identifying ItemStackHolder annotations
[05:15:45] [Server thread/INFO] [FML/]: Found 0 ItemStackHolder annotations
[05:15:45] [Server thread/TRACE] [mcp/mcp]: Sending event FMLPreInitializationEvent to mod mcp
[05:15:45] [Server thread/TRACE] [mcp/mcp]: Sent event FMLPreInitializationEvent to mod mcp
[05:15:45] [Server thread/DEBUG] [FML/]: Bar Step: PreInitialization - Minecraft Coder Pack took 0.002s
[05:15:45] [Server thread/TRACE] [FML/FML]: Sending event FMLPreInitializationEvent to mod FML
[05:15:45] [Server thread/TRACE] [FML/FML]: Sent event FMLPreInitializationEvent to mod FML
[05:15:45] [Server thread/DEBUG] [FML/]: Bar Step: PreInitialization - Forge Mod Loader took 0.001s
[05:15:45] [Server thread/TRACE] [Forge/Forge]: Sending event FMLPreInitializationEvent to mod Forge
[05:15:45] [Server thread/INFO] [FML/Forge]: Configured a dormant chunk cache size of 0
[05:15:45] [Server thread/TRACE] [Forge/Forge]: Sent event FMLPreInitializationEvent to mod Forge
[05:15:45] [Server thread/DEBUG] [FML/]: Bar Step: PreInitialization - Minecraft Forge took 0.029s
[05:15:45] [Server thread/TRACE] [CodeChickenCore/CodeChickenCore]: Sending event FMLPreInitializationEvent to mod CodeChickenCore
[05:15:45] [Server thread/TRACE] [CodeChickenCore/CodeChickenCore]: Sent event FMLPreInitializationEvent to mod CodeChickenCore
[05:15:45] [Server thread/DEBUG] [FML/]: Bar Step: PreInitialization - CodeChicken Core took 0.000s
[05:15:45] [Server thread/TRACE] [NotEnoughItems/NotEnoughItems]: Sending event FMLPreInitializationEvent to mod NotEnoughItems
[05:15:45] [Server thread/TRACE] [NotEnoughItems/NotEnoughItems]: Sent event FMLPreInitializationEvent to mod NotEnoughItems
[05:15:45] [Server thread/DEBUG] [FML/]: Bar Step: PreInitialization - Not Enough Items took 0.002s
[05:15:45] [Server thread/TRACE] [adventurebackpack/adventurebackpack]: Sending event FMLPreInitializationEvent to mod adventurebackpack
[05:15:45] [Server thread/INFO] [Adventure Backpack/adventurebackpack]: Registered the class com.darkona.adventurebackpack.fluids.effects.WaterEffect as a FluidEffect for water with the ID 0
[05:15:45] [Server thread/INFO] [Adventure Backpack/adventurebackpack]: Registered the class com.darkona.adventurebackpack.fluids.effects.LavaEffect as a FluidEffect for lava with the ID 1
[05:15:45] [Server thread/INFO] [Adventure Backpack/adventurebackpack]: Registered the class com.darkona.adventurebackpack.fluids.effects.MilkEffect as a FluidEffect for milk with the ID 2
[05:15:45] [Server thread/INFO] [Adventure Backpack/adventurebackpack]: Registered the class com.darkona.adventurebackpack.fluids.effects.MelonJuiceEffect as a FluidEffect for melonjuice with the ID 3
[05:15:45] [Server thread/INFO] [Adventure Backpack/adventurebackpack]: Registered the class com.darkona.adventurebackpack.fluids.effects.MushroomStewEffect as a FluidEffect for mushroomsoup with the ID 4
[05:15:45] [Server thread/TRACE] [FML/adventurebackpack]: Automatically registered mod adventurebackpack entity inflatableBoat as adventurebackpack.inflatableBoat
[05:15:45] [Server thread/TRACE] [FML/adventurebackpack]: Automatically registered mod adventurebackpack entity rideableSpider as adventurebackpack.rideableSpider
[05:15:45] [Server thread/TRACE] [adventurebackpack/adventurebackpack]: Sent event FMLPreInitializationEvent to mod adventurebackpack
[05:15:45] [Server thread/DEBUG] [FML/]: Bar Step: PreInitialization - Adventure Backpack took 0.217s
[05:15:45] [Server thread/TRACE] [BiomeTweaker/BiomeTweaker]: Sending event FMLPreInitializationEvent to mod BiomeTweaker
[05:15:45] [Server thread/INFO] [BiomeTweaker/BiomeTweaker]: Beginning script parsing...
[05:15:45] [Server thread/INFO] [BiomeTweaker/BiomeTweaker]: Finished script parsing.
[05:15:45] [Server thread/DEBUG] [BiomeTweaker/BiomeTweaker]: Script parsing took 0ms.
[05:15:45] [Forge Version Check/INFO] [STDERR/Forge]: [java.lang.Throwable$WrappedPrintStream:println:749]: com.google.gson.JsonSyntaxException: java.lang.IllegalStateException: Expected BEGIN_OBJECT but was STRING at line 1 column 1
[05:15:45] [Forge Version Check/INFO] [STDERR/Forge]: [java.lang.Throwable$WrappedPrintStream:println:749]: 	at com.google.gson.Gson.fromJson(Gson.java:815)
[05:15:45] [Forge Version Check/INFO] [STDERR/Forge]: [java.lang.Throwable$WrappedPrintStream:println:749]: 	at com.google.gson.Gson.fromJson(Gson.java:768)
[05:15:45] [Forge Version Check/INFO] [STDERR/Forge]: [java.lang.Throwable$WrappedPrintStream:println:749]: 	at com.google.gson.Gson.fromJson(Gson.java:717)
[05:15:45] [Forge Version Check/INFO] [STDERR/Forge]: [java.lang.Throwable$WrappedPrintStream:println:749]: 	at com.google.gson.Gson.fromJson(Gson.java:689)
[05:15:45] [Forge Version Check/INFO] [STDERR/Forge]: [java.lang.Throwable$WrappedPrintStream:println:749]: 	at net.minecraftforge.common.ForgeVersion$1.run(ForgeVersion.java:94)
[05:15:45] [Forge Version Check/INFO] [STDERR/Forge]: [java.lang.Throwable$WrappedPrintStream:println:749]: Caused by: java.lang.IllegalStateException: Expected BEGIN_OBJECT but was STRING at line 1 column 1
[05:15:45] [Forge Version Check/INFO] [STDERR/Forge]: [java.lang.Throwable$WrappedPrintStream:println:749]: 	at com.google.gson.stream.JsonReader.beginObject(JsonReader.java:374)
[05:15:45] [Forge Version Check/INFO] [STDERR/Forge]: [java.lang.Throwable$WrappedPrintStream:println:749]: 	at com.google.gson.internal.bind.MapTypeAdapterFactory$Adapter.read(MapTypeAdapterFactory.java:183)
[05:15:45] [Forge Version Check/INFO] [STDERR/Forge]: [java.lang.Throwable$WrappedPrintStream:println:749]: 	at com.google.gson.internal.bind.MapTypeAdapterFactory$Adapter.read(MapTypeAdapterFactory.java:145)
[05:15:45] [Forge Version Check/INFO] [STDERR/Forge]: [java.lang.Throwable$WrappedPrintStream:println:749]: 	at com.google.gson.Gson.fromJson(Gson.java:803)
[05:15:45] [Forge Version Check/INFO] [STDERR/Forge]: [java.lang.Throwable$WrappedPrintStream:println:749]: 	... 4 more
[05:15:45] [Server thread/INFO] [BiomeTweaker/BiomeTweaker]: Attempting to load compat. biome classes...
[05:15:45] [Server thread/DEBUG] [BiomeTweaker/BiomeTweaker]: Failed to load compat. biome class micdoodle8.mods.galacticraft.core.world.gen.BiomeGenBaseMoon
[05:15:45] [Server thread/DEBUG] [BiomeTweaker/BiomeTweaker]: Failed to load compat. biome class micdoodle8.mods.galacticraft.core.world.gen.BiomeGenBaseOrbit
[05:15:45] [Server thread/DEBUG] [BiomeTweaker/BiomeTweaker]: Failed to load compat. biome class micdoodle8.mods.galacticraft.planets.mars.world.gen.BiomeGenBaseMars
[05:15:45] [Server thread/TRACE] [BiomeTweaker/BiomeTweaker]: Sent event FMLPreInitializationEvent to mod BiomeTweaker
[05:15:45] [Server thread/DEBUG] [FML/]: Bar Step: PreInitialization - BiomeTweaker took 0.069s
[05:15:45] [Server thread/TRACE] [jinryuujrmcore/jinryuujrmcore]: Sending event FMLPreInitializationEvent to mod jinryuujrmcore
[05:15:45] [Server thread/INFO] [jinryuujrmcore/jinryuujrmcore]: Current Version 1.3.51
[05:15:45] [Server thread/INFO] [jinryuujrmcore/jinryuujrmcore]: Copyright (c) Tamas 'JinRyuu' Nagy,  2012-2018
[05:15:45] [Server thread/INFO] [jinryuujrmcore/jinryuujrmcore]: Copyright (c) Benjamin 'JinGames_Ben' Nagy,  2018-2026
[05:15:45] [Server thread/INFO] [jinryuujrmcore/jinryuujrmcore]: https://jingames.net
[05:15:45] [Server thread/INFO] [jinryuujrmcore/jinryuujrmcore]: Pre Initialization Complated
[05:15:45] [Server thread/TRACE] [jinryuujrmcore/jinryuujrmcore]: Sent event FMLPreInitializationEvent to mod jinryuujrmcore
[05:15:45] [Server thread/DEBUG] [FML/]: Bar Step: PreInitialization - JinRyuu's JRMCore took 0.245s
[05:15:45] [Server thread/TRACE] [jinryuudragonblockc/jinryuudragonblockc]: Sending event FMLPreInitializationEvent to mod jinryuudragonblockc
[05:15:45] [Server thread/INFO] [jinryuudragonblockc/jinryuudragonblockc]: Current Version 1.4.85
[05:15:45] [Server thread/INFO] [jinryuudragonblockc/jinryuudragonblockc]: Copyright (c) Tamas 'JinRyuu' Nagy,  2012-2018
[05:15:45] [Server thread/INFO] [jinryuudragonblockc/jinryuudragonblockc]: Copyright (c) Benjamin 'JinGames_Ben' Nagy,  2018-2026
[05:15:45] [Server thread/INFO] [jinryuudragonblockc/jinryuudragonblockc]: https://jingames.net
[05:15:45] [Server thread/INFO] [jinryuudragonblockc/jinryuudragonblockc]: Pre Initialization Complated
[05:15:45] [Server thread/TRACE] [jinryuudragonblockc/jinryuudragonblockc]: Sent event FMLPreInitializationEvent to mod jinryuudragonblockc
[05:15:45] [Server thread/DEBUG] [FML/]: Bar Step: PreInitialization - Dragon Block C took 0.023s
[05:15:45] [Server thread/TRACE] [ironfurnaces/ironfurnaces]: Sending event FMLPreInitializationEvent to mod ironfurnaces
[05:15:45] [Server thread/TRACE] [ironfurnaces/ironfurnaces]: Sent event FMLPreInitializationEvent to mod ironfurnaces
[05:15:45] [Server thread/DEBUG] [FML/]: Bar Step: PreInitialization - Iron Furnaces took 0.028s
[05:15:45] [Server thread/TRACE] [jinryuubetterrenderaddon/jinryuubetterrenderaddon]: Sending event FMLPreInitializationEvent to mod jinryuubetterrenderaddon
[05:15:45] [Server thread/TRACE] [jinryuubetterrenderaddon/jinryuubetterrenderaddon]: Sent event FMLPreInitializationEvent to mod jinryuubetterrenderaddon
[05:15:45] [Server thread/DEBUG] [FML/]: Bar Step: PreInitialization - JinRyuu's Better Render Addon took 0.001s
[05:15:45] [Server thread/TRACE] [journeymap/journeymap]: Sending event FMLPreInitializationEvent to mod journeymap
[05:15:45] [Server thread/TRACE] [journeymap/journeymap]: Sent event FMLPreInitializationEvent to mod journeymap
[05:15:45] [Server thread/DEBUG] [FML/]: Bar Step: PreInitialization - JourneyMap took 0.002s
[05:15:45] [Server thread/TRACE] [jinryuuyearsc/jinryuuyearsc]: Sending event FMLPreInitializationEvent to mod jinryuuyearsc
[05:15:45] [Server thread/INFO] [jinryuuyearsc/jinryuuyearsc]: Current Version 1.2.5
[05:15:45] [Server thread/INFO] [jinryuuyearsc/jinryuuyearsc]: Copyright (c) Tamas 'JinRyuu' Nagy,  2012-2026
[05:15:45] [Server thread/INFO] [jinryuuyearsc/jinryuuyearsc]: http://jingames.net/
[05:15:45] [Server thread/INFO] [jinryuuyearsc/jinryuuyearsc]: Pre Initialization Complated
[05:15:45] [Server thread/TRACE] [jinryuuyearsc/jinryuuyearsc]: Sent event FMLPreInitializationEvent to mod jinryuuyearsc
[05:15:45] [Server thread/DEBUG] [FML/]: Bar Step: PreInitialization - JinRyuu's Years C took 0.007s
[05:15:45] [Server thread/TRACE] [lootplusplus/lootplusplus]: Sending event FMLPreInitializationEvent to mod lootplusplus
[05:15:45] [Server thread/TRACE] [FML/lootplusplus]: Automatically registered mod lootplusplus entity ThrownItem as lootplusplus.ThrownItem
[05:15:45] [Server thread/TRACE] [FML/lootplusplus]: Automatically registered mod lootplusplus entity Label as lootplusplus.Label
[05:15:45] [Server thread/TRACE] [lootplusplus/lootplusplus]: Sent event FMLPreInitializationEvent to mod lootplusplus
[05:15:45] [Server thread/DEBUG] [FML/]: Bar Step: PreInitialization - Loot++ took 0.125s
[05:15:45] [Server thread/DEBUG] [FML/]: Bar Finished: PreInitialization took 0.752s
[05:15:45] [Server thread/INFO] [FML/]: Applying holder lookups
[05:15:45] [Server thread/INFO] [FML/]: Holder lookups applied
[05:15:45] [Server thread/INFO] [FML/]: Injecting itemstacks
[05:15:45] [Server thread/INFO] [FML/]: Itemstack injection complete
[05:15:46] [Server thread/TRACE] [mcp/mcp]: Sending event FMLInitializationEvent to mod mcp
[05:15:46] [Server thread/TRACE] [mcp/mcp]: Sent event FMLInitializationEvent to mod mcp
[05:15:46] [Server thread/DEBUG] [FML/]: Bar Step: Initialization - Minecraft Coder Pack took 0.000s
[05:15:46] [Server thread/TRACE] [FML/FML]: Sending event FMLInitializationEvent to mod FML
[05:15:46] [Server thread/TRACE] [FML/FML]: Sent event FMLInitializationEvent to mod FML
[05:15:46] [Server thread/DEBUG] [FML/]: Bar Step: Initialization - Forge Mod Loader took 0.000s
[05:15:46] [Server thread/TRACE] [Forge/Forge]: Sending event FMLInitializationEvent to mod Forge
[05:15:46] [Server thread/TRACE] [Forge/Forge]: Sent event FMLInitializationEvent to mod Forge
[05:15:46] [Server thread/DEBUG] [FML/]: Bar Step: Initialization - Minecraft Forge took 0.000s
[05:15:46] [Server thread/TRACE] [CodeChickenCore/CodeChickenCore]: Sending event FMLInitializationEvent to mod CodeChickenCore
[05:15:46] [Server thread/TRACE] [CodeChickenCore/CodeChickenCore]: Sent event FMLInitializationEvent to mod CodeChickenCore
[05:15:46] [Server thread/DEBUG] [FML/]: Bar Step: Initialization - CodeChicken Core took 0.000s
[05:15:46] [Server thread/TRACE] [NotEnoughItems/NotEnoughItems]: Sending event FMLInitializationEvent to mod NotEnoughItems
[05:15:46] [Server thread/TRACE] [NotEnoughItems/NotEnoughItems]: Sent event FMLInitializationEvent to mod NotEnoughItems
[05:15:46] [Server thread/DEBUG] [FML/]: Bar Step: Initialization - Not Enough Items took 0.032s
[05:15:46] [Server thread/TRACE] [adventurebackpack/adventurebackpack]: Sending event FMLInitializationEvent to mod adventurebackpack
[05:15:46] [Server thread/INFO] [Adventure Backpack/adventurebackpack]: Loaded 70 backpack recipes.
[05:15:46] [Server thread/TRACE] [adventurebackpack/adventurebackpack]: Sent event FMLInitializationEvent to mod adventurebackpack
[05:15:46] [Server thread/DEBUG] [FML/]: Bar Step: Initialization - Adventure Backpack took 0.018s
[05:15:46] [Server thread/TRACE] [BiomeTweaker/BiomeTweaker]: Sending event FMLInitializationEvent to mod BiomeTweaker
[05:15:46] [Server thread/TRACE] [BiomeTweaker/BiomeTweaker]: Sent event FMLInitializationEvent to mod BiomeTweaker
[05:15:46] [Server thread/DEBUG] [FML/]: Bar Step: Initialization - BiomeTweaker took 0.000s
[05:15:46] [Server thread/TRACE] [jinryuujrmcore/jinryuujrmcore]: Sending event FMLInitializationEvent to mod jinryuujrmcore
[05:15:46] [Server thread/INFO] [STDERR/jinryuujrmcore]: [java.lang.Throwable$WrappedPrintStream:println:749]: java.lang.InstantiationException
[05:15:46] [Server thread/INFO] [STDERR/jinryuujrmcore]: [java.lang.Throwable$WrappedPrintStream:println:749]: 	at sun.reflect.InstantiationExceptionConstructorAccessorImpl.newInstance(InstantiationExceptionConstructorAccessorImpl.java:48)
[05:15:46] [Server thread/INFO] [STDERR/jinryuujrmcore]: [java.lang.Throwable$WrappedPrintStream:println:749]: 	at java.lang.reflect.Constructor.newInstance(Constructor.java:423)
[05:15:46] [Server thread/INFO] [STDERR/jinryuujrmcore]: [java.lang.Throwable$WrappedPrintStream:println:749]: 	at cpw.mods.fml.common.eventhandler.EventBus.register(EventBus.java:103)
[05:15:46] [Server thread/INFO] [STDERR/jinryuujrmcore]: [java.lang.Throwable$WrappedPrintStream:println:749]: 	at cpw.mods.fml.common.eventhandler.EventBus.register(EventBus.java:85)
[05:15:46] [Server thread/INFO] [STDERR/jinryuujrmcore]: [java.lang.Throwable$WrappedPrintStream:println:749]: 	at JinRyuu.JRMCore.mod_JRMCore.load(mod_JRMCore.java:136)
[05:15:46] [Server thread/INFO] [STDERR/jinryuujrmcore]: [java.lang.Throwable$WrappedPrintStream:println:749]: 	at sun.reflect.NativeMethodAccessorImpl.invoke0(Native Method)
[05:15:46] [Server thread/INFO] [STDERR/jinryuujrmcore]: [java.lang.Throwable$WrappedPrintStream:println:749]: 	at sun.reflect.NativeMethodAccessorImpl.invoke(NativeMethodAccessorImpl.java:62)
[05:15:46] [Server thread/INFO] [STDERR/jinryuujrmcore]: [java.lang.Throwable$WrappedPrintStream:println:749]: 	at sun.reflect.DelegatingMethodAccessorImpl.invoke(DelegatingMethodAccessorImpl.java:43)
[05:15:46] [Server thread/INFO] [STDERR/jinryuujrmcore]: [java.lang.Throwable$WrappedPrintStream:println:749]: 	at java.lang.reflect.Method.invoke(Method.java:498)
[05:15:46] [Server thread/INFO] [STDERR/jinryuujrmcore]: [java.lang.Throwable$WrappedPrintStream:println:749]: 	at cpw.mods.fml.common.FMLModContainer.handleModStateEvent(FMLModContainer.java:532)
[05:15:46] [Server thread/INFO] [STDERR/jinryuujrmcore]: [java.lang.Throwable$WrappedPrintStream:println:749]: 	at sun.reflect.GeneratedMethodAccessor3.invoke(Unknown Source)
[05:15:46] [Server thread/INFO] [STDERR/jinryuujrmcore]: [java.lang.Throwable$WrappedPrintStream:println:749]: 	at sun.reflect.DelegatingMethodAccessorImpl.invoke(DelegatingMethodAccessorImpl.java:43)
[05:15:46] [Server thread/INFO] [STDERR/jinryuujrmcore]: [java.lang.Throwable$WrappedPrintStream:println:749]: 	at java.lang.reflect.Method.invoke(Method.java:498)
[05:15:46] [Server thread/INFO] [STDERR/jinryuujrmcore]: [java.lang.Throwable$WrappedPrintStream:println:749]: 	at com.google.common.eventbus.EventSubscriber.handleEvent(EventSubscriber.java:74)
[05:15:46] [Server thread/INFO] [STDERR/jinryuujrmcore]: [java.lang.Throwable$WrappedPrintStream:println:749]: 	at com.google.common.eventbus.SynchronizedEventSubscriber.handleEvent(SynchronizedEventSubscriber.java:47)
[05:15:46] [Server thread/INFO] [STDERR/jinryuujrmcore]: [java.lang.Throwable$WrappedPrintStream:println:749]: 	at com.google.common.eventbus.EventBus.dispatch(EventBus.java:322)
[05:15:46] [Server thread/INFO] [STDERR/jinryuujrmcore]: [java.lang.Throwable$WrappedPrintStream:println:749]: 	at com.google.common.eventbus.EventBus.dispatchQueuedEvents(EventBus.java:304)
[05:15:46] [Server thread/INFO] [STDERR/jinryuujrmcore]: [java.lang.Throwable$WrappedPrintStream:println:749]: 	at com.google.common.eventbus.EventBus.post(EventBus.java:275)
[05:15:46] [Server thread/INFO] [STDERR/jinryuujrmcore]: [java.lang.Throwable$WrappedPrintStream:println:749]: 	at cpw.mods.fml.common.LoadController.sendEventToModContainer(LoadController.java:212)
[05:15:46] [Server thread/INFO] [STDERR/jinryuujrmcore]: [java.lang.Throwable$WrappedPrintStream:println:749]: 	at cpw.mods.fml.common.LoadController.propogateStateMessage(LoadController.java:190)
[05:15:46] [Server thread/INFO] [STDERR/jinryuujrmcore]: [java.lang.Throwable$WrappedPrintStream:println:749]: 	at sun.reflect.NativeMethodAccessorImpl.invoke0(Native Method)
[05:15:46] [Server thread/INFO] [STDERR/jinryuujrmcore]: [java.lang.Throwable$WrappedPrintStream:println:749]: 	at sun.reflect.NativeMethodAccessorImpl.invoke(NativeMethodAccessorImpl.java:62)
[05:15:46] [Server thread/INFO] [STDERR/jinryuujrmcore]: [java.lang.Throwable$WrappedPrintStream:println:749]: 	at sun.reflect.DelegatingMethodAccessorImpl.invoke(DelegatingMethodAccessorImpl.java:43)
[05:15:46] [Server thread/INFO] [STDERR/jinryuujrmcore]: [java.lang.Throwable$WrappedPrintStream:println:749]: 	at java.lang.reflect.Method.invoke(Method.java:498)
[05:15:46] [Server thread/INFO] [STDERR/jinryuujrmcore]: [java.lang.Throwable$WrappedPrintStream:println:749]: 	at com.google.common.eventbus.EventSubscriber.handleEvent(EventSubscriber.java:74)
[05:15:46] [Server thread/INFO] [STDERR/jinryuujrmcore]: [java.lang.Throwable$WrappedPrintStream:println:749]: 	at com.google.common.eventbus.SynchronizedEventSubscriber.handleEvent(SynchronizedEventSubscriber.java:47)
[05:15:46] [Server thread/INFO] [STDERR/jinryuujrmcore]: [java.lang.Throwable$WrappedPrintStream:println:749]: 	at com.google.common.eventbus.EventBus.dispatch(EventBus.java:322)
[05:15:46] [Server thread/INFO] [STDERR/jinryuujrmcore]: [java.lang.Throwable$WrappedPrintStream:println:749]: 	at com.google.common.eventbus.EventBus.dispatchQueuedEvents(EventBus.java:304)
[05:15:46] [Server thread/INFO] [STDERR/jinryuujrmcore]: [java.lang.Throwable$WrappedPrintStream:println:749]: 	at com.google.common.eventbus.EventBus.post(EventBus.java:275)
[05:15:46] [Server thread/INFO] [STDERR/jinryuujrmcore]: [java.lang.Throwable$WrappedPrintStream:println:749]: 	at cpw.mods.fml.common.LoadController.distributeStateMessage(LoadController.java:119)
[05:15:46] [Server thread/INFO] [STDERR/jinryuujrmcore]: [java.lang.Throwable$WrappedPrintStream:println:749]: 	at cpw.mods.fml.common.Loader.initializeMods(Loader.java:737)
[05:15:46] [Server thread/INFO] [STDERR/jinryuujrmcore]: [java.lang.Throwable$WrappedPrintStream:println:749]: 	at cpw.mods.fml.server.FMLServerHandler.finishServerLoading(FMLServerHandler.java:97)
[05:15:46] [Server thread/INFO] [STDERR/jinryuujrmcore]: [java.lang.Throwable$WrappedPrintStream:println:749]: 	at cpw.mods.fml.common.FMLCommonHandler.onServerStarted(FMLCommonHandler.java:319)
[05:15:46] [Server thread/INFO] [STDERR/jinryuujrmcore]: [java.lang.Throwable$WrappedPrintStream:println:749]: 	at net.minecraft.server.dedicated.DedicatedServer.func_71197_b(DedicatedServer.java:210)
[05:15:46] [Server thread/INFO] [STDERR/jinryuujrmcore]: [java.lang.Throwable$WrappedPrintStream:println:749]: 	at net.minecraft.server.MinecraftServer.run(MinecraftServer.java:387)
[05:15:46] [Server thread/INFO] [STDERR/jinryuujrmcore]: [java.lang.Throwable$WrappedPrintStream:println:749]: 	at net.minecraft.server.MinecraftServer$2.run(MinecraftServer.java:685)
[05:15:46] [Server thread/INFO] [STDERR/jinryuujrmcore]: [java.lang.Throwable$WrappedPrintStream:println:749]: java.lang.InstantiationException
[05:15:46] [Server thread/INFO] [STDERR/jinryuujrmcore]: [java.lang.Throwable$WrappedPrintStream:println:749]: 	at sun.reflect.InstantiationExceptionConstructorAccessorImpl.newInstance(InstantiationExceptionConstructorAccessorImpl.java:48)
[05:15:46] [Server thread/INFO] [STDERR/jinryuujrmcore]: [java.lang.Throwable$WrappedPrintStream:println:749]: 	at java.lang.reflect.Constructor.newInstance(Constructor.java:423)
[05:15:46] [Server thread/INFO] [STDERR/jinryuujrmcore]: [java.lang.Throwable$WrappedPrintStream:println:749]: 	at cpw.mods.fml.common.eventhandler.EventBus.register(EventBus.java:103)
[05:15:46] [Server thread/INFO] [STDERR/jinryuujrmcore]: [java.lang.Throwable$WrappedPrintStream:println:749]: 	at cpw.mods.fml.common.eventhandler.EventBus.register(EventBus.java:85)
[05:15:46] [Server thread/INFO] [STDERR/jinryuujrmcore]: [java.lang.Throwable$WrappedPrintStream:println:749]: 	at JinRyuu.JRMCore.mod_JRMCore.load(mod_JRMCore.java:138)
[05:15:46] [Server thread/INFO] [STDERR/jinryuujrmcore]: [java.lang.Throwable$WrappedPrintStream:println:749]: 	at sun.reflect.NativeMethodAccessorImpl.invoke0(Native Method)
[05:15:46] [Server thread/INFO] [STDERR/jinryuujrmcore]: [java.lang.Throwable$WrappedPrintStream:println:749]: 	at sun.reflect.NativeMethodAccessorImpl.invoke(NativeMethodAccessorImpl.java:62)
[05:15:46] [Server thread/INFO] [STDERR/jinryuujrmcore]: [java.lang.Throwable$WrappedPrintStream:println:749]: 	at sun.reflect.DelegatingMethodAccessorImpl.invoke(DelegatingMethodAccessorImpl.java:43)
[05:15:46] [Server thread/INFO] [STDERR/jinryuujrmcore]: [java.lang.Throwable$WrappedPrintStream:println:749]: 	at java.lang.reflect.Method.invoke(Method.java:498)
[05:15:46] [Server thread/INFO] [STDERR/jinryuujrmcore]: [java.lang.Throwable$WrappedPrintStream:println:749]: 	at cpw.mods.fml.common.FMLModContainer.handleModStateEvent(FMLModContainer.java:532)
[05:15:46] [Server thread/INFO] [STDERR/jinryuujrmcore]: [java.lang.Throwable$WrappedPrintStream:println:749]: 	at sun.reflect.GeneratedMethodAccessor3.invoke(Unknown Source)
[05:15:46] [Server thread/INFO] [STDERR/jinryuujrmcore]: [java.lang.Throwable$WrappedPrintStream:println:749]: 	at sun.reflect.DelegatingMethodAccessorImpl.invoke(DelegatingMethodAccessorImpl.java:43)
[05:15:46] [Server thread/INFO] [STDERR/jinryuujrmcore]: [java.lang.Throwable$WrappedPrintStream:println:749]: 	at java.lang.reflect.Method.invoke(Method.java:498)
[05:15:46] [Server thread/INFO] [STDERR/jinryuujrmcore]: [java.lang.Throwable$WrappedPrintStream:println:749]: 	at com.google.common.eventbus.EventSubscriber.handleEvent(EventSubscriber.java:74)
[05:15:46] [Server thread/INFO] [STDERR/jinryuujrmcore]: [java.lang.Throwable$WrappedPrintStream:println:749]: 	at com.google.common.eventbus.SynchronizedEventSubscriber.handleEvent(SynchronizedEventSubscriber.java:47)
[05:15:46] [Server thread/INFO] [STDERR/jinryuujrmcore]: [java.lang.Throwable$WrappedPrintStream:println:749]: 	at com.google.common.eventbus.EventBus.dispatch(EventBus.java:322)
[05:15:46] [Server thread/INFO] [STDERR/jinryuujrmcore]: [java.lang.Throwable$WrappedPrintStream:println:749]: 	at com.google.common.eventbus.EventBus.dispatchQueuedEvents(EventBus.java:304)
[05:15:46] [Server thread/INFO] [STDERR/jinryuujrmcore]: [java.lang.Throwable$WrappedPrintStream:println:749]: 	at com.google.common.eventbus.EventBus.post(EventBus.java:275)
[05:15:46] [Server thread/INFO] [STDERR/jinryuujrmcore]: [java.lang.Throwable$WrappedPrintStream:println:749]: 	at cpw.mods.fml.common.LoadController.sendEventToModContainer(LoadController.java:212)
[05:15:46] [Server thread/INFO] [STDERR/jinryuujrmcore]: [java.lang.Throwable$WrappedPrintStream:println:749]: 	at cpw.mods.fml.common.LoadController.propogateStateMessage(LoadController.java:190)
[05:15:46] [Server thread/INFO] [STDERR/jinryuujrmcore]: [java.lang.Throwable$WrappedPrintStream:println:749]: 	at sun.reflect.NativeMethodAccessorImpl.invoke0(Native Method)
[05:15:46] [Server thread/INFO] [STDERR/jinryuujrmcore]: [java.lang.Throwable$WrappedPrintStream:println:749]: 	at sun.reflect.NativeMethodAccessorImpl.invoke(NativeMethodAccessorImpl.java:62)
[05:15:46] [Server thread/INFO] [STDERR/jinryuujrmcore]: [java.lang.Throwable$WrappedPrintStream:println:749]: 	at sun.reflect.DelegatingMethodAccessorImpl.invoke(DelegatingMethodAccessorImpl.java:43)
[05:15:46] [Server thread/INFO] [STDERR/jinryuujrmcore]: [java.lang.Throwable$WrappedPrintStream:println:749]: 	at java.lang.reflect.Method.invoke(Method.java:498)
[05:15:46] [Server thread/INFO] [STDERR/jinryuujrmcore]: [java.lang.Throwable$WrappedPrintStream:println:749]: 	at com.google.common.eventbus.EventSubscriber.handleEvent(EventSubscriber.java:74)
[05:15:46] [Server thread/INFO] [STDERR/jinryuujrmcore]: [java.lang.Throwable$WrappedPrintStream:println:749]: 	at com.google.common.eventbus.SynchronizedEventSubscriber.handleEvent(SynchronizedEventSubscriber.java:47)
[05:15:46] [Server thread/INFO] [STDERR/jinryuujrmcore]: [java.lang.Throwable$WrappedPrintStream:println:749]: 	at com.google.common.eventbus.EventBus.dispatch(EventBus.java:322)
[05:15:46] [Server thread/INFO] [STDERR/jinryuujrmcore]: [java.lang.Throwable$WrappedPrintStream:println:749]: 	at com.google.common.eventbus.EventBus.dispatchQueuedEvents(EventBus.java:304)
[05:15:46] [Server thread/INFO] [STDERR/jinryuujrmcore]: [java.lang.Throwable$WrappedPrintStream:println:749]: 	at com.google.common.eventbus.EventBus.post(EventBus.java:275)
[05:15:46] [Server thread/INFO] [STDERR/jinryuujrmcore]: [java.lang.Throwable$WrappedPrintStream:println:749]: 	at cpw.mods.fml.common.LoadController.distributeStateMessage(LoadController.java:119)
[05:15:46] [Server thread/INFO] [STDERR/jinryuujrmcore]: [java.lang.Throwable$WrappedPrintStream:println:749]: 	at cpw.mods.fml.common.Loader.initializeMods(Loader.java:737)
[05:15:46] [Server thread/INFO] [STDERR/jinryuujrmcore]: [java.lang.Throwable$WrappedPrintStream:println:749]: 	at cpw.mods.fml.server.FMLServerHandler.finishServerLoading(FMLServerHandler.java:97)
[05:15:46] [Server thread/INFO] [STDERR/jinryuujrmcore]: [java.lang.Throwable$WrappedPrintStream:println:749]: 	at cpw.mods.fml.common.FMLCommonHandler.onServerStarted(FMLCommonHandler.java:319)
[05:15:46] [Server thread/INFO] [STDERR/jinryuujrmcore]: [java.lang.Throwable$WrappedPrintStream:println:749]: 	at net.minecraft.server.dedicated.DedicatedServer.func_71197_b(DedicatedServer.java:210)
[05:15:46] [Server thread/INFO] [STDERR/jinryuujrmcore]: [java.lang.Throwable$WrappedPrintStream:println:749]: 	at net.minecraft.server.MinecraftServer.run(MinecraftServer.java:387)
[05:15:46] [Server thread/INFO] [STDERR/jinryuujrmcore]: [java.lang.Throwable$WrappedPrintStream:println:749]: 	at net.minecraft.server.MinecraftServer$2.run(MinecraftServer.java:685)
[05:15:46] [Server thread/TRACE] [FML/jinryuujrmcore]: Automatically registered mod jinryuujrmcore entity JutsuAttack as jinryuujrmcore.JutsuAttack
[05:15:46] [Server thread/TRACE] [FML/jinryuujrmcore]: Automatically registered mod jinryuujrmcore entity JutsuAttack2 as jinryuujrmcore.JutsuAttack2
[05:15:46] [Server thread/TRACE] [FML/jinryuujrmcore]: Automatically registered mod jinryuujrmcore entity JutsuAttack3 as jinryuujrmcore.JutsuAttack3
[05:15:46] [Server thread/TRACE] [FML/jinryuujrmcore]: Automatically registered mod jinryuujrmcore entity TrainingShadowDummy as jinryuujrmcore.TrainingShadowDummy
[05:15:46] [Server thread/TRACE] [FML/jinryuujrmcore]: Automatically registered mod jinryuujrmcore entity JGMasterSafeZone as jinryuujrmcore.JGMasterSafeZone
[05:15:46] [Server thread/TRACE] [jinryuujrmcore/jinryuujrmcore]: Sent event FMLInitializationEvent to mod jinryuujrmcore
[05:15:46] [Server thread/DEBUG] [FML/]: Bar Step: Initialization - JinRyuu's JRMCore took 0.137s
[05:15:46] [Server thread/TRACE] [jinryuudragonblockc/jinryuudragonblockc]: Sending event FMLInitializationEvent to mod jinryuudragonblockc
[05:15:46] [Server thread/WARN] [FML/jinryuudragonblockc]: Redundant call to BiomeDictionary.registerAllBiomes ignored
[05:15:47] [Server thread/INFO] [jinryuudragonblockc/jinryuudragonblockc]: Initialization Completed
[05:15:47] [Server thread/TRACE] [FML/jinryuudragonblockc]: Automatically registered mod jinryuudragonblockc entity Dragonp as jinryuudragonblockc.Dragonp
[05:15:47] [Server thread/TRACE] [FML/jinryuudragonblockc]: Automatically registered mod jinryuudragonblockc entity Dragonp2 as jinryuudragonblockc.Dragonp2
[05:15:47] [Server thread/TRACE] [FML/jinryuudragonblockc]: Automatically registered mod jinryuudragonblockc entity Dragon2 as jinryuudragonblockc.Dragon2
[05:15:47] [Server thread/TRACE] [FML/jinryuudragonblockc]: Automatically registered mod jinryuudragonblockc entity Dragon as jinryuudragonblockc.Dragon
[05:15:47] [Server thread/TRACE] [FML/jinryuudragonblockc]: Automatically registered mod jinryuudragonblockc entity Raditz as jinryuudragonblockc.Raditz
[05:15:47] [Server thread/TRACE] [FML/jinryuudragonblockc]: Automatically registered mod jinryuudragonblockc entity Nappa as jinryuudragonblockc.Nappa
[05:15:47] [Server thread/TRACE] [FML/jinryuudragonblockc]: Automatically registered mod jinryuudragonblockc entity Vegeta as jinryuudragonblockc.Vegeta
[05:15:47] [Server thread/TRACE] [FML/jinryuudragonblockc]: Automatically registered mod jinryuudragonblockc entity Saibaiman as jinryuudragonblockc.Saibaiman
[05:15:47] [Server thread/TRACE] [FML/jinryuudragonblockc]: Automatically registered mod jinryuudragonblockc entity Saiyan01 as jinryuudragonblockc.Saiyan01
[05:15:47] [Server thread/TRACE] [FML/jinryuudragonblockc]: Automatically registered mod jinryuudragonblockc entity Saiyan02 as jinryuudragonblockc.Saiyan02
[05:15:47] [Server thread/TRACE] [FML/jinryuudragonblockc]: Automatically registered mod jinryuudragonblockc entity Kiwi as jinryuudragonblockc.Kiwi
[05:15:47] [Server thread/TRACE] [FML/jinryuudragonblockc]: Automatically registered mod jinryuudragonblockc entity Dodoria as jinryuudragonblockc.Dodoria
[05:15:47] [Server thread/TRACE] [FML/jinryuudragonblockc]: Automatically registered mod jinryuudragonblockc entity Zarbon as jinryuudragonblockc.Zarbon
[05:15:47] [Server thread/TRACE] [FML/jinryuudragonblockc]: Automatically registered mod jinryuudragonblockc entity Guldo as jinryuudragonblockc.Guldo
[05:15:47] [Server thread/TRACE] [FML/jinryuudragonblockc]: Automatically registered mod jinryuudragonblockc entity Recoome as jinryuudragonblockc.Recoome
[05:15:47] [Server thread/TRACE] [FML/jinryuudragonblockc]: Automatically registered mod jinryuudragonblockc entity Barta as jinryuudragonblockc.Barta
[05:15:47] [Server thread/TRACE] [FML/jinryuudragonblockc]: Automatically registered mod jinryuudragonblockc entity Jeice as jinryuudragonblockc.Jeice
[05:15:47] [Server thread/TRACE] [FML/jinryuudragonblockc]: Automatically registered mod jinryuudragonblockc entity Ginyu as jinryuudragonblockc.Ginyu
[05:15:47] [Server thread/TRACE] [FML/jinryuudragonblockc]: Automatically registered mod jinryuudragonblockc entity FreezaSoldier1 as jinryuudragonblockc.FreezaSoldier1
[05:15:47] [Server thread/TRACE] [FML/jinryuudragonblockc]: Automatically registered mod jinryuudragonblockc entity FreezaSoldier2 as jinryuudragonblockc.FreezaSoldier2
[05:15:47] [Server thread/TRACE] [FML/jinryuudragonblockc]: Automatically registered mod jinryuudragonblockc entity FreezaSoldier3 as jinryuudragonblockc.FreezaSoldier3
[05:15:47] [Server thread/TRACE] [FML/jinryuudragonblockc]: Automatically registered mod jinryuudragonblockc entity Freeza1 as jinryuudragonblockc.Freeza1
[05:15:47] [Server thread/TRACE] [FML/jinryuudragonblockc]: Automatically registered mod jinryuudragonblockc entity Freeza2 as jinryuudragonblockc.Freeza2
[05:15:47] [Server thread/TRACE] [FML/jinryuudragonblockc]: Automatically registered mod jinryuudragonblockc entity Freeza3 as jinryuudragonblockc.Freeza3
[05:15:47] [Server thread/TRACE] [FML/jinryuudragonblockc]: Automatically registered mod jinryuudragonblockc entity Freeza4 as jinryuudragonblockc.Freeza4
[05:15:47] [Server thread/TRACE] [FML/jinryuudragonblockc]: Automatically registered mod jinryuudragonblockc entity Freeza5 as jinryuudragonblockc.Freeza5
[05:15:47] [Server thread/TRACE] [FML/jinryuudragonblockc]: Automatically registered mod jinryuudragonblockc entity Freeza6 as jinryuudragonblockc.Freeza6
[05:15:47] [Server thread/TRACE] [FML/jinryuudragonblockc]: Automatically registered mod jinryuudragonblockc entity KingCold as jinryuudragonblockc.KingCold
[05:15:47] [Server thread/TRACE] [FML/jinryuudragonblockc]: Automatically registered mod jinryuudragonblockc entity MechaFreeza as jinryuudragonblockc.MechaFreeza
[05:15:47] [Server thread/TRACE] [FML/jinryuudragonblockc]: Automatically registered mod jinryuudragonblockc entity Cyborg16 as jinryuudragonblockc.Cyborg16
[05:15:47] [Server thread/TRACE] [FML/jinryuudragonblockc]: Automatically registered mod jinryuudragonblockc entity Cyborg17 as jinryuudragonblockc.Cyborg17
[05:15:47] [Server thread/TRACE] [FML/jinryuudragonblockc]: Automatically registered mod jinryuudragonblockc entity Cyborg18 as jinryuudragonblockc.Cyborg18
[05:15:47] [Server thread/TRACE] [FML/jinryuudragonblockc]: Automatically registered mod jinryuudragonblockc entity Cyborg19 as jinryuudragonblockc.Cyborg19
[05:15:47] [Server thread/TRACE] [FML/jinryuudragonblockc]: Automatically registered mod jinryuudragonblockc entity Cyborg20 as jinryuudragonblockc.Cyborg20
[05:15:47] [Server thread/TRACE] [FML/jinryuudragonblockc]: Automatically registered mod jinryuudragonblockc entity Cell1 as jinryuudragonblockc.Cell1
[05:15:47] [Server thread/TRACE] [FML/jinryuudragonblockc]: Automatically registered mod jinryuudragonblockc entity Cell2 as jinryuudragonblockc.Cell2
[05:15:47] [Server thread/TRACE] [FML/jinryuudragonblockc]: Automatically registered mod jinryuudragonblockc entity Cell3 as jinryuudragonblockc.Cell3
[05:15:47] [Server thread/TRACE] [FML/jinryuudragonblockc]: Automatically registered mod jinryuudragonblockc entity Cell4 as jinryuudragonblockc.Cell4
[05:15:47] [Server thread/TRACE] [FML/jinryuudragonblockc]: Automatically registered mod jinryuudragonblockc entity SpacePod as jinryuudragonblockc.SpacePod
[05:15:47] [Server thread/TRACE] [FML/jinryuudragonblockc]: Automatically registered mod jinryuudragonblockc entity Kintoun as jinryuudragonblockc.Kintoun
[05:15:47] [Server thread/TRACE] [FML/jinryuudragonblockc]: Automatically registered mod jinryuudragonblockc entity KintounBlack as jinryuudragonblockc.KintounBlack
[05:15:47] [Server thread/TRACE] [FML/jinryuudragonblockc]: Automatically registered mod jinryuudragonblockc entity hell01 as jinryuudragonblockc.hell01
[05:15:47] [Server thread/TRACE] [FML/jinryuudragonblockc]: Automatically registered mod jinryuudragonblockc entity hell02 as jinryuudragonblockc.hell02
[05:15:47] [Server thread/TRACE] [FML/jinryuudragonblockc]: Automatically registered mod jinryuudragonblockc entity enma as jinryuudragonblockc.enma
[05:15:47] [Server thread/TRACE] [FML/jinryuudragonblockc]: Automatically registered mod jinryuudragonblockc entity Namekian01 as jinryuudragonblockc.Namekian01
[05:15:47] [Server thread/TRACE] [FML/jinryuudragonblockc]: Automatically registered mod jinryuudragonblockc entity Namekian03 as jinryuudragonblockc.Namekian03
[05:15:47] [Server thread/TRACE] [FML/jinryuudragonblockc]: Automatically registered mod jinryuudragonblockc entity kami as jinryuudragonblockc.kami
[05:15:47] [Server thread/TRACE] [FML/jinryuudragonblockc]: Automatically registered mod jinryuudragonblockc entity northkaio as jinryuudragonblockc.northkaio
[05:15:47] [Server thread/TRACE] [FML/jinryuudragonblockc]: Automatically registered mod jinryuudragonblockc entity karin as jinryuudragonblockc.karin
[05:15:47] [Server thread/TRACE] [FML/jinryuudragonblockc]: Automatically registered mod jinryuudragonblockc entity roshi as jinryuudragonblockc.roshi
[05:15:47] [Server thread/TRACE] [FML/jinryuudragonblockc]: Automatically registered mod jinryuudragonblockc entity cellmaster as jinryuudragonblockc.cellmaster
[05:15:47] [Server thread/TRACE] [FML/jinryuudragonblockc]: Automatically registered mod jinryuudragonblockc entity gokumaster as jinryuudragonblockc.gokumaster
[05:15:47] [Server thread/TRACE] [FML/jinryuudragonblockc]: Automatically registered mod jinryuudragonblockc entity gohanmaster as jinryuudragonblockc.gohanmaster
[05:15:47] [Server thread/TRACE] [FML/jinryuudragonblockc]: Automatically registered mod jinryuudragonblockc entity trunksfuturemaster as jinryuudragonblockc.trunksfuturemaster
[05:15:47] [Server thread/TRACE] [FML/jinryuudragonblockc]: Automatically registered mod jinryuudragonblockc entity Freezamaster as jinryuudragonblockc.Freezamaster
[05:15:47] [Server thread/TRACE] [FML/jinryuudragonblockc]: Automatically registered mod jinryuudragonblockc entity jin as jinryuudragonblockc.jin
[05:15:47] [Server thread/TRACE] [FML/jinryuudragonblockc]: Automatically registered mod jinryuudragonblockc entity gurumaster as jinryuudragonblockc.gurumaster
[05:15:47] [Server thread/TRACE] [FML/jinryuudragonblockc]: Automatically registered mod jinryuudragonblockc entity whismaster as jinryuudragonblockc.whismaster
[05:15:47] [Server thread/TRACE] [FML/jinryuudragonblockc]: Automatically registered mod jinryuudragonblockc entity EntityDino01 as jinryuudragonblockc.EntityDino01
[05:15:47] [Server thread/TRACE] [FML/jinryuudragonblockc]: Automatically registered mod jinryuudragonblockc entity EntityDino02 as jinryuudragonblockc.EntityDino02
[05:15:47] [Server thread/TRACE] [FML/jinryuudragonblockc]: Automatically registered mod jinryuudragonblockc entity EntityDino03 as jinryuudragonblockc.EntityDino03
[05:15:47] [Server thread/TRACE] [FML/jinryuudragonblockc]: Automatically registered mod jinryuudragonblockc entity EntityRRMecha as jinryuudragonblockc.EntityRRMecha
[05:15:47] [Server thread/TRACE] [FML/jinryuudragonblockc]: Automatically registered mod jinryuudragonblockc entity EntitySabertooth as jinryuudragonblockc.EntitySabertooth
[05:15:47] [Server thread/TRACE] [FML/jinryuudragonblockc]: Automatically registered mod jinryuudragonblockc entity EnergyAttack as jinryuudragonblockc.EnergyAttack
[05:15:47] [Server thread/TRACE] [FML/jinryuudragonblockc]: Automatically registered mod jinryuudragonblockc entity DBCProjectile_1 as jinryuudragonblockc.DBCProjectile_1
[05:15:47] [Server thread/TRACE] [FML/jinryuudragonblockc]: Automatically registered mod jinryuudragonblockc entity Puipui as jinryuudragonblockc.Puipui
[05:15:47] [Server thread/TRACE] [FML/jinryuudragonblockc]: Automatically registered mod jinryuudragonblockc entity Yakon as jinryuudragonblockc.Yakon
[05:15:47] [Server thread/TRACE] [FML/jinryuudragonblockc]: Automatically registered mod jinryuudragonblockc entity Darbura as jinryuudragonblockc.Darbura
[05:15:47] [Server thread/TRACE] [FML/jinryuudragonblockc]: Automatically registered mod jinryuudragonblockc entity BuuFat as jinryuudragonblockc.BuuFat
[05:15:47] [Server thread/TRACE] [FML/jinryuudragonblockc]: Automatically registered mod jinryuudragonblockc entity BuuSuper as jinryuudragonblockc.BuuSuper
[05:15:47] [Server thread/TRACE] [FML/jinryuudragonblockc]: Automatically registered mod jinryuudragonblockc entity masterbabidi as jinryuudragonblockc.masterbabidi
[05:15:47] [Server thread/TRACE] [FML/jinryuudragonblockc]: Automatically registered mod jinryuudragonblockc entity Beerus as jinryuudragonblockc.Beerus
[05:15:47] [Server thread/TRACE] [FML/jinryuudragonblockc]: Automatically registered mod jinryuudragonblockc entity masterpiccolo as jinryuudragonblockc.masterpiccolo
[05:15:47] [Server thread/TRACE] [FML/jinryuudragonblockc]: Automatically registered mod jinryuudragonblockc entity mastervegeta as jinryuudragonblockc.mastervegeta
[05:15:47] [Server thread/TRACE] [FML/jinryuudragonblockc]: Automatically registered mod jinryuudragonblockc entity Zarbon2 as jinryuudragonblockc.Zarbon2
[05:15:47] [Server thread/TRACE] [FML/jinryuudragonblockc]: Automatically registered mod jinryuudragonblockc entity FreezaGolden as jinryuudragonblockc.FreezaGolden
[05:15:47] [Server thread/TRACE] [FML/jinryuudragonblockc]: Automatically registered mod jinryuudragonblockc entity KiFakeMoon as jinryuudragonblockc.KiFakeMoon
[05:15:47] [Server thread/TRACE] [FML/jinryuudragonblockc]: Automatically registered mod jinryuudragonblockc entity EntityNamekFrog as jinryuudragonblockc.EntityNamekFrog
[05:15:47] [Server thread/TRACE] [FML/jinryuudragonblockc]: Automatically registered mod jinryuudragonblockc entity CellJr as jinryuudragonblockc.CellJr
[05:15:47] [Server thread/TRACE] [FML/jinryuudragonblockc]: Automatically registered mod jinryuudragonblockc entity BuuEvil as jinryuudragonblockc.BuuEvil
[05:15:47] [Server thread/TRACE] [FML/jinryuudragonblockc]: Automatically registered mod jinryuudragonblockc entity BuuFusion as jinryuudragonblockc.BuuFusion
[05:15:47] [Server thread/TRACE] [FML/jinryuudragonblockc]: Automatically registered mod jinryuudragonblockc entity BuuPiccolo as jinryuudragonblockc.BuuPiccolo
[05:15:47] [Server thread/TRACE] [FML/jinryuudragonblockc]: Automatically registered mod jinryuudragonblockc entity BuuUltimate as jinryuudragonblockc.BuuUltimate
[05:15:47] [Server thread/TRACE] [FML/jinryuudragonblockc]: Automatically registered mod jinryuudragonblockc entity BuuBuffed as jinryuudragonblockc.BuuBuffed
[05:15:47] [Server thread/TRACE] [FML/jinryuudragonblockc]: Automatically registered mod jinryuudragonblockc entity BuuKid as jinryuudragonblockc.BuuKid
[05:15:47] [Server thread/TRACE] [FML/jinryuudragonblockc]: Automatically registered mod jinryuudragonblockc entity Berryblue as jinryuudragonblockc.Berryblue
[05:15:47] [Server thread/TRACE] [FML/jinryuudragonblockc]: Automatically registered mod jinryuudragonblockc entity BeerusMonaka as jinryuudragonblockc.BeerusMonaka
[05:15:47] [Server thread/TRACE] [FML/jinryuudragonblockc]: Automatically registered mod jinryuudragonblockc entity BeerusMonaka2 as jinryuudragonblockc.BeerusMonaka2
[05:15:47] [Server thread/TRACE] [FML/jinryuudragonblockc]: Automatically registered mod jinryuudragonblockc entity BeerusMonaka3 as jinryuudragonblockc.BeerusMonaka3
[05:15:47] [Server thread/TRACE] [FML/jinryuudragonblockc]: Automatically registered mod jinryuudragonblockc entity Botamo as jinryuudragonblockc.Botamo
[05:15:48] [Server thread/TRACE] [FML/jinryuudragonblockc]: Automatically registered mod jinryuudragonblockc entity Champa as jinryuudragonblockc.Champa
[05:15:48] [Server thread/TRACE] [FML/jinryuudragonblockc]: Automatically registered mod jinryuudragonblockc entity Frost1 as jinryuudragonblockc.Frost1
[05:15:48] [Server thread/TRACE] [FML/jinryuudragonblockc]: Automatically registered mod jinryuudragonblockc entity Frost2 as jinryuudragonblockc.Frost2
[05:15:48] [Server thread/TRACE] [FML/jinryuudragonblockc]: Automatically registered mod jinryuudragonblockc entity Frost3 as jinryuudragonblockc.Frost3
[05:15:48] [Server thread/TRACE] [FML/jinryuudragonblockc]: Automatically registered mod jinryuudragonblockc entity Frost4 as jinryuudragonblockc.Frost4
[05:15:48] [Server thread/TRACE] [FML/jinryuudragonblockc]: Automatically registered mod jinryuudragonblockc entity Frost5 as jinryuudragonblockc.Frost5
[05:15:48] [Server thread/TRACE] [FML/jinryuudragonblockc]: Automatically registered mod jinryuudragonblockc entity Frost6 as jinryuudragonblockc.Frost6
[05:15:48] [Server thread/TRACE] [FML/jinryuudragonblockc]: Automatically registered mod jinryuudragonblockc entity Hit as jinryuudragonblockc.Hit
[05:15:48] [Server thread/TRACE] [FML/jinryuudragonblockc]: Automatically registered mod jinryuudragonblockc entity Krillin as jinryuudragonblockc.Krillin
[05:15:48] [Server thread/TRACE] [FML/jinryuudragonblockc]: Automatically registered mod jinryuudragonblockc entity Magetta as jinryuudragonblockc.Magetta
[05:15:48] [Server thread/TRACE] [FML/jinryuudragonblockc]: Automatically registered mod jinryuudragonblockc entity Monaka as jinryuudragonblockc.Monaka
[05:15:48] [Server thread/TRACE] [FML/jinryuudragonblockc]: Automatically registered mod jinryuudragonblockc entity Roshi_super as jinryuudragonblockc.Roshi_super
[05:15:48] [Server thread/TRACE] [FML/jinryuudragonblockc]: Automatically registered mod jinryuudragonblockc entity Shisami as jinryuudragonblockc.Shisami
[05:15:48] [Server thread/TRACE] [FML/jinryuudragonblockc]: Automatically registered mod jinryuudragonblockc entity Sorbet as jinryuudragonblockc.Sorbet
[05:15:48] [Server thread/TRACE] [FML/jinryuudragonblockc]: Automatically registered mod jinryuudragonblockc entity Tagoma as jinryuudragonblockc.Tagoma
[05:15:48] [Server thread/TRACE] [FML/jinryuudragonblockc]: Automatically registered mod jinryuudragonblockc entity Vados as jinryuudragonblockc.Vados
[05:15:48] [Server thread/TRACE] [FML/jinryuudragonblockc]: Automatically registered mod jinryuudragonblockc entity Whis as jinryuudragonblockc.Whis
[05:15:48] [Server thread/TRACE] [FML/jinryuudragonblockc]: Automatically registered mod jinryuudragonblockc entity GokuBlack as jinryuudragonblockc.GokuBlack
[05:15:48] [Server thread/TRACE] [FML/jinryuudragonblockc]: Automatically registered mod jinryuudragonblockc entity GokuBlackRose as jinryuudragonblockc.GokuBlackRose
[05:15:48] [Server thread/TRACE] [FML/jinryuudragonblockc]: Automatically registered mod jinryuudragonblockc entity VegetaCopy as jinryuudragonblockc.VegetaCopy
[05:15:48] [Server thread/TRACE] [FML/jinryuudragonblockc]: Automatically registered mod jinryuudragonblockc entity VegetaCopyBlue as jinryuudragonblockc.VegetaCopyBlue
[05:15:48] [Server thread/TRACE] [FML/jinryuudragonblockc]: Automatically registered mod jinryuudragonblockc entity Cabba as jinryuudragonblockc.Cabba
[05:15:48] [Server thread/TRACE] [FML/jinryuudragonblockc]: Automatically registered mod jinryuudragonblockc entity CabbaSSJ as jinryuudragonblockc.CabbaSSJ
[05:15:48] [Server thread/TRACE] [FML/jinryuudragonblockc]: Automatically registered mod jinryuudragonblockc entity Zamasu as jinryuudragonblockc.Zamasu
[05:15:48] [Server thread/TRACE] [FML/jinryuudragonblockc]: Automatically registered mod jinryuudragonblockc entity Zamasu_fused as jinryuudragonblockc.Zamasu_fused
[05:15:48] [Server thread/TRACE] [FML/jinryuudragonblockc]: Automatically registered mod jinryuudragonblockc entity Zamasu_fused2 as jinryuudragonblockc.Zamasu_fused2
[05:15:48] [Server thread/TRACE] [FML/jinryuudragonblockc]: Automatically registered mod jinryuudragonblockc entity Zamasu_fused3 as jinryuudragonblockc.Zamasu_fused3
[05:15:48] [Server thread/TRACE] [FML/jinryuudragonblockc]: Automatically registered mod jinryuudragonblockc entity Zeno as jinryuudragonblockc.Zeno
[05:15:48] [Server thread/TRACE] [FML/jinryuudragonblockc]: Automatically registered mod jinryuudragonblockc entity Goku_enemy as jinryuudragonblockc.Goku_enemy
[05:15:48] [Server thread/TRACE] [FML/jinryuudragonblockc]: Automatically registered mod jinryuudragonblockc entity Goku_enemy2 as jinryuudragonblockc.Goku_enemy2
[05:15:48] [Server thread/TRACE] [FML/jinryuudragonblockc]: Automatically registered mod jinryuudragonblockc entity Goku_enemy3 as jinryuudragonblockc.Goku_enemy3
[05:15:48] [Server thread/TRACE] [FML/jinryuudragonblockc]: Automatically registered mod jinryuudragonblockc entity Goku_enemy4 as jinryuudragonblockc.Goku_enemy4
[05:15:48] [Server thread/TRACE] [FML/jinryuudragonblockc]: Automatically registered mod jinryuudragonblockc entity Vegeta_enemy as jinryuudragonblockc.Vegeta_enemy
[05:15:48] [Server thread/TRACE] [FML/jinryuudragonblockc]: Automatically registered mod jinryuudragonblockc entity Vegeta_enemy2 as jinryuudragonblockc.Vegeta_enemy2
[05:15:48] [Server thread/TRACE] [FML/jinryuudragonblockc]: Automatically registered mod jinryuudragonblockc entity Vegeta_enemy3 as jinryuudragonblockc.Vegeta_enemy3
[05:15:48] [Server thread/TRACE] [FML/jinryuudragonblockc]: Automatically registered mod jinryuudragonblockc entity Vegeta_enemy4 as jinryuudragonblockc.Vegeta_enemy4
[05:15:48] [Server thread/TRACE] [FML/jinryuudragonblockc]: Automatically registered mod jinryuudragonblockc entity Gohan_enemy as jinryuudragonblockc.Gohan_enemy
[05:15:48] [Server thread/TRACE] [FML/jinryuudragonblockc]: Automatically registered mod jinryuudragonblockc entity Gohan_enemy2 as jinryuudragonblockc.Gohan_enemy2
[05:15:48] [Server thread/TRACE] [FML/jinryuudragonblockc]: Automatically registered mod jinryuudragonblockc entity Gohan_enemy2_1 as jinryuudragonblockc.Gohan_enemy2_1
[05:15:48] [Server thread/TRACE] [FML/jinryuudragonblockc]: Automatically registered mod jinryuudragonblockc entity Gohan_enemy2_2 as jinryuudragonblockc.Gohan_enemy2_2
[05:15:48] [Server thread/TRACE] [FML/jinryuudragonblockc]: Automatically registered mod jinryuudragonblockc entity Trunks_enemy as jinryuudragonblockc.Trunks_enemy
[05:15:48] [Server thread/TRACE] [FML/jinryuudragonblockc]: Automatically registered mod jinryuudragonblockc entity Trunks_enemy2 as jinryuudragonblockc.Trunks_enemy2
[05:15:48] [Server thread/TRACE] [FML/jinryuudragonblockc]: Automatically registered mod jinryuudragonblockc entity Trunks_enemy2_1 as jinryuudragonblockc.Trunks_enemy2_1
[05:15:48] [Server thread/TRACE] [FML/jinryuudragonblockc]: Automatically registered mod jinryuudragonblockc entity Trunks_enemy2_2 as jinryuudragonblockc.Trunks_enemy2_2
[05:15:48] [Server thread/TRACE] [FML/jinryuudragonblockc]: Automatically registered mod jinryuudragonblockc entity AngelAwamo as jinryuudragonblockc.AngelAwamo
[05:15:48] [Server thread/TRACE] [FML/jinryuudragonblockc]: Automatically registered mod jinryuudragonblockc entity AngelCamparri as jinryuudragonblockc.AngelCamparri
[05:15:48] [Server thread/TRACE] [FML/jinryuudragonblockc]: Automatically registered mod jinryuudragonblockc entity AngelCognac as jinryuudragonblockc.AngelCognac
[05:15:48] [Server thread/TRACE] [FML/jinryuudragonblockc]: Automatically registered mod jinryuudragonblockc entity AngelCuktail as jinryuudragonblockc.AngelCuktail
[05:15:48] [Server thread/TRACE] [FML/jinryuudragonblockc]: Automatically registered mod jinryuudragonblockc entity AngelKorn as jinryuudragonblockc.AngelKorn
[05:15:48] [Server thread/TRACE] [FML/jinryuudragonblockc]: Automatically registered mod jinryuudragonblockc entity AngelKusu as jinryuudragonblockc.AngelKusu
[05:15:48] [Server thread/TRACE] [FML/jinryuudragonblockc]: Automatically registered mod jinryuudragonblockc entity AngelMarcarita as jinryuudragonblockc.AngelMarcarita
[05:15:48] [Server thread/TRACE] [FML/jinryuudragonblockc]: Automatically registered mod jinryuudragonblockc entity AngelMartinu as jinryuudragonblockc.AngelMartinu
[05:15:48] [Server thread/TRACE] [FML/jinryuudragonblockc]: Automatically registered mod jinryuudragonblockc entity AngelMohito as jinryuudragonblockc.AngelMohito
[05:15:48] [Server thread/TRACE] [FML/jinryuudragonblockc]: Automatically registered mod jinryuudragonblockc entity AngelSour as jinryuudragonblockc.AngelSour
[05:15:48] [Server thread/TRACE] [FML/jinryuudragonblockc]: Automatically registered mod jinryuudragonblockc entity GodArak as jinryuudragonblockc.GodArak
[05:15:48] [Server thread/TRACE] [FML/jinryuudragonblockc]: Automatically registered mod jinryuudragonblockc entity GodBelmod as jinryuudragonblockc.GodBelmod
[05:15:48] [Server thread/TRACE] [FML/jinryuudragonblockc]: Automatically registered mod jinryuudragonblockc entity GodGiin as jinryuudragonblockc.GodGiin
[05:15:48] [Server thread/TRACE] [FML/jinryuudragonblockc]: Automatically registered mod jinryuudragonblockc entity GodHeles as jinryuudragonblockc.GodHeles
[05:15:48] [Server thread/TRACE] [FML/jinryuudragonblockc]: Automatically registered mod jinryuudragonblockc entity GodIwan as jinryuudragonblockc.GodIwan
[05:15:48] [Server thread/TRACE] [FML/jinryuudragonblockc]: Automatically registered mod jinryuudragonblockc entity GodLiquiir as jinryuudragonblockc.GodLiquiir
[05:15:48] [Server thread/TRACE] [FML/jinryuudragonblockc]: Automatically registered mod jinryuudragonblockc entity GodMosco as jinryuudragonblockc.GodMosco
[05:15:48] [Server thread/TRACE] [FML/jinryuudragonblockc]: Automatically registered mod jinryuudragonblockc entity GodQuitela as jinryuudragonblockc.GodQuitela
[05:15:48] [Server thread/TRACE] [FML/jinryuudragonblockc]: Automatically registered mod jinryuudragonblockc entity GodRumsshi as jinryuudragonblockc.GodRumsshi
[05:15:48] [Server thread/TRACE] [FML/jinryuudragonblockc]: Automatically registered mod jinryuudragonblockc entity GodSidra as jinryuudragonblockc.GodSidra
[05:15:48] [Server thread/TRACE] [FML/jinryuudragonblockc]: Automatically registered mod jinryuudragonblockc entity Basil as jinryuudragonblockc.Basil
[05:15:48] [Server thread/TRACE] [FML/jinryuudragonblockc]: Automatically registered mod jinryuudragonblockc entity Bergamo as jinryuudragonblockc.Bergamo
[05:15:48] [Server thread/TRACE] [FML/jinryuudragonblockc]: Automatically registered mod jinryuudragonblockc entity Lavender as jinryuudragonblockc.Lavender
[05:15:48] [Server thread/TRACE] [FML/jinryuudragonblockc]: Automatically registered mod jinryuudragonblockc entity Brianne as jinryuudragonblockc.Brianne
[05:15:48] [Server thread/TRACE] [FML/jinryuudragonblockc]: Automatically registered mod jinryuudragonblockc entity Caulifla as jinryuudragonblockc.Caulifla
[05:15:48] [Server thread/TRACE] [FML/jinryuudragonblockc]: Automatically registered mod jinryuudragonblockc entity Caulifla2 as jinryuudragonblockc.Caulifla2
[05:15:48] [Server thread/TRACE] [FML/jinryuudragonblockc]: Automatically registered mod jinryuudragonblockc entity Dyspo as jinryuudragonblockc.Dyspo
[05:15:48] [Server thread/TRACE] [FML/jinryuudragonblockc]: Automatically registered mod jinryuudragonblockc entity Jiren as jinryuudragonblockc.Jiren
[05:15:48] [Server thread/TRACE] [FML/jinryuudragonblockc]: Automatically registered mod jinryuudragonblockc entity Jiren2 as jinryuudragonblockc.Jiren2
[05:15:48] [Server thread/TRACE] [FML/jinryuudragonblockc]: Automatically registered mod jinryuudragonblockc entity Kale as jinryuudragonblockc.Kale
[05:15:48] [Server thread/TRACE] [FML/jinryuudragonblockc]: Automatically registered mod jinryuudragonblockc entity Kale2 as jinryuudragonblockc.Kale2
[05:15:48] [Server thread/TRACE] [FML/jinryuudragonblockc]: Automatically registered mod jinryuudragonblockc entity Kefla as jinryuudragonblockc.Kefla
[05:15:48] [Server thread/TRACE] [FML/jinryuudragonblockc]: Automatically registered mod jinryuudragonblockc entity Kefla2 as jinryuudragonblockc.Kefla2
[05:15:48] [Server thread/TRACE] [FML/jinryuudragonblockc]: Automatically registered mod jinryuudragonblockc entity Toppo as jinryuudragonblockc.Toppo
[05:15:48] [Server thread/TRACE] [FML/jinryuudragonblockc]: Automatically registered mod jinryuudragonblockc entity Toppo2 as jinryuudragonblockc.Toppo2
[05:15:48] [Server thread/TRACE] [FML/jinryuudragonblockc]: Automatically registered mod jinryuudragonblockc entity Aniraza as jinryuudragonblockc.Aniraza
[05:15:48] [Server thread/TRACE] [FML/jinryuudragonblockc]: Automatically registered mod jinryuudragonblockc entity Biarra as jinryuudragonblockc.Biarra
[05:15:48] [Server thread/TRACE] [FML/jinryuudragonblockc]: Automatically registered mod jinryuudragonblockc entity Cocotte as jinryuudragonblockc.Cocotte
[05:15:48] [Server thread/TRACE] [FML/jinryuudragonblockc]: Automatically registered mod jinryuudragonblockc entity Dercori as jinryuudragonblockc.Dercori
[05:15:48] [Server thread/TRACE] [FML/jinryuudragonblockc]: Automatically registered mod jinryuudragonblockc entity Ganos as jinryuudragonblockc.Ganos
[05:15:48] [Server thread/TRACE] [FML/jinryuudragonblockc]: Automatically registered mod jinryuudragonblockc entity Ganos2 as jinryuudragonblockc.Ganos2
[05:15:48] [Server thread/TRACE] [FML/jinryuudragonblockc]: Automatically registered mod jinryuudragonblockc entity Hop as jinryuudragonblockc.Hop
[05:15:48] [Server thread/TRACE] [FML/jinryuudragonblockc]: Automatically registered mod jinryuudragonblockc entity Kahseral as jinryuudragonblockc.Kahseral
[05:15:48] [Server thread/TRACE] [FML/jinryuudragonblockc]: Automatically registered mod jinryuudragonblockc entity Kakunsa as jinryuudragonblockc.Kakunsa
[05:15:48] [Server thread/TRACE] [FML/jinryuudragonblockc]: Automatically registered mod jinryuudragonblockc entity Kunshi as jinryuudragonblockc.Kunshi
[05:15:48] [Server thread/TRACE] [FML/jinryuudragonblockc]: Automatically registered mod jinryuudragonblockc entity Majora as jinryuudragonblockc.Majora
[05:15:48] [Server thread/TRACE] [FML/jinryuudragonblockc]: Automatically registered mod jinryuudragonblockc entity Murichim as jinryuudragonblockc.Murichim
[05:15:48] [Server thread/TRACE] [FML/jinryuudragonblockc]: Automatically registered mod jinryuudragonblockc entity Napapa as jinryuudragonblockc.Napapa
[05:15:48] [Server thread/TRACE] [FML/jinryuudragonblockc]: Automatically registered mod jinryuudragonblockc entity Narirama as jinryuudragonblockc.Narirama
[05:15:48] [Server thread/TRACE] [FML/jinryuudragonblockc]: Automatically registered mod jinryuudragonblockc entity Obni as jinryuudragonblockc.Obni
[05:15:48] [Server thread/TRACE] [FML/jinryuudragonblockc]: Automatically registered mod jinryuudragonblockc entity Paparoni as jinryuudragonblockc.Paparoni
[05:15:48] [Server thread/TRACE] [FML/jinryuudragonblockc]: Automatically registered mod jinryuudragonblockc entity Roasie as jinryuudragonblockc.Roasie
[05:15:48] [Server thread/TRACE] [FML/jinryuudragonblockc]: Automatically registered mod jinryuudragonblockc entity Rylibeu as jinryuudragonblockc.Rylibeu
[05:15:48] [Server thread/TRACE] [FML/jinryuudragonblockc]: Automatically registered mod jinryuudragonblockc entity Shosa as jinryuudragonblockc.Shosa
[05:15:48] [Server thread/TRACE] [FML/jinryuudragonblockc]: Automatically registered mod jinryuudragonblockc entity Sorrel as jinryuudragonblockc.Sorrel
[05:15:48] [Server thread/TRACE] [FML/jinryuudragonblockc]: Automatically registered mod jinryuudragonblockc entity Borareta as jinryuudragonblockc.Borareta
[05:15:48] [Server thread/TRACE] [FML/jinryuudragonblockc]: Automatically registered mod jinryuudragonblockc entity Koichiarator as jinryuudragonblockc.Koichiarator
[05:15:48] [Server thread/TRACE] [FML/jinryuudragonblockc]: Automatically registered mod jinryuudragonblockc entity Koitsukai as jinryuudragonblockc.Koitsukai
[05:15:48] [Server thread/TRACE] [FML/jinryuudragonblockc]: Automatically registered mod jinryuudragonblockc entity Panchia as jinryuudragonblockc.Panchia
[05:15:48] [Server thread/TRACE] [FML/jinryuudragonblockc]: Automatically registered mod jinryuudragonblockc entity Katopesla as jinryuudragonblockc.Katopesla
[05:15:48] [Server thread/TRACE] [FML/jinryuudragonblockc]: Automatically registered mod jinryuudragonblockc entity Katopesla2 as jinryuudragonblockc.Katopesla2
[05:15:48] [Server thread/TRACE] [FML/jinryuudragonblockc]: Automatically registered mod jinryuudragonblockc entity Katopesla3 as jinryuudragonblockc.Katopesla3
[05:15:48] [Server thread/TRACE] [FML/jinryuudragonblockc]: Automatically registered mod jinryuudragonblockc entity Katopesla4 as jinryuudragonblockc.Katopesla4
[05:15:48] [Server thread/TRACE] [FML/jinryuudragonblockc]: Automatically registered mod jinryuudragonblockc entity DBSBroly as jinryuudragonblockc.DBSBroly
[05:15:48] [Server thread/TRACE] [FML/jinryuudragonblockc]: Automatically registered mod jinryuudragonblockc entity DBSBroly2 as jinryuudragonblockc.DBSBroly2
[05:15:48] [Server thread/TRACE] [FML/jinryuudragonblockc]: Automatically registered mod jinryuudragonblockc entity DBSBroly3 as jinryuudragonblockc.DBSBroly3
[05:15:48] [Server thread/TRACE] [FML/jinryuudragonblockc]: Automatically registered mod jinryuudragonblockc entity DBSBroly4 as jinryuudragonblockc.DBSBroly4
[05:15:48] [Server thread/TRACE] [FML/jinryuudragonblockc]: Automatically registered mod jinryuudragonblockc entity DBSBrolyBuff as jinryuudragonblockc.DBSBrolyBuff
[05:15:48] [Server thread/TRACE] [FML/jinryuudragonblockc]: Automatically registered mod jinryuudragonblockc entity DBSBrolyBuffSSJ as jinryuudragonblockc.DBSBrolyBuffSSJ
[05:15:48] [Server thread/TRACE] [FML/jinryuudragonblockc]: Automatically registered mod jinryuudragonblockc entity DBSBrolyLegendary as jinryuudragonblockc.DBSBrolyLegendary
[05:15:48] [Server thread/TRACE] [FML/jinryuudragonblockc]: Automatically registered mod jinryuudragonblockc entity DBSParagus as jinryuudragonblockc.DBSParagus
[05:15:48] [Server thread/TRACE] [FML/jinryuudragonblockc]: Automatically registered mod jinryuudragonblockc entity DBSParagusOld as jinryuudragonblockc.DBSParagusOld
[05:15:48] [Server thread/TRACE] [FML/jinryuudragonblockc]: Automatically registered mod jinryuudragonblockc entity Cheelai as jinryuudragonblockc.Cheelai
[05:15:48] [Server thread/TRACE] [FML/jinryuudragonblockc]: Automatically registered mod jinryuudragonblockc entity Cheelai2 as jinryuudragonblockc.Cheelai2
[05:15:48] [Server thread/TRACE] [FML/jinryuudragonblockc]: Automatically registered mod jinryuudragonblockc entity Lemo as jinryuudragonblockc.Lemo
[05:15:48] [Server thread/TRACE] [FML/jinryuudragonblockc]: Automatically registered mod jinryuudragonblockc entity FortunetellerBaba as jinryuudragonblockc.FortunetellerBaba
[05:15:48] [Server thread/TRACE] [FML/jinryuudragonblockc]: Automatically registered mod jinryuudragonblockc entity BandagesTheMummy as jinryuudragonblockc.BandagesTheMummy
[05:15:48] [Server thread/TRACE] [FML/jinryuudragonblockc]: Automatically registered mod jinryuudragonblockc entity FangsTheVampire as jinryuudragonblockc.FangsTheVampire
[05:15:48] [Server thread/TRACE] [FML/jinryuudragonblockc]: Automatically registered mod jinryuudragonblockc entity SeeThroughTheInvisibleMan as jinryuudragonblockc.SeeThroughTheInvisibleMan
[05:15:48] [Server thread/TRACE] [FML/jinryuudragonblockc]: Automatically registered mod jinryuudragonblockc entity SpikeTheDevil as jinryuudragonblockc.SpikeTheDevil
[05:15:48] [Server thread/TRACE] [FML/jinryuudragonblockc]: Automatically registered mod jinryuudragonblockc entity GrandpaGohan as jinryuudragonblockc.GrandpaGohan
[05:15:48] [Server thread/TRACE] [FML/jinryuudragonblockc]: Automatically registered mod jinryuudragonblockc entity GrandpaGohan2 as jinryuudragonblockc.GrandpaGohan2
[05:15:48] [Server thread/TRACE] [FML/jinryuudragonblockc]: Automatically registered mod jinryuudragonblockc entity Cymbal as jinryuudragonblockc.Cymbal
[05:15:48] [Server thread/TRACE] [FML/jinryuudragonblockc]: Automatically registered mod jinryuudragonblockc entity Drum as jinryuudragonblockc.Drum
[05:15:48] [Server thread/TRACE] [FML/jinryuudragonblockc]: Automatically registered mod jinryuudragonblockc entity KingPiccolo as jinryuudragonblockc.KingPiccolo
[05:15:48] [Server thread/TRACE] [FML/jinryuudragonblockc]: Automatically registered mod jinryuudragonblockc entity KingPiccolo2 as jinryuudragonblockc.KingPiccolo2
[05:15:48] [Server thread/TRACE] [FML/jinryuudragonblockc]: Automatically registered mod jinryuudragonblockc entity Piano as jinryuudragonblockc.Piano
[05:15:48] [Server thread/TRACE] [FML/jinryuudragonblockc]: Automatically registered mod jinryuudragonblockc entity Tambourine as jinryuudragonblockc.Tambourine
[05:15:48] [Server thread/TRACE] [FML/jinryuudragonblockc]: Automatically registered mod jinryuudragonblockc entity DBMasterRoshi as jinryuudragonblockc.DBMasterRoshi
[05:15:48] [Server thread/TRACE] [FML/jinryuudragonblockc]: Automatically registered mod jinryuudragonblockc entity DBMasterRoshi2 as jinryuudragonblockc.DBMasterRoshi2
[05:15:48] [Server thread/TRACE] [FML/jinryuudragonblockc]: Automatically registered mod jinryuudragonblockc entity DBMasterRoshi3 as jinryuudragonblockc.DBMasterRoshi3
[05:15:48] [Server thread/TRACE] [FML/jinryuudragonblockc]: Automatically registered mod jinryuudragonblockc entity BearThief as jinryuudragonblockc.BearThief
[05:15:48] [Server thread/TRACE] [FML/jinryuudragonblockc]: Automatically registered mod jinryuudragonblockc entity TigerBandit as jinryuudragonblockc.TigerBandit
[05:15:48] [Server thread/TRACE] [FML/jinryuudragonblockc]: Automatically registered mod jinryuudragonblockc entity Puar as jinryuudragonblockc.Puar
[05:15:48] [Server thread/TRACE] [FML/jinryuudragonblockc]: Automatically registered mod jinryuudragonblockc entity Yamcha as jinryuudragonblockc.Yamcha
[05:15:48] [Server thread/TRACE] [FML/jinryuudragonblockc]: Automatically registered mod jinryuudragonblockc entity Yamcha2 as jinryuudragonblockc.Yamcha2
[05:15:48] [Server thread/TRACE] [FML/jinryuudragonblockc]: Automatically registered mod jinryuudragonblockc entity Yamcha3 as jinryuudragonblockc.Yamcha3
[05:15:48] [Server thread/TRACE] [FML/jinryuudragonblockc]: Automatically registered mod jinryuudragonblockc entity Yamcha4 as jinryuudragonblockc.Yamcha4
[05:15:48] [Server thread/TRACE] [FML/jinryuudragonblockc]: Automatically registered mod jinryuudragonblockc entity Yamcha5 as jinryuudragonblockc.Yamcha5
[05:15:48] [Server thread/TRACE] [FML/jinryuudragonblockc]: Automatically registered mod jinryuudragonblockc entity DBMai as jinryuudragonblockc.DBMai
[05:15:48] [Server thread/TRACE] [FML/jinryuudragonblockc]: Automatically registered mod jinryuudragonblockc entity DBPilaf as jinryuudragonblockc.DBPilaf
[05:15:48] [Server thread/TRACE] [FML/jinryuudragonblockc]: Automatically registered mod jinryuudragonblockc entity DBShu as jinryuudragonblockc.DBShu
[05:15:48] [Server thread/TRACE] [FML/jinryuudragonblockc]: Automatically registered mod jinryuudragonblockc entity DBMaiMecha as jinryuudragonblockc.DBMaiMecha
[05:15:48] [Server thread/TRACE] [FML/jinryuudragonblockc]: Automatically registered mod jinryuudragonblockc entity DBPilafMecha as jinryuudragonblockc.DBPilafMecha
[05:15:48] [Server thread/TRACE] [FML/jinryuudragonblockc]: Automatically registered mod jinryuudragonblockc entity DBShuMecha as jinryuudragonblockc.DBShuMecha
[05:15:48] [Server thread/TRACE] [FML/jinryuudragonblockc]: Automatically registered mod jinryuudragonblockc entity DBPilafMechaCombined as jinryuudragonblockc.DBPilafMechaCombined
[05:15:48] [Server thread/TRACE] [FML/jinryuudragonblockc]: Automatically registered mod jinryuudragonblockc entity Bacterian as jinryuudragonblockc.Bacterian
[05:15:48] [Server thread/TRACE] [FML/jinryuudragonblockc]: Automatically registered mod jinryuudragonblockc entity Giran as jinryuudragonblockc.Giran
[05:15:48] [Server thread/TRACE] [FML/jinryuudragonblockc]: Automatically registered mod jinryuudragonblockc entity JackieChun as jinryuudragonblockc.JackieChun
[05:15:48] [Server thread/TRACE] [FML/jinryuudragonblockc]: Automatically registered mod jinryuudragonblockc entity JackieChun2 as jinryuudragonblockc.JackieChun2
[05:15:48] [Server thread/TRACE] [FML/jinryuudragonblockc]: Automatically registered mod jinryuudragonblockc entity JackieChun3 as jinryuudragonblockc.JackieChun3
[05:15:48] [Server thread/TRACE] [FML/jinryuudragonblockc]: Automatically registered mod jinryuudragonblockc entity Nam as jinryuudragonblockc.Nam
[05:15:48] [Server thread/TRACE] [FML/jinryuudragonblockc]: Automatically registered mod jinryuudragonblockc entity TournamentAnnouncer as jinryuudragonblockc.TournamentAnnouncer
[05:15:48] [Server thread/TRACE] [FML/jinryuudragonblockc]: Automatically registered mod jinryuudragonblockc entity KingChappa as jinryuudragonblockc.KingChappa
[05:15:48] [Server thread/TRACE] [FML/jinryuudragonblockc]: Automatically registered mod jinryuudragonblockc entity ManWolf as jinryuudragonblockc.ManWolf
[05:15:48] [Server thread/TRACE] [FML/jinryuudragonblockc]: Automatically registered mod jinryuudragonblockc entity MasterShen as jinryuudragonblockc.MasterShen
[05:15:48] [Server thread/TRACE] [FML/jinryuudragonblockc]: Automatically registered mod jinryuudragonblockc entity Pamput as jinryuudragonblockc.Pamput
[05:15:48] [Server thread/TRACE] [FML/jinryuudragonblockc]: Automatically registered mod jinryuudragonblockc entity TienShinhan as jinryuudragonblockc.TienShinhan
[05:15:48] [Server thread/TRACE] [FML/jinryuudragonblockc]: Automatically registered mod jinryuudragonblockc entity TienShinhan2 as jinryuudragonblockc.TienShinhan2
[05:15:48] [Server thread/TRACE] [FML/jinryuudragonblockc]: Automatically registered mod jinryuudragonblockc entity TienShinhan3 as jinryuudragonblockc.TienShinhan3
[05:15:48] [Server thread/TRACE] [FML/jinryuudragonblockc]: Automatically registered mod jinryuudragonblockc entity Android8 as jinryuudragonblockc.Android8
[05:15:48] [Server thread/TRACE] [FML/jinryuudragonblockc]: Automatically registered mod jinryuudragonblockc entity Buyon as jinryuudragonblockc.Buyon
[05:15:48] [Server thread/TRACE] [FML/jinryuudragonblockc]: Automatically registered mod jinryuudragonblockc entity ColonelSilver as jinryuudragonblockc.ColonelSilver
[05:15:48] [Server thread/TRACE] [FML/jinryuudragonblockc]: Automatically registered mod jinryuudragonblockc entity ColonelViolet as jinryuudragonblockc.ColonelViolet
[05:15:48] [Server thread/TRACE] [FML/jinryuudragonblockc]: Automatically registered mod jinryuudragonblockc entity CommanderRed as jinryuudragonblockc.CommanderRed
[05:15:48] [Server thread/TRACE] [FML/jinryuudragonblockc]: Automatically registered mod jinryuudragonblockc entity GeneralBlue as jinryuudragonblockc.GeneralBlue
[05:15:48] [Server thread/TRACE] [FML/jinryuudragonblockc]: Automatically registered mod jinryuudragonblockc entity GeneralBlue2 as jinryuudragonblockc.GeneralBlue2
[05:15:48] [Server thread/TRACE] [FML/jinryuudragonblockc]: Automatically registered mod jinryuudragonblockc entity GeneralWhite as jinryuudragonblockc.GeneralWhite
[05:15:48] [Server thread/TRACE] [FML/jinryuudragonblockc]: Automatically registered mod jinryuudragonblockc entity GeneralWhite2 as jinryuudragonblockc.GeneralWhite2
[05:15:48] [Server thread/TRACE] [FML/jinryuudragonblockc]: Automatically registered mod jinryuudragonblockc entity LaunchGood as jinryuudragonblockc.LaunchGood
[05:15:48] [Server thread/TRACE] [FML/jinryuudragonblockc]: Automatically registered mod jinryuudragonblockc entity LaunchBad as jinryuudragonblockc.LaunchBad
[05:15:48] [Server thread/TRACE] [FML/jinryuudragonblockc]: Automatically registered mod jinryuudragonblockc entity MajorMetallitron as jinryuudragonblockc.MajorMetallitron
[05:15:48] [Server thread/TRACE] [FML/jinryuudragonblockc]: Automatically registered mod jinryuudragonblockc entity MajorMetallitron1 as jinryuudragonblockc.MajorMetallitron1
[05:15:48] [Server thread/TRACE] [FML/jinryuudragonblockc]: Automatically registered mod jinryuudragonblockc entity MajorMetallitron2 as jinryuudragonblockc.MajorMetallitron2
[05:15:48] [Server thread/TRACE] [FML/jinryuudragonblockc]: Automatically registered mod jinryuudragonblockc entity MajorMetallitron3 as jinryuudragonblockc.MajorMetallitron3
[05:15:48] [Server thread/TRACE] [FML/jinryuudragonblockc]: Automatically registered mod jinryuudragonblockc entity MercenaryTao as jinryuudragonblockc.MercenaryTao
[05:15:48] [Server thread/TRACE] [FML/jinryuudragonblockc]: Automatically registered mod jinryuudragonblockc entity NinjaMurasaki as jinryuudragonblockc.NinjaMurasaki
[05:15:48] [Server thread/TRACE] [FML/jinryuudragonblockc]: Automatically registered mod jinryuudragonblockc entity RedRibbonSoldier as jinryuudragonblockc.RedRibbonSoldier
[05:15:48] [Server thread/TRACE] [FML/jinryuudragonblockc]: Automatically registered mod jinryuudragonblockc entity RedRibbonSoldier2 as jinryuudragonblockc.RedRibbonSoldier2
[05:15:48] [Server thread/TRACE] [FML/jinryuudragonblockc]: Automatically registered mod jinryuudragonblockc entity RedRibbonSoldier3 as jinryuudragonblockc.RedRibbonSoldier3
[05:15:48] [Server thread/TRACE] [FML/jinryuudragonblockc]: Automatically registered mod jinryuudragonblockc entity RedRibbonSoldierB as jinryuudragonblockc.RedRibbonSoldierB
[05:15:48] [Server thread/TRACE] [FML/jinryuudragonblockc]: Automatically registered mod jinryuudragonblockc entity RedRibbonSoldierB2 as jinryuudragonblockc.RedRibbonSoldierB2
[05:15:48] [Server thread/TRACE] [FML/jinryuudragonblockc]: Automatically registered mod jinryuudragonblockc entity RedRibbonSoldierB3 as jinryuudragonblockc.RedRibbonSoldierB3
[05:15:48] [Server thread/TRACE] [FML/jinryuudragonblockc]: Automatically registered mod jinryuudragonblockc entity DBBora as jinryuudragonblockc.DBBora
[05:15:48] [Server thread/TRACE] [FML/jinryuudragonblockc]: Automatically registered mod jinryuudragonblockc entity DBUpa as jinryuudragonblockc.DBUpa
[05:15:48] [Server thread/TRACE] [FML/jinryuudragonblockc]: Automatically registered mod jinryuudragonblockc entity Oolong as jinryuudragonblockc.Oolong
[05:15:48] [Server thread/TRACE] [FML/jinryuudragonblockc]: Automatically registered mod jinryuudragonblockc entity Yajirobe as jinryuudragonblockc.Yajirobe
[05:15:48] [Server thread/TRACE] [FML/jinryuudragonblockc]: Automatically registered mod jinryuudragonblockc entity MercenaryTao2 as jinryuudragonblockc.MercenaryTao2
[05:15:48] [Server thread/TRACE] [FML/jinryuudragonblockc]: Automatically registered mod jinryuudragonblockc entity MercenaryTao3 as jinryuudragonblockc.MercenaryTao3
[05:15:48] [Server thread/TRACE] [FML/jinryuudragonblockc]: Automatically registered mod jinryuudragonblockc entity OfficerBlack as jinryuudragonblockc.OfficerBlack
[05:15:48] [Server thread/TRACE] [FML/jinryuudragonblockc]: Automatically registered mod jinryuudragonblockc entity OfficerBlack2 as jinryuudragonblockc.OfficerBlack2
[05:15:48] [Server thread/TRACE] [FML/jinryuudragonblockc]: Automatically registered mod jinryuudragonblockc entity OfficerBlack3 as jinryuudragonblockc.OfficerBlack3
[05:15:48] [Server thread/TRACE] [FML/jinryuudragonblockc]: Automatically registered mod jinryuudragonblockc entity OfficeOgre as jinryuudragonblockc.OfficeOgre
[05:15:48] [Server thread/TRACE] [FML/jinryuudragonblockc]: Automatically registered mod jinryuudragonblockc entity OfficeOgre2 as jinryuudragonblockc.OfficeOgre2
[05:15:48] [Server thread/TRACE] [FML/jinryuudragonblockc]: Automatically registered mod jinryuudragonblockc entity OfficeOgre3 as jinryuudragonblockc.OfficeOgre3
[05:15:48] [Server thread/TRACE] [FML/jinryuudragonblockc]: Automatically registered mod jinryuudragonblockc entity OfficeOgre4 as jinryuudragonblockc.OfficeOgre4
[05:15:48] [Server thread/TRACE] [FML/jinryuudragonblockc]: Automatically registered mod jinryuudragonblockc entity OfficeOgre5 as jinryuudragonblockc.OfficeOgre5
[05:15:48] [Server thread/TRACE] [FML/jinryuudragonblockc]: Automatically registered mod jinryuudragonblockc entity DBZSpirit as jinryuudragonblockc.DBZSpirit
[05:15:48] [Server thread/TRACE] [FML/jinryuudragonblockc]: Automatically registered mod jinryuudragonblockc entity Chiaotzu as jinryuudragonblockc.Chiaotzu
[05:15:48] [Server thread/TRACE] [FML/jinryuudragonblockc]: Automatically registered mod jinryuudragonblockc entity Chiaotzu2 as jinryuudragonblockc.Chiaotzu2
[05:15:48] [Server thread/TRACE] [FML/jinryuudragonblockc]: Automatically registered mod jinryuudragonblockc entity Chiaotzu3 as jinryuudragonblockc.Chiaotzu3
[05:15:48] [Server thread/TRACE] [FML/jinryuudragonblockc]: Automatically registered mod jinryuudragonblockc entity Chiaotzu4 as jinryuudragonblockc.Chiaotzu4
[05:15:48] [Server thread/TRACE] [FML/jinryuudragonblockc]: Automatically registered mod jinryuudragonblockc entity TienShinhan4 as jinryuudragonblockc.TienShinhan4
[05:15:48] [Server thread/TRACE] [FML/jinryuudragonblockc]: Automatically registered mod jinryuudragonblockc entity TienShinhan5 as jinryuudragonblockc.TienShinhan5
[05:15:48] [Server thread/TRACE] [FML/jinryuudragonblockc]: Automatically registered mod jinryuudragonblockc entity TienShinhan6 as jinryuudragonblockc.TienShinhan6
[05:15:48] [Server thread/TRACE] [FML/jinryuudragonblockc]: Automatically registered mod jinryuudragonblockc entity TienShinhan7 as jinryuudragonblockc.TienShinhan7
[05:15:48] [Server thread/TRACE] [FML/jinryuudragonblockc]: Automatically registered mod jinryuudragonblockc entity Piccolo as jinryuudragonblockc.Piccolo
[05:15:48] [Server thread/TRACE] [FML/jinryuudragonblockc]: Automatically registered mod jinryuudragonblockc entity Piccolo2 as jinryuudragonblockc.Piccolo2
[05:15:48] [Server thread/TRACE] [FML/jinryuudragonblockc]: Automatically registered mod jinryuudragonblockc entity block01dbcEntity as jinryuudragonblockc.block01dbcEntity
[05:15:48] [Server thread/TRACE] [FML/jinryuudragonblockc]: Automatically registered mod jinryuudragonblockc entity KiInstantTransmission as jinryuudragonblockc.KiInstantTransmission
[05:15:48] [Server thread/TRACE] [FML/jinryuudragonblockc]: Automatically registered mod jinryuudragonblockc entity MajinAbsorption as jinryuudragonblockc.MajinAbsorption
[05:15:48] [Server thread/INFO] [jinryuudragonblockc/jinryuudragonblockc]:  Entities Loaded!
[05:15:48] [Server thread/TRACE] [jinryuudragonblockc/jinryuudragonblockc]: Sent event FMLInitializationEvent to mod jinryuudragonblockc
[05:15:48] [Server thread/DEBUG] [FML/]: Bar Step: Initialization - Dragon Block C took 2.188s
[05:15:48] [Server thread/TRACE] [ironfurnaces/ironfurnaces]: Sending event FMLInitializationEvent to mod ironfurnaces
[05:15:48] [Server thread/TRACE] [ironfurnaces/ironfurnaces]: Sent event FMLInitializationEvent to mod ironfurnaces
[05:15:48] [Server thread/DEBUG] [FML/]: Bar Step: Initialization - Iron Furnaces took 0.002s
[05:15:48] [Server thread/TRACE] [jinryuubetterrenderaddon/jinryuubetterrenderaddon]: Sending event FMLInitializationEvent to mod jinryuubetterrenderaddon
[05:15:48] [Server thread/TRACE] [jinryuubetterrenderaddon/jinryuubetterrenderaddon]: Sent event FMLInitializationEvent to mod jinryuubetterrenderaddon
[05:15:48] [Server thread/DEBUG] [FML/]: Bar Step: Initialization - JinRyuu's Better Render Addon took 0.000s
[05:15:48] [Server thread/TRACE] [journeymap/journeymap]: Sending event FMLInitializationEvent to mod journeymap
[05:15:48] [Server thread/TRACE] [journeymap/journeymap]: Sent event FMLInitializationEvent to mod journeymap
[05:15:48] [Server thread/DEBUG] [FML/]: Bar Step: Initialization - JourneyMap took 0.007s
[05:15:48] [Server thread/TRACE] [jinryuuyearsc/jinryuuyearsc]: Sending event FMLInitializationEvent to mod jinryuuyearsc
[05:15:48] [Server thread/TRACE] [jinryuuyearsc/jinryuuyearsc]: Sent event FMLInitializationEvent to mod jinryuuyearsc
[05:15:48] [Server thread/DEBUG] [FML/]: Bar Step: Initialization - JinRyuu's Years C took 0.002s
[05:15:48] [Server thread/TRACE] [lootplusplus/lootplusplus]: Sending event FMLInitializationEvent to mod lootplusplus
[05:15:48] [Server thread/TRACE] [lootplusplus/lootplusplus]: Sent event FMLInitializationEvent to mod lootplusplus
[05:15:48] [Server thread/DEBUG] [FML/]: Bar Step: Initialization - Loot++ took 0.012s
[05:15:48] [Server thread/DEBUG] [FML/]: Bar Finished: Initialization took 2.400s
[05:15:48] [Server thread/TRACE] [FML/]: Attempting to deliver 0 IMC messages to mod mcp
[05:15:48] [Server thread/TRACE] [mcp/mcp]: Sending event IMCEvent to mod mcp
[05:15:48] [Server thread/TRACE] [mcp/mcp]: Sent event IMCEvent to mod mcp
[05:15:48] [Server thread/DEBUG] [FML/]: Bar Step: InterModComms$IMC - Minecraft Coder Pack took 0.003s
[05:15:48] [Server thread/TRACE] [FML/]: Attempting to deliver 0 IMC messages to mod FML
[05:15:48] [Server thread/TRACE] [FML/FML]: Sending event IMCEvent to mod FML
[05:15:48] [Server thread/TRACE] [FML/FML]: Sent event IMCEvent to mod FML
[05:15:48] [Server thread/DEBUG] [FML/]: Bar Step: InterModComms$IMC - Forge Mod Loader took 0.000s
[05:15:48] [Server thread/TRACE] [FML/]: Attempting to deliver 0 IMC messages to mod Forge
[05:15:48] [Server thread/TRACE] [Forge/Forge]: Sending event IMCEvent to mod Forge
[05:15:48] [Server thread/TRACE] [Forge/Forge]: Sent event IMCEvent to mod Forge
[05:15:48] [Server thread/DEBUG] [FML/]: Bar Step: InterModComms$IMC - Minecraft Forge took 0.000s
[05:15:48] [Server thread/TRACE] [FML/]: Attempting to deliver 0 IMC messages to mod CodeChickenCore
[05:15:48] [Server thread/TRACE] [CodeChickenCore/CodeChickenCore]: Sending event IMCEvent to mod CodeChickenCore
[05:15:48] [Server thread/TRACE] [CodeChickenCore/CodeChickenCore]: Sent event IMCEvent to mod CodeChickenCore
[05:15:48] [Server thread/DEBUG] [FML/]: Bar Step: InterModComms$IMC - CodeChicken Core took 0.000s
[05:15:48] [Server thread/TRACE] [FML/]: Attempting to deliver 0 IMC messages to mod NotEnoughItems
[05:15:48] [Server thread/TRACE] [NotEnoughItems/NotEnoughItems]: Sending event IMCEvent to mod NotEnoughItems
[05:15:48] [Server thread/TRACE] [NotEnoughItems/NotEnoughItems]: Sent event IMCEvent to mod NotEnoughItems
[05:15:48] [Server thread/DEBUG] [FML/]: Bar Step: InterModComms$IMC - Not Enough Items took 0.000s
[05:15:48] [Server thread/TRACE] [FML/]: Attempting to deliver 0 IMC messages to mod adventurebackpack
[05:15:48] [Server thread/TRACE] [adventurebackpack/adventurebackpack]: Sending event IMCEvent to mod adventurebackpack
[05:15:48] [Server thread/TRACE] [adventurebackpack/adventurebackpack]: Sent event IMCEvent to mod adventurebackpack
[05:15:48] [Server thread/DEBUG] [FML/]: Bar Step: InterModComms$IMC - Adventure Backpack took 0.000s
[05:15:48] [Server thread/TRACE] [FML/]: Attempting to deliver 0 IMC messages to mod BiomeTweaker
[05:15:48] [Server thread/TRACE] [BiomeTweaker/BiomeTweaker]: Sending event IMCEvent to mod BiomeTweaker
[05:15:48] [Server thread/TRACE] [BiomeTweaker/BiomeTweaker]: Sent event IMCEvent to mod BiomeTweaker
[05:15:48] [Server thread/DEBUG] [FML/]: Bar Step: InterModComms$IMC - BiomeTweaker took 0.000s
[05:15:48] [Server thread/TRACE] [FML/]: Attempting to deliver 0 IMC messages to mod jinryuujrmcore
[05:15:48] [Server thread/TRACE] [jinryuujrmcore/jinryuujrmcore]: Sending event IMCEvent to mod jinryuujrmcore
[05:15:48] [Server thread/TRACE] [jinryuujrmcore/jinryuujrmcore]: Sent event IMCEvent to mod jinryuujrmcore
[05:15:48] [Server thread/DEBUG] [FML/]: Bar Step: InterModComms$IMC - JinRyuu's JRMCore took 0.000s
[05:15:48] [Server thread/TRACE] [FML/]: Attempting to deliver 0 IMC messages to mod jinryuudragonblockc
[05:15:48] [Server thread/TRACE] [jinryuudragonblockc/jinryuudragonblockc]: Sending event IMCEvent to mod jinryuudragonblockc
[05:15:48] [Server thread/TRACE] [jinryuudragonblockc/jinryuudragonblockc]: Sent event IMCEvent to mod jinryuudragonblockc
[05:15:48] [Server thread/DEBUG] [FML/]: Bar Step: InterModComms$IMC - Dragon Block C took 0.000s
[05:15:48] [Server thread/TRACE] [FML/]: Attempting to deliver 0 IMC messages to mod ironfurnaces
[05:15:48] [Server thread/TRACE] [ironfurnaces/ironfurnaces]: Sending event IMCEvent to mod ironfurnaces
[05:15:48] [Server thread/TRACE] [ironfurnaces/ironfurnaces]: Sent event IMCEvent to mod ironfurnaces
[05:15:48] [Server thread/DEBUG] [FML/]: Bar Step: InterModComms$IMC - Iron Furnaces took 0.000s
[05:15:48] [Server thread/TRACE] [FML/]: Attempting to deliver 0 IMC messages to mod jinryuubetterrenderaddon
[05:15:48] [Server thread/TRACE] [jinryuubetterrenderaddon/jinryuubetterrenderaddon]: Sending event IMCEvent to mod jinryuubetterrenderaddon
[05:15:48] [Server thread/TRACE] [jinryuubetterrenderaddon/jinryuubetterrenderaddon]: Sent event IMCEvent to mod jinryuubetterrenderaddon
[05:15:48] [Server thread/DEBUG] [FML/]: Bar Step: InterModComms$IMC - JinRyuu's Better Render Addon took 0.000s
[05:15:48] [Server thread/TRACE] [FML/]: Attempting to deliver 0 IMC messages to mod journeymap
[05:15:48] [Server thread/TRACE] [journeymap/journeymap]: Sending event IMCEvent to mod journeymap
[05:15:48] [Server thread/TRACE] [journeymap/journeymap]: Sent event IMCEvent to mod journeymap
[05:15:48] [Server thread/DEBUG] [FML/]: Bar Step: InterModComms$IMC - JourneyMap took 0.000s
[05:15:48] [Server thread/TRACE] [FML/]: Attempting to deliver 0 IMC messages to mod jinryuuyearsc
[05:15:48] [Server thread/TRACE] [jinryuuyearsc/jinryuuyearsc]: Sending event IMCEvent to mod jinryuuyearsc
[05:15:48] [Server thread/TRACE] [jinryuuyearsc/jinryuuyearsc]: Sent event IMCEvent to mod jinryuuyearsc
[05:15:48] [Server thread/DEBUG] [FML/]: Bar Step: InterModComms$IMC - JinRyuu's Years C took 0.000s
[05:15:48] [Server thread/TRACE] [FML/]: Attempting to deliver 0 IMC messages to mod lootplusplus
[05:15:48] [Server thread/TRACE] [lootplusplus/lootplusplus]: Sending event IMCEvent to mod lootplusplus
[05:15:48] [Server thread/TRACE] [lootplusplus/lootplusplus]: Sent event IMCEvent to mod lootplusplus
[05:15:48] [Server thread/DEBUG] [FML/]: Bar Step: InterModComms$IMC - Loot++ took 0.000s
[05:15:48] [Server thread/DEBUG] [FML/]: Bar Finished: InterModComms$IMC took 0.006s
[05:15:48] [Server thread/INFO] [FML/]: Injecting itemstacks
[05:15:48] [Server thread/INFO] [FML/]: Itemstack injection complete
[05:15:48] [Server thread/TRACE] [mcp/mcp]: Sending event FMLPostInitializationEvent to mod mcp
[05:15:48] [Server thread/TRACE] [mcp/mcp]: Sent event FMLPostInitializationEvent to mod mcp
[05:15:48] [Server thread/DEBUG] [FML/]: Bar Step: PostInitialization - Minecraft Coder Pack took 0.000s
[05:15:48] [Server thread/TRACE] [FML/FML]: Sending event FMLPostInitializationEvent to mod FML
[05:15:48] [Server thread/TRACE] [FML/FML]: Sent event FMLPostInitializationEvent to mod FML
[05:15:48] [Server thread/DEBUG] [FML/]: Bar Step: PostInitialization - Forge Mod Loader took 0.000s
[05:15:48] [Server thread/TRACE] [Forge/Forge]: Sending event FMLPostInitializationEvent to mod Forge
[05:15:48] [Server thread/TRACE] [Forge/Forge]: Sent event FMLPostInitializationEvent to mod Forge
[05:15:48] [Server thread/DEBUG] [FML/]: Bar Step: PostInitialization - Minecraft Forge took 0.001s
[05:15:48] [Server thread/TRACE] [CodeChickenCore/CodeChickenCore]: Sending event FMLPostInitializationEvent to mod CodeChickenCore
[05:15:48] [Server thread/TRACE] [CodeChickenCore/CodeChickenCore]: Sent event FMLPostInitializationEvent to mod CodeChickenCore
[05:15:48] [Server thread/DEBUG] [FML/]: Bar Step: PostInitialization - CodeChicken Core took 0.000s
[05:15:48] [Server thread/TRACE] [NotEnoughItems/NotEnoughItems]: Sending event FMLPostInitializationEvent to mod NotEnoughItems
[05:15:48] [Server thread/TRACE] [NotEnoughItems/NotEnoughItems]: Sent event FMLPostInitializationEvent to mod NotEnoughItems
[05:15:48] [Server thread/DEBUG] [FML/]: Bar Step: PostInitialization - Not Enough Items took 0.000s
[05:15:48] [Server thread/TRACE] [adventurebackpack/adventurebackpack]: Sending event FMLPostInitializationEvent to mod adventurebackpack
[05:15:48] [Server thread/TRACE] [adventurebackpack/adventurebackpack]: Sent event FMLPostInitializationEvent to mod adventurebackpack
[05:15:48] [Server thread/DEBUG] [FML/]: Bar Step: PostInitialization - Adventure Backpack took 0.002s
[05:15:48] [Server thread/TRACE] [BiomeTweaker/BiomeTweaker]: Sending event FMLPostInitializationEvent to mod BiomeTweaker
[05:15:48] [Server thread/TRACE] [BiomeTweaker/BiomeTweaker]: Sent event FMLPostInitializationEvent to mod BiomeTweaker
[05:15:48] [Server thread/DEBUG] [FML/]: Bar Step: PostInitialization - BiomeTweaker took 0.000s
[05:15:48] [Server thread/TRACE] [jinryuujrmcore/jinryuujrmcore]: Sending event FMLPostInitializationEvent to mod jinryuujrmcore
[05:15:48] [Server thread/INFO] [jinryuujrmcore/jinryuujrmcore]: Max Memory: 15271M
[05:15:48] [Server thread/INFO] [jinryuujrmcore/jinryuujrmcore]: Initialization Completed
[05:15:48] [Server thread/INFO] [jinryuujrmcore/jinryuujrmcore]: Fully Loaded!
[05:15:48] [Server thread/INFO] [jinryuujrmcore/jinryuujrmcore]: Enjoy ^^
[05:15:48] [Server thread/TRACE] [jinryuujrmcore/jinryuujrmcore]: Sent event FMLPostInitializationEvent to mod jinryuujrmcore
[05:15:48] [Server thread/DEBUG] [FML/]: Bar Step: PostInitialization - JinRyuu's JRMCore took 0.000s
[05:15:48] [Server thread/TRACE] [jinryuudragonblockc/jinryuudragonblockc]: Sending event FMLPostInitializationEvent to mod jinryuudragonblockc
[05:15:48] [Server thread/INFO] [jinryuudragonblockc/jinryuudragonblockc]: Fully Loaded!
[05:15:48] [Server thread/INFO] [jinryuudragonblockc/jinryuudragonblockc]: Have a good game!
[05:15:48] [Server thread/INFO] [jinryuudragonblockc/jinryuudragonblockc]: Fight For Your Life ^^
[05:15:48] [Server thread/TRACE] [jinryuudragonblockc/jinryuudragonblockc]: Sent event FMLPostInitializationEvent to mod jinryuudragonblockc
[05:15:48] [Server thread/DEBUG] [FML/]: Bar Step: PostInitialization - Dragon Block C took 0.000s
[05:15:48] [Server thread/TRACE] [ironfurnaces/ironfurnaces]: Sending event FMLPostInitializationEvent to mod ironfurnaces
[05:15:48] [Server thread/TRACE] [ironfurnaces/ironfurnaces]: Sent event FMLPostInitializationEvent to mod ironfurnaces
[05:15:48] [Server thread/DEBUG] [FML/]: Bar Step: PostInitialization - Iron Furnaces took 0.000s
[05:15:48] [Server thread/TRACE] [jinryuubetterrenderaddon/jinryuubetterrenderaddon]: Sending event FMLPostInitializationEvent to mod jinryuubetterrenderaddon
[05:15:48] [Server thread/TRACE] [jinryuubetterrenderaddon/jinryuubetterrenderaddon]: Sent event FMLPostInitializationEvent to mod jinryuubetterrenderaddon
[05:15:48] [Server thread/DEBUG] [FML/]: Bar Step: PostInitialization - JinRyuu's Better Render Addon took 0.000s
[05:15:48] [Server thread/TRACE] [journeymap/journeymap]: Sending event FMLPostInitializationEvent to mod journeymap
[05:15:48] [Server thread/TRACE] [journeymap/journeymap]: Sent event FMLPostInitializationEvent to mod journeymap
[05:15:48] [Server thread/DEBUG] [FML/]: Bar Step: PostInitialization - JourneyMap took 0.000s
[05:15:48] [Server thread/TRACE] [jinryuuyearsc/jinryuuyearsc]: Sending event FMLPostInitializationEvent to mod jinryuuyearsc
[05:15:48] [Server thread/INFO] [jinryuuyearsc/jinryuuyearsc]: Initialization Completed
[05:15:48] [Server thread/INFO] [jinryuuyearsc/jinryuuyearsc]: Fully Loaded!
[05:15:48] [Server thread/INFO] [jinryuuyearsc/jinryuuyearsc]: Enjoy ^^
[05:15:48] [Server thread/TRACE] [jinryuuyearsc/jinryuuyearsc]: Sent event FMLPostInitializationEvent to mod jinryuuyearsc
[05:15:48] [Server thread/DEBUG] [FML/]: Bar Step: PostInitialization - JinRyuu's Years C took 0.000s
[05:15:48] [Server thread/TRACE] [lootplusplus/lootplusplus]: Sending event FMLPostInitializationEvent to mod lootplusplus
[05:15:48] [Server thread/TRACE] [lootplusplus/lootplusplus]: Sent event FMLPostInitializationEvent to mod lootplusplus
[05:15:48] [Server thread/DEBUG] [FML/]: Bar Step: PostInitialization - Loot++ took 0.002s
[05:15:48] [Server thread/DEBUG] [FML/]: Bar Finished: PostInitialization took 0.008s
[05:15:48] [Server thread/TRACE] [mcp/mcp]: Sending event FMLLoadCompleteEvent to mod mcp
[05:15:48] [Server thread/TRACE] [mcp/mcp]: Sent event FMLLoadCompleteEvent to mod mcp
[05:15:48] [Server thread/DEBUG] [FML/]: Bar Step: LoadComplete - Minecraft Coder Pack took 0.000s
[05:15:48] [Server thread/TRACE] [FML/FML]: Sending event FMLLoadCompleteEvent to mod FML
[05:15:48] [Server thread/TRACE] [FML/FML]: Sent event FMLLoadCompleteEvent to mod FML
[05:15:48] [Server thread/DEBUG] [FML/]: Bar Step: LoadComplete - Forge Mod Loader took 0.000s
[05:15:48] [Server thread/TRACE] [Forge/Forge]: Sending event FMLLoadCompleteEvent to mod Forge
[05:15:48] [Server thread/DEBUG] [FML/Forge]: Forge RecipeSorter Baking:
[05:15:48] [Server thread/DEBUG] [FML/Forge]:   11: RecipeEntry("Before", UNKNOWN, )
[05:15:48] [Server thread/DEBUG] [FML/Forge]:   10: RecipeEntry("minecraft:shaped", SHAPED, net.minecraft.item.crafting.ShapedRecipes) Before: minecraft:shapeless
[05:15:48] [Server thread/DEBUG] [FML/Forge]:   9: RecipeEntry("forge:shapedore", SHAPED, net.minecraftforge.oredict.ShapedOreRecipe) Before: minecraft:shapeless After: minecraft:shaped
[05:15:48] [Server thread/DEBUG] [FML/Forge]:   8: RecipeEntry("minecraft:mapextending", SHAPED, net.minecraft.item.crafting.RecipesMapExtending) Before: minecraft:shapeless After: minecraft:shaped
[05:15:48] [Server thread/DEBUG] [FML/Forge]:   7: RecipeEntry("minecraft:shapeless", SHAPELESS, net.minecraft.item.crafting.ShapelessRecipes) After: minecraft:shaped
[05:15:48] [Server thread/DEBUG] [FML/Forge]:   6: RecipeEntry("forge:shapelessore", SHAPELESS, net.minecraftforge.oredict.ShapelessOreRecipe) After: minecraft:shapeless
[05:15:48] [Server thread/DEBUG] [FML/Forge]:   5: RecipeEntry("minecraft:armordyes", SHAPELESS, net.minecraft.item.crafting.RecipesArmorDyes) After: minecraft:shapeless
[05:15:48] [Server thread/DEBUG] [FML/Forge]:   4: RecipeEntry("minecraft:fireworks", SHAPELESS, net.minecraft.item.crafting.RecipeFireworks) After: minecraft:shapeless
[05:15:48] [Server thread/DEBUG] [FML/Forge]:   3: RecipeEntry("minecraft:bookcloning", SHAPELESS, net.minecraft.item.crafting.RecipeBookCloning) After: minecraft:shapeless
[05:15:48] [Server thread/DEBUG] [FML/Forge]:   2: RecipeEntry("minecraft:mapcloning", SHAPELESS, net.minecraft.item.crafting.RecipesMapCloning) After: minecraft:shapeless
[05:15:48] [Server thread/DEBUG] [FML/Forge]:   1: RecipeEntry("After", UNKNOWN, )
[05:15:48] [Server thread/DEBUG] [FML/Forge]: Sorting recipies
[05:15:48] [Server thread/TRACE] [Forge/Forge]: Sent event FMLLoadCompleteEvent to mod Forge
[05:15:48] [Server thread/DEBUG] [FML/]: Bar Step: LoadComplete - Minecraft Forge took 0.012s
[05:15:48] [Server thread/TRACE] [CodeChickenCore/CodeChickenCore]: Sending event FMLLoadCompleteEvent to mod CodeChickenCore
[05:15:48] [Server thread/TRACE] [CodeChickenCore/CodeChickenCore]: Sent event FMLLoadCompleteEvent to mod CodeChickenCore
[05:15:48] [Server thread/DEBUG] [FML/]: Bar Step: LoadComplete - CodeChicken Core took 0.000s
[05:15:48] [Server thread/TRACE] [NotEnoughItems/NotEnoughItems]: Sending event FMLLoadCompleteEvent to mod NotEnoughItems
[05:15:48] [Server thread/TRACE] [NotEnoughItems/NotEnoughItems]: Sent event FMLLoadCompleteEvent to mod NotEnoughItems
[05:15:48] [Server thread/DEBUG] [FML/]: Bar Step: LoadComplete - Not Enough Items took 0.000s
[05:15:48] [Server thread/TRACE] [adventurebackpack/adventurebackpack]: Sending event FMLLoadCompleteEvent to mod adventurebackpack
[05:15:48] [Server thread/TRACE] [adventurebackpack/adventurebackpack]: Sent event FMLLoadCompleteEvent to mod adventurebackpack
[05:15:48] [Server thread/DEBUG] [FML/]: Bar Step: LoadComplete - Adventure Backpack took 0.000s
[05:15:48] [Server thread/TRACE] [BiomeTweaker/BiomeTweaker]: Sending event FMLLoadCompleteEvent to mod BiomeTweaker
[05:15:48] [Server thread/INFO] [BiomeTweaker/BiomeTweaker]: Generating biome status report...
[05:15:48] [Server thread/TRACE] [BiomeTweaker/BiomeTweaker]: Sent event FMLLoadCompleteEvent to mod BiomeTweaker
[05:15:48] [Server thread/DEBUG] [FML/]: Bar Step: LoadComplete - BiomeTweaker took 0.046s
[05:15:48] [Server thread/TRACE] [jinryuujrmcore/jinryuujrmcore]: Sending event FMLLoadCompleteEvent to mod jinryuujrmcore
[05:15:48] [Server thread/TRACE] [jinryuujrmcore/jinryuujrmcore]: Sent event FMLLoadCompleteEvent to mod jinryuujrmcore
[05:15:48] [Server thread/DEBUG] [FML/]: Bar Step: LoadComplete - JinRyuu's JRMCore took 0.000s
[05:15:48] [Server thread/TRACE] [jinryuudragonblockc/jinryuudragonblockc]: Sending event FMLLoadCompleteEvent to mod jinryuudragonblockc
[05:15:48] [Server thread/TRACE] [jinryuudragonblockc/jinryuudragonblockc]: Sent event FMLLoadCompleteEvent to mod jinryuudragonblockc
[05:15:48] [Server thread/DEBUG] [FML/]: Bar Step: LoadComplete - Dragon Block C took 0.000s
[05:15:48] [Server thread/TRACE] [ironfurnaces/ironfurnaces]: Sending event FMLLoadCompleteEvent to mod ironfurnaces
[05:15:48] [Server thread/TRACE] [ironfurnaces/ironfurnaces]: Sent event FMLLoadCompleteEvent to mod ironfurnaces
[05:15:48] [Server thread/DEBUG] [FML/]: Bar Step: LoadComplete - Iron Furnaces took 0.000s
[05:15:48] [Server thread/TRACE] [jinryuubetterrenderaddon/jinryuubetterrenderaddon]: Sending event FMLLoadCompleteEvent to mod jinryuubetterrenderaddon
[05:15:48] [Server thread/TRACE] [jinryuubetterrenderaddon/jinryuubetterrenderaddon]: Sent event FMLLoadCompleteEvent to mod jinryuubetterrenderaddon
[05:15:48] [Server thread/DEBUG] [FML/]: Bar Step: LoadComplete - JinRyuu's Better Render Addon took 0.000s
[05:15:48] [Server thread/TRACE] [journeymap/journeymap]: Sending event FMLLoadCompleteEvent to mod journeymap
[05:15:48] [Server thread/TRACE] [journeymap/journeymap]: Sent event FMLLoadCompleteEvent to mod journeymap
[05:15:48] [Server thread/DEBUG] [FML/]: Bar Step: LoadComplete - JourneyMap took 0.000s
[05:15:48] [Server thread/TRACE] [jinryuuyearsc/jinryuuyearsc]: Sending event FMLLoadCompleteEvent to mod jinryuuyearsc
[05:15:48] [Server thread/TRACE] [jinryuuyearsc/jinryuuyearsc]: Sent event FMLLoadCompleteEvent to mod jinryuuyearsc
[05:15:48] [Server thread/DEBUG] [FML/]: Bar Step: LoadComplete - JinRyuu's Years C took 0.000s
[05:15:48] [Server thread/TRACE] [lootplusplus/lootplusplus]: Sending event FMLLoadCompleteEvent to mod lootplusplus
[05:15:48] [Server thread/TRACE] [lootplusplus/lootplusplus]: Sent event FMLLoadCompleteEvent to mod lootplusplus
[05:15:48] [Server thread/DEBUG] [FML/]: Bar Step: LoadComplete - Loot++ took 0.000s
[05:15:48] [Server thread/DEBUG] [FML/]: Bar Finished: LoadComplete took 0.062s
[05:15:48] [Server thread/DEBUG] [FML/]: Freezing block and item id maps
[05:15:48] [Server thread/DEBUG] [FML/]: Registry consistency check successful
[05:15:48] [Server thread/DEBUG] [FML/]: Registry consistency check successful
[05:15:48] [Server thread/INFO] [FML/]: Forge Mod Loader has successfully loaded 15 mods
[05:15:48] [Server thread/TRACE] [mcp/mcp]: Sending event FMLServerAboutToStartEvent to mod mcp
[05:15:48] [Server thread/TRACE] [mcp/mcp]: Sent event FMLServerAboutToStartEvent to mod mcp
[05:15:48] [Server thread/DEBUG] [FML/]: Bar Step: ServerAboutToStart - Minecraft Coder Pack took 0.000s
[05:15:48] [Server thread/TRACE] [FML/FML]: Sending event FMLServerAboutToStartEvent to mod FML
[05:15:48] [Server thread/TRACE] [FML/FML]: Sent event FMLServerAboutToStartEvent to mod FML
[05:15:48] [Server thread/DEBUG] [FML/]: Bar Step: ServerAboutToStart - Forge Mod Loader took 0.000s
[05:15:48] [Server thread/TRACE] [Forge/Forge]: Sending event FMLServerAboutToStartEvent to mod Forge
[05:15:48] [Server thread/TRACE] [Forge/Forge]: Sent event FMLServerAboutToStartEvent to mod Forge
[05:15:48] [Server thread/DEBUG] [FML/]: Bar Step: ServerAboutToStart - Minecraft Forge took 0.001s
[05:15:48] [Server thread/TRACE] [CodeChickenCore/CodeChickenCore]: Sending event FMLServerAboutToStartEvent to mod CodeChickenCore
[05:15:48] [Server thread/TRACE] [CodeChickenCore/CodeChickenCore]: Sent event FMLServerAboutToStartEvent to mod CodeChickenCore
[05:15:48] [Server thread/DEBUG] [FML/]: Bar Step: ServerAboutToStart - CodeChicken Core took 0.000s
[05:15:48] [Server thread/TRACE] [NotEnoughItems/NotEnoughItems]: Sending event FMLServerAboutToStartEvent to mod NotEnoughItems
[05:15:48] [Server thread/TRACE] [NotEnoughItems/NotEnoughItems]: Sent event FMLServerAboutToStartEvent to mod NotEnoughItems
[05:15:48] [Server thread/DEBUG] [FML/]: Bar Step: ServerAboutToStart - Not Enough Items took 0.000s
[05:15:48] [Server thread/TRACE] [adventurebackpack/adventurebackpack]: Sending event FMLServerAboutToStartEvent to mod adventurebackpack
[05:15:48] [Server thread/TRACE] [adventurebackpack/adventurebackpack]: Sent event FMLServerAboutToStartEvent to mod adventurebackpack
[05:15:48] [Server thread/DEBUG] [FML/]: Bar Step: ServerAboutToStart - Adventure Backpack took 0.000s
[05:15:48] [Server thread/TRACE] [BiomeTweaker/BiomeTweaker]: Sending event FMLServerAboutToStartEvent to mod BiomeTweaker
[05:15:48] [Server thread/TRACE] [BiomeTweaker/BiomeTweaker]: Sent event FMLServerAboutToStartEvent to mod BiomeTweaker
[05:15:48] [Server thread/DEBUG] [FML/]: Bar Step: ServerAboutToStart - BiomeTweaker took 0.000s
[05:15:48] [Server thread/TRACE] [jinryuujrmcore/jinryuujrmcore]: Sending event FMLServerAboutToStartEvent to mod jinryuujrmcore
[05:15:48] [Server thread/TRACE] [jinryuujrmcore/jinryuujrmcore]: Sent event FMLServerAboutToStartEvent to mod jinryuujrmcore
[05:15:48] [Server thread/DEBUG] [FML/]: Bar Step: ServerAboutToStart - JinRyuu's JRMCore took 0.000s
[05:15:48] [Server thread/TRACE] [jinryuudragonblockc/jinryuudragonblockc]: Sending event FMLServerAboutToStartEvent to mod jinryuudragonblockc
[05:15:48] [Server thread/TRACE] [jinryuudragonblockc/jinryuudragonblockc]: Sent event FMLServerAboutToStartEvent to mod jinryuudragonblockc
[05:15:48] [Server thread/DEBUG] [FML/]: Bar Step: ServerAboutToStart - Dragon Block C took 0.000s
[05:15:48] [Server thread/TRACE] [ironfurnaces/ironfurnaces]: Sending event FMLServerAboutToStartEvent to mod ironfurnaces
[05:15:48] [Server thread/TRACE] [ironfurnaces/ironfurnaces]: Sent event FMLServerAboutToStartEvent to mod ironfurnaces
[05:15:48] [Server thread/DEBUG] [FML/]: Bar Step: ServerAboutToStart - Iron Furnaces took 0.000s
[05:15:48] [Server thread/TRACE] [jinryuubetterrenderaddon/jinryuubetterrenderaddon]: Sending event FMLServerAboutToStartEvent to mod jinryuubetterrenderaddon
[05:15:48] [Server thread/TRACE] [jinryuubetterrenderaddon/jinryuubetterrenderaddon]: Sent event FMLServerAboutToStartEvent to mod jinryuubetterrenderaddon
[05:15:48] [Server thread/DEBUG] [FML/]: Bar Step: ServerAboutToStart - JinRyuu's Better Render Addon took 0.000s
[05:15:48] [Server thread/TRACE] [journeymap/journeymap]: Sending event FMLServerAboutToStartEvent to mod journeymap
[05:15:48] [Server thread/TRACE] [journeymap/journeymap]: Sent event FMLServerAboutToStartEvent to mod journeymap
[05:15:48] [Server thread/DEBUG] [FML/]: Bar Step: ServerAboutToStart - JourneyMap took 0.000s
[05:15:48] [Server thread/TRACE] [jinryuuyearsc/jinryuuyearsc]: Sending event FMLServerAboutToStartEvent to mod jinryuuyearsc
[05:15:48] [Server thread/TRACE] [jinryuuyearsc/jinryuuyearsc]: Sent event FMLServerAboutToStartEvent to mod jinryuuyearsc
[05:15:48] [Server thread/DEBUG] [FML/]: Bar Step: ServerAboutToStart - JinRyuu's Years C took 0.000s
[05:15:48] [Server thread/TRACE] [lootplusplus/lootplusplus]: Sending event FMLServerAboutToStartEvent to mod lootplusplus
[05:15:48] [Server thread/TRACE] [lootplusplus/lootplusplus]: Sent event FMLServerAboutToStartEvent to mod lootplusplus
[05:15:48] [Server thread/DEBUG] [FML/]: Bar Step: ServerAboutToStart - Loot++ took 0.033s
[05:15:48] [Server thread/DEBUG] [FML/]: Bar Finished: ServerAboutToStart took 0.036s
[05:15:48] [Server thread/INFO] [FML/]: Injecting existing block and item data into this server instance
[05:15:48] [Server thread/DEBUG] [FML/]: Registry consistency check successful
[05:15:48] [Server thread/DEBUG] [FML/]: Registry consistency check successful
[05:15:48] [Server thread/TRACE] [mcp/mcp]: Sending event FMLModIdMappingEvent to mod mcp
[05:15:48] [Server thread/TRACE] [mcp/mcp]: Sent event FMLModIdMappingEvent to mod mcp
[05:15:48] [Server thread/DEBUG] [FML/]: Bar Step: ModIdMapping - Minecraft Coder Pack took 0.001s
[05:15:48] [Server thread/TRACE] [FML/FML]: Sending event FMLModIdMappingEvent to mod FML
[05:15:48] [Server thread/TRACE] [FML/FML]: Sent event FMLModIdMappingEvent to mod FML
[05:15:48] [Server thread/DEBUG] [FML/]: Bar Step: ModIdMapping - Forge Mod Loader took 0.000s
[05:15:48] [Server thread/TRACE] [Forge/Forge]: Sending event FMLModIdMappingEvent to mod Forge
[05:15:48] [Server thread/TRACE] [Forge/Forge]: Sent event FMLModIdMappingEvent to mod Forge
[05:15:48] [Server thread/DEBUG] [FML/]: Bar Step: ModIdMapping - Minecraft Forge took 0.002s
[05:15:48] [Server thread/TRACE] [CodeChickenCore/CodeChickenCore]: Sending event FMLModIdMappingEvent to mod CodeChickenCore
[05:15:48] [Server thread/TRACE] [CodeChickenCore/CodeChickenCore]: Sent event FMLModIdMappingEvent to mod CodeChickenCore
[05:15:48] [Server thread/DEBUG] [FML/]: Bar Step: ModIdMapping - CodeChicken Core took 0.000s
[05:15:48] [Server thread/TRACE] [NotEnoughItems/NotEnoughItems]: Sending event FMLModIdMappingEvent to mod NotEnoughItems
[05:15:48] [Server thread/TRACE] [NotEnoughItems/NotEnoughItems]: Sent event FMLModIdMappingEvent to mod NotEnoughItems
[05:15:48] [Server thread/DEBUG] [FML/]: Bar Step: ModIdMapping - Not Enough Items took 0.000s
[05:15:48] [Server thread/TRACE] [adventurebackpack/adventurebackpack]: Sending event FMLModIdMappingEvent to mod adventurebackpack
[05:15:48] [Server thread/TRACE] [adventurebackpack/adventurebackpack]: Sent event FMLModIdMappingEvent to mod adventurebackpack
[05:15:48] [Server thread/DEBUG] [FML/]: Bar Step: ModIdMapping - Adventure Backpack took 0.000s
[05:15:48] [Server thread/TRACE] [BiomeTweaker/BiomeTweaker]: Sending event FMLModIdMappingEvent to mod BiomeTweaker
[05:15:48] [Server thread/TRACE] [BiomeTweaker/BiomeTweaker]: Sent event FMLModIdMappingEvent to mod BiomeTweaker
[05:15:48] [Server thread/DEBUG] [FML/]: Bar Step: ModIdMapping - BiomeTweaker took 0.000s
[05:15:48] [Server thread/TRACE] [jinryuujrmcore/jinryuujrmcore]: Sending event FMLModIdMappingEvent to mod jinryuujrmcore
[05:15:48] [Server thread/TRACE] [jinryuujrmcore/jinryuujrmcore]: Sent event FMLModIdMappingEvent to mod jinryuujrmcore
[05:15:48] [Server thread/DEBUG] [FML/]: Bar Step: ModIdMapping - JinRyuu's JRMCore took 0.000s
[05:15:48] [Server thread/TRACE] [jinryuudragonblockc/jinryuudragonblockc]: Sending event FMLModIdMappingEvent to mod jinryuudragonblockc
[05:15:48] [Server thread/TRACE] [jinryuudragonblockc/jinryuudragonblockc]: Sent event FMLModIdMappingEvent to mod jinryuudragonblockc
[05:15:48] [Server thread/DEBUG] [FML/]: Bar Step: ModIdMapping - Dragon Block C took 0.000s
[05:15:48] [Server thread/TRACE] [ironfurnaces/ironfurnaces]: Sending event FMLModIdMappingEvent to mod ironfurnaces
[05:15:48] [Server thread/TRACE] [ironfurnaces/ironfurnaces]: Sent event FMLModIdMappingEvent to mod ironfurnaces
[05:15:48] [Server thread/DEBUG] [FML/]: Bar Step: ModIdMapping - Iron Furnaces took 0.000s
[05:15:48] [Server thread/TRACE] [jinryuubetterrenderaddon/jinryuubetterrenderaddon]: Sending event FMLModIdMappingEvent to mod jinryuubetterrenderaddon
[05:15:48] [Server thread/TRACE] [jinryuubetterrenderaddon/jinryuubetterrenderaddon]: Sent event FMLModIdMappingEvent to mod jinryuubetterrenderaddon
[05:15:48] [Server thread/DEBUG] [FML/]: Bar Step: ModIdMapping - JinRyuu's Better Render Addon took 0.000s
[05:15:48] [Server thread/TRACE] [journeymap/journeymap]: Sending event FMLModIdMappingEvent to mod journeymap
[05:15:48] [Server thread/TRACE] [journeymap/journeymap]: Sent event FMLModIdMappingEvent to mod journeymap
[05:15:48] [Server thread/DEBUG] [FML/]: Bar Step: ModIdMapping - JourneyMap took 0.000s
[05:15:48] [Server thread/TRACE] [jinryuuyearsc/jinryuuyearsc]: Sending event FMLModIdMappingEvent to mod jinryuuyearsc
[05:15:48] [Server thread/TRACE] [jinryuuyearsc/jinryuuyearsc]: Sent event FMLModIdMappingEvent to mod jinryuuyearsc
[05:15:48] [Server thread/DEBUG] [FML/]: Bar Step: ModIdMapping - JinRyuu's Years C took 0.000s
[05:15:48] [Server thread/TRACE] [lootplusplus/lootplusplus]: Sending event FMLModIdMappingEvent to mod lootplusplus
[05:15:48] [Server thread/TRACE] [lootplusplus/lootplusplus]: Sent event FMLModIdMappingEvent to mod lootplusplus
[05:15:48] [Server thread/DEBUG] [FML/]: Bar Step: ModIdMapping - Loot++ took 0.000s
[05:15:48] [Server thread/DEBUG] [FML/]: Bar Finished: ModIdMapping took 0.004s
[05:15:48] [Server thread/INFO] [FML/]: Applying holder lookups
[05:15:48] [Server thread/INFO] [FML/]: Holder lookups applied
[05:15:48] [Server thread/DEBUG] [FML/]: Loading persistent fluid defaults from world
[05:15:48] [Server thread/DEBUG] [FML/]: The fluid adventurebackpack:mushroomsoup has been selected as the default fluid for mushroomsoup
[05:15:48] [Server thread/DEBUG] [FML/]: The fluid minecraft:lava has been selected as the default fluid for lava
[05:15:48] [Server thread/DEBUG] [FML/]: The fluid adventurebackpack:milk has been selected as the default fluid for milk
[05:15:48] [Server thread/DEBUG] [FML/]: The fluid minecraft:water has been selected as the default fluid for water
[05:15:48] [Server thread/DEBUG] [FML/]: The fluid jinryuudragonblockc:medicalliquid has been selected as the default fluid for medicalliquid
[05:15:48] [Server thread/DEBUG] [FML/]: The fluid adventurebackpack:melonjuice has been selected as the default fluid for melonjuice
[05:15:48] [Server thread/INFO] [FML/]: Loading dimension 0 (world) (net.minecraft.server.dedicated.DedicatedServer@7e6b9bce)
[05:15:48] [Server thread/INFO] [FML/]: Loading dimension 21 (world) (net.minecraft.server.dedicated.DedicatedServer@7e6b9bce)
[05:15:48] [Server thread/DEBUG] [NotEnoughItems/]: Loading NEI Server
[05:15:48] [Server thread/INFO] [FML/]: Loading dimension 20 (world) (net.minecraft.server.dedicated.DedicatedServer@7e6b9bce)
[05:15:48] [Server thread/INFO] [FML/]: Loading dimension 24 (world) (net.minecraft.server.dedicated.DedicatedServer@7e6b9bce)
[05:15:48] [Server thread/INFO] [FML/]: Loading dimension 23 (world) (net.minecraft.server.dedicated.DedicatedServer@7e6b9bce)
[05:15:48] [Server thread/INFO] [FML/]: Loading dimension 1 (world) (net.minecraft.server.dedicated.DedicatedServer@7e6b9bce)
[05:15:48] [Server thread/INFO] [FML/]: Loading dimension -1 (world) (net.minecraft.server.dedicated.DedicatedServer@7e6b9bce)
[05:15:48] [Server thread/INFO] [FML/]: Loading dimension 22 (world) (net.minecraft.server.dedicated.DedicatedServer@7e6b9bce)
[05:15:49] [Server thread/TRACE] [mcp/mcp]: Sending event FMLServerStartingEvent to mod mcp
[05:15:49] [Server thread/TRACE] [mcp/mcp]: Sent event FMLServerStartingEvent to mod mcp
[05:15:49] [Server thread/DEBUG] [FML/]: Bar Step: ServerStarting - Minecraft Coder Pack took 0.000s
[05:15:49] [Server thread/TRACE] [FML/FML]: Sending event FMLServerStartingEvent to mod FML
[05:15:49] [Server thread/TRACE] [FML/FML]: Sent event FMLServerStartingEvent to mod FML
[05:15:49] [Server thread/DEBUG] [FML/]: Bar Step: ServerStarting - Forge Mod Loader took 0.000s
[05:15:49] [Server thread/TRACE] [Forge/Forge]: Sending event FMLServerStartingEvent to mod Forge
[05:15:49] [Server thread/TRACE] [Forge/Forge]: Sent event FMLServerStartingEvent to mod Forge
[05:15:49] [Server thread/DEBUG] [FML/]: Bar Step: ServerStarting - Minecraft Forge took 0.002s
[05:15:49] [Server thread/TRACE] [CodeChickenCore/CodeChickenCore]: Sending event FMLServerStartingEvent to mod CodeChickenCore
[05:15:49] [Server thread/TRACE] [CodeChickenCore/CodeChickenCore]: Sent event FMLServerStartingEvent to mod CodeChickenCore
[05:15:49] [Server thread/DEBUG] [FML/]: Bar Step: ServerStarting - CodeChicken Core took 0.000s
[05:15:49] [Server thread/TRACE] [NotEnoughItems/NotEnoughItems]: Sending event FMLServerStartingEvent to mod NotEnoughItems
[05:15:49] [Server thread/TRACE] [NotEnoughItems/NotEnoughItems]: Sent event FMLServerStartingEvent to mod NotEnoughItems
[05:15:49] [Server thread/DEBUG] [FML/]: Bar Step: ServerStarting - Not Enough Items took 0.000s
[05:15:49] [Server thread/TRACE] [adventurebackpack/adventurebackpack]: Sending event FMLServerStartingEvent to mod adventurebackpack
[05:15:49] [Server thread/TRACE] [adventurebackpack/adventurebackpack]: Sent event FMLServerStartingEvent to mod adventurebackpack
[05:15:49] [Server thread/DEBUG] [FML/]: Bar Step: ServerStarting - Adventure Backpack took 0.000s
[05:15:49] [Server thread/TRACE] [BiomeTweaker/BiomeTweaker]: Sending event FMLServerStartingEvent to mod BiomeTweaker
[05:15:49] [Server thread/TRACE] [BiomeTweaker/BiomeTweaker]: Sent event FMLServerStartingEvent to mod BiomeTweaker
[05:15:49] [Server thread/DEBUG] [FML/]: Bar Step: ServerStarting - BiomeTweaker took 0.006s
[05:15:49] [Server thread/TRACE] [jinryuujrmcore/jinryuujrmcore]: Sending event FMLServerStartingEvent to mod jinryuujrmcore
[05:15:49] [Server thread/TRACE] [jinryuujrmcore/jinryuujrmcore]: Sent event FMLServerStartingEvent to mod jinryuujrmcore
[05:15:49] [Server thread/DEBUG] [FML/]: Bar Step: ServerStarting - JinRyuu's JRMCore took 0.041s
[05:15:49] [Server thread/TRACE] [jinryuudragonblockc/jinryuudragonblockc]: Sending event FMLServerStartingEvent to mod jinryuudragonblockc
[05:15:49] [Server thread/TRACE] [jinryuudragonblockc/jinryuudragonblockc]: Sent event FMLServerStartingEvent to mod jinryuudragonblockc
[05:15:49] [Server thread/DEBUG] [FML/]: Bar Step: ServerStarting - Dragon Block C took 0.018s
[05:15:49] [Server thread/TRACE] [ironfurnaces/ironfurnaces]: Sending event FMLServerStartingEvent to mod ironfurnaces
[05:15:49] [Server thread/TRACE] [ironfurnaces/ironfurnaces]: Sent event FMLServerStartingEvent to mod ironfurnaces
[05:15:49] [Server thread/DEBUG] [FML/]: Bar Step: ServerStarting - Iron Furnaces took 0.000s
[05:15:49] [Server thread/TRACE] [jinryuubetterrenderaddon/jinryuubetterrenderaddon]: Sending event FMLServerStartingEvent to mod jinryuubetterrenderaddon
[05:15:49] [Server thread/TRACE] [jinryuubetterrenderaddon/jinryuubetterrenderaddon]: Sent event FMLServerStartingEvent to mod jinryuubetterrenderaddon
[05:15:49] [Server thread/DEBUG] [FML/]: Bar Step: ServerStarting - JinRyuu's Better Render Addon took 0.000s
[05:15:49] [Server thread/TRACE] [journeymap/journeymap]: Sending event FMLServerStartingEvent to mod journeymap
[05:15:49] [Server thread/TRACE] [journeymap/journeymap]: Sent event FMLServerStartingEvent to mod journeymap
[05:15:49] [Server thread/DEBUG] [FML/]: Bar Step: ServerStarting - JourneyMap took 0.003s
[05:15:49] [Server thread/TRACE] [jinryuuyearsc/jinryuuyearsc]: Sending event FMLServerStartingEvent to mod jinryuuyearsc
[05:15:49] [Server thread/TRACE] [jinryuuyearsc/jinryuuyearsc]: Sent event FMLServerStartingEvent to mod jinryuuyearsc
[05:15:49] [Server thread/DEBUG] [FML/]: Bar Step: ServerStarting - JinRyuu's Years C took 0.003s
[05:15:49] [Server thread/TRACE] [lootplusplus/lootplusplus]: Sending event FMLServerStartingEvent to mod lootplusplus
[05:15:49] [Server thread/TRACE] [lootplusplus/lootplusplus]: Sent event FMLServerStartingEvent to mod lootplusplus
[05:15:49] [Server thread/DEBUG] [FML/]: Bar Step: ServerStarting - Loot++ took 0.095s
[05:15:49] [Server thread/DEBUG] [FML/]: Bar Finished: ServerStarting took 0.170s
[05:15:49] [Server thread/TRACE] [mcp/mcp]: Sending event FMLServerStartedEvent to mod mcp
[05:15:49] [Server thread/TRACE] [mcp/mcp]: Sent event FMLServerStartedEvent to mod mcp
[05:15:49] [Server thread/DEBUG] [FML/]: Bar Step: ServerStarted - Minecraft Coder Pack took 0.000s
[05:15:49] [Server thread/TRACE] [FML/FML]: Sending event FMLServerStartedEvent to mod FML
[05:15:49] [Server thread/TRACE] [FML/FML]: Sent event FMLServerStartedEvent to mod FML
[05:15:49] [Server thread/DEBUG] [FML/]: Bar Step: ServerStarted - Forge Mod Loader took 0.000s
[05:15:49] [Server thread/TRACE] [Forge/Forge]: Sending event FMLServerStartedEvent to mod Forge
[05:15:49] [Server thread/TRACE] [Forge/Forge]: Sent event FMLServerStartedEvent to mod Forge
[05:15:49] [Server thread/DEBUG] [FML/]: Bar Step: ServerStarted - Minecraft Forge took 0.000s
[05:15:49] [Server thread/TRACE] [CodeChickenCore/CodeChickenCore]: Sending event FMLServerStartedEvent to mod CodeChickenCore
[05:15:49] [Server thread/TRACE] [CodeChickenCore/CodeChickenCore]: Sent event FMLServerStartedEvent to mod CodeChickenCore
[05:15:49] [Server thread/DEBUG] [FML/]: Bar Step: ServerStarted - CodeChicken Core took 0.000s
[05:15:49] [Server thread/TRACE] [NotEnoughItems/NotEnoughItems]: Sending event FMLServerStartedEvent to mod NotEnoughItems
[05:15:49] [Server thread/TRACE] [NotEnoughItems/NotEnoughItems]: Sent event FMLServerStartedEvent to mod NotEnoughItems
[05:15:49] [Server thread/DEBUG] [FML/]: Bar Step: ServerStarted - Not Enough Items took 0.000s
[05:15:49] [Server thread/TRACE] [adventurebackpack/adventurebackpack]: Sending event FMLServerStartedEvent to mod adventurebackpack
[05:15:49] [Server thread/TRACE] [adventurebackpack/adventurebackpack]: Sent event FMLServerStartedEvent to mod adventurebackpack
[05:15:49] [Server thread/DEBUG] [FML/]: Bar Step: ServerStarted - Adventure Backpack took 0.000s
[05:15:49] [Server thread/TRACE] [BiomeTweaker/BiomeTweaker]: Sending event FMLServerStartedEvent to mod BiomeTweaker
[05:15:49] [Server thread/TRACE] [BiomeTweaker/BiomeTweaker]: Sent event FMLServerStartedEvent to mod BiomeTweaker
[05:15:49] [Server thread/DEBUG] [FML/]: Bar Step: ServerStarted - BiomeTweaker took 0.000s
[05:15:49] [Server thread/TRACE] [jinryuujrmcore/jinryuujrmcore]: Sending event FMLServerStartedEvent to mod jinryuujrmcore
[05:15:49] [Server thread/TRACE] [jinryuujrmcore/jinryuujrmcore]: Sent event FMLServerStartedEvent to mod jinryuujrmcore
[05:15:49] [Server thread/DEBUG] [FML/]: Bar Step: ServerStarted - JinRyuu's JRMCore took 0.000s
[05:15:49] [Server thread/TRACE] [jinryuudragonblockc/jinryuudragonblockc]: Sending event FMLServerStartedEvent to mod jinryuudragonblockc
[05:15:49] [Server thread/TRACE] [jinryuudragonblockc/jinryuudragonblockc]: Sent event FMLServerStartedEvent to mod jinryuudragonblockc
[05:15:49] [Server thread/DEBUG] [FML/]: Bar Step: ServerStarted - Dragon Block C took 0.000s
[05:15:49] [Server thread/TRACE] [ironfurnaces/ironfurnaces]: Sending event FMLServerStartedEvent to mod ironfurnaces
[05:15:49] [Server thread/TRACE] [ironfurnaces/ironfurnaces]: Sent event FMLServerStartedEvent to mod ironfurnaces
[05:15:49] [Server thread/DEBUG] [FML/]: Bar Step: ServerStarted - Iron Furnaces took 0.000s
[05:15:49] [Server thread/TRACE] [jinryuubetterrenderaddon/jinryuubetterrenderaddon]: Sending event FMLServerStartedEvent to mod jinryuubetterrenderaddon
[05:15:49] [Server thread/TRACE] [jinryuubetterrenderaddon/jinryuubetterrenderaddon]: Sent event FMLServerStartedEvent to mod jinryuubetterrenderaddon
[05:15:49] [Server thread/DEBUG] [FML/]: Bar Step: ServerStarted - JinRyuu's Better Render Addon took 0.000s
[05:15:49] [Server thread/TRACE] [journeymap/journeymap]: Sending event FMLServerStartedEvent to mod journeymap
[05:15:49] [Server thread/INFO] [journeymap/journeymap]: World ID: 8759593e-a32a-4d11-bce5-927c1ffd4f7f
[05:15:49] [Server thread/TRACE] [journeymap/journeymap]: Sent event FMLServerStartedEvent to mod journeymap
[05:15:49] [Server thread/DEBUG] [FML/]: Bar Step: ServerStarted - JourneyMap took 0.005s
[05:15:49] [Server thread/TRACE] [jinryuuyearsc/jinryuuyearsc]: Sending event FMLServerStartedEvent to mod jinryuuyearsc
[05:15:49] [Server thread/TRACE] [jinryuuyearsc/jinryuuyearsc]: Sent event FMLServerStartedEvent to mod jinryuuyearsc
[05:15:49] [Server thread/DEBUG] [FML/]: Bar Step: ServerStarted - JinRyuu's Years C took 0.000s
[05:15:49] [Server thread/TRACE] [lootplusplus/lootplusplus]: Sending event FMLServerStartedEvent to mod lootplusplus
[05:15:49] [Server thread/TRACE] [lootplusplus/lootplusplus]: Sent event FMLServerStartedEvent to mod lootplusplus
[05:15:49] [Server thread/DEBUG] [FML/]: Bar Step: ServerStarted - Loot++ took 0.000s
[05:15:49] [Server thread/DEBUG] [FML/]: Bar Finished: ServerStarted took 0.008s
[05:16:34] [Server thread/DEBUG] [FML/]: Gathering id map for writing to world save world
[05:17:01] [Server thread/DEBUG] [CCL ASM/]: NEI: Applying workbench fix
[05:17:02] [Netty IO #1/TRACE] [FML/]: $ClientHello->FMLHandshakeServerState$2:HELLO
[05:17:02] [Netty IO #1/INFO] [FML/]: Client protocol version 2
[05:17:02] [Netty IO #1/TRACE] [FML/]: $ModList:14 mods->FMLHandshakeServerState$2:HELLO
[05:17:02] [Netty IO #1/INFO] [FML/]: Client attempting to join with 14 mods : NotEnoughItems@1.0.5.120,FML@7.10.99.99,adventurebackpack@1.7.10-0.8b,Forge@10.13.4.1614,ironfurnaces@1.2.4,jinryuuyearsc@1.2.5,jinryuudragonblockc@1.4.85,CodeChickenCore@1.0.7.48,lootplusplus@0.19_for_1.7,mcp@9.05,BiomeTweaker@2.0.182,jinryuujrmcore@1.3.51,jinryuubetterrenderaddon@1.6.52,journeymap@5.2.3
[05:17:02] [Netty IO #1/INFO] [journeymap/]: CLIENT
[05:17:02] [Netty IO #1/INFO] [FML/]: Attempting connection with missing mods [] at CLIENT
[05:17:02] [Netty IO #1/TRACE] [FML/]: $HandshakeAck:{2}->FMLHandshakeServerState$3:WAITINGCACK
[05:17:02] [Netty IO #1/TRACE] [FML/]: $HandshakeAck:{3}->FMLHandshakeServerState$4:COMPLETE
[05:17:02] [Server thread/INFO] [FML/]: [Server thread] Server side modded connection established
[05:17:02] [Server thread/INFO] [Adventure Backpack/]: Joined EntityPlayer of name: MrRafa
[05:17:02] [Server thread/DEBUG] [NotEnoughItems/]: Loading Player: MrRafa
[05:17:02] [Server thread/DEBUG] [NotEnoughItems/]: Sending serverside check to: MrRafa
[05:17:02] [Netty IO #1/TRACE] [FML/]: $HandshakeAck:{4}->FMLHandshakeServerState$5:DONE
[05:17:02] [Netty IO #1/TRACE] [FML/]: $HandshakeAck:{5}->FMLHandshakeServerState$5:DONE
[05:17:19] [Server thread/DEBUG] [FML/]: Gathering id map for writing to world save world
[05:17:42] [Server thread/DEBUG] [NotEnoughItems/]: Sending serverside check to: MrRafa
[05:18:04] [Server thread/DEBUG] [FML/]: Gathering id map for writing to world save world
[05:18:49] [Server thread/DEBUG] [FML/]: Gathering id map for writing to world save world
[05:19:34] [Server thread/DEBUG] [FML/]: Gathering id map for writing to world save world
[05:20:19] [Server thread/DEBUG] [FML/]: Gathering id map for writing to world save world
[05:21:04] [Server thread/DEBUG] [FML/]: Gathering id map for writing to world save world
[05:21:49] [Server thread/DEBUG] [FML/]: Gathering id map for writing to world save world
[05:22:34] [Server thread/DEBUG] [FML/]: Gathering id map for writing to world save world
[05:23:19] [Server thread/DEBUG] [FML/]: Gathering id map for writing to world save world
[05:24:04] [Server thread/DEBUG] [FML/]: Gathering id map for writing to world save world
[05:24:30] [Server thread/INFO] [jinryuudragonblockc/]: BabidiShip spawned 460 -349
[05:24:49] [Server thread/DEBUG] [FML/]: Gathering id map for writing to world save world
[05:25:34] [Server thread/DEBUG] [FML/]: Gathering id map for writing to world save world
[05:26:19] [Server thread/DEBUG] [FML/]: Gathering id map for writing to world save world
[05:27:04] [Server thread/DEBUG] [FML/]: Gathering id map for writing to world save world
[05:27:49] [Server thread/DEBUG] [FML/]: Gathering id map for writing to world save world
[05:28:34] [Server thread/DEBUG] [FML/]: Gathering id map for writing to world save world
[05:29:19] [Server thread/DEBUG] [FML/]: Gathering id map for writing to world save world
[05:30:04] [Server thread/DEBUG] [FML/]: Gathering id map for writing to world save world
[05:30:49] [Server thread/DEBUG] [FML/]: Gathering id map for writing to world save world
[05:31:34] [Server thread/DEBUG] [FML/]: Gathering id map for writing to world save world
[05:32:19] [Server thread/DEBUG] [FML/]: Gathering id map for writing to world save world
[05:33:04] [Server thread/DEBUG] [FML/]: Gathering id map for writing to world save world
[05:33:49] [Server thread/DEBUG] [FML/]: Gathering id map for writing to world save world
[05:34:34] [Server thread/DEBUG] [FML/]: Gathering id map for writing to world save world
[05:35:19] [Server thread/DEBUG] [FML/]: Gathering id map for writing to world save world
[05:36:04] [Server thread/DEBUG] [FML/]: Gathering id map for writing to world save world
[05:36:49] [Server thread/DEBUG] [FML/]: Gathering id map for writing to world save world
[05:37:34] [Server thread/DEBUG] [FML/]: Gathering id map for writing to world save world
[05:38:19] [Server thread/DEBUG] [FML/]: Gathering id map for writing to world save world
[05:39:04] [Server thread/DEBUG] [FML/]: Gathering id map for writing to world save world
[05:39:49] [Server thread/DEBUG] [FML/]: Gathering id map for writing to world save world
[05:40:34] [Server thread/DEBUG] [FML/]: Gathering id map for writing to world save world
[05:41:01] [Server thread/INFO] [jinryuuyearsc/]: Ghastday on 4 of Redstonary in 0
[05:41:19] [Server thread/DEBUG] [FML/]: Gathering id map for writing to world save world
[05:42:04] [Server thread/DEBUG] [FML/]: Gathering id map for writing to world save world
[05:42:49] [Server thread/DEBUG] [FML/]: Gathering id map for writing to world save world
[05:43:34] [Server thread/DEBUG] [FML/]: Gathering id map for writing to world save world
[05:44:19] [Server thread/DEBUG] [FML/]: Gathering id map for writing to world save world
[05:45:04] [Server thread/DEBUG] [FML/]: Gathering id map for writing to world save world
[05:45:49] [Server thread/DEBUG] [FML/]: Gathering id map for writing to world save world
[05:46:34] [Server thread/DEBUG] [FML/]: Gathering id map for writing to world save world
