[00:17:40] [main/DEBUG] [FML/]: Injecting tracing printstreams for STDOUT/STDERR.
[00:17:40] [main/INFO] [FML/]: Forge Mod Loader version 7.99.40.1614 for Minecraft 1.7.10 loading
[00:17:40] [main/INFO] [FML/]: Java is OpenJDK 64-Bit Server VM, version 1.8.0_492, running on Linux:amd64:6.8.0-1052-azure, installed at /usr/lib/jvm/java-8-openjdk-amd64/jre
[00:17:40] [main/DEBUG] [FML/]: Java classpath at launch is /workspaces/ye/servidor_minecraft/forge-1.7.10-10.13.4.1614-1.7.10-universal.jar
[00:17:40] [main/DEBUG] [FML/]: Java library path at launch is /tmp/_MEILVXiFM:/usr/java/packages/lib/amd64:/usr/lib/x86_64-linux-gnu/jni:/lib/x86_64-linux-gnu:/usr/lib/x86_64-linux-gnu:/usr/lib/jni:/lib:/usr/lib
[00:17:40] [main/DEBUG] [FML/]: Enabling runtime deobfuscation
[00:17:40] [main/DEBUG] [FML/]: Instantiating coremod class FMLCorePlugin
[00:17:40] [main/DEBUG] [FML/]: Added access transformer class cpw.mods.fml.common.asm.transformers.AccessTransformer to enqueued access transformers
[00:17:40] [main/DEBUG] [FML/]: Enqueued coremod FMLCorePlugin
[00:17:40] [main/DEBUG] [FML/]: Instantiating coremod class FMLForgePlugin
[00:17:40] [main/DEBUG] [FML/]: Added access transformer class net.minecraftforge.transformers.ForgeAccessTransformer to enqueued access transformers
[00:17:40] [main/DEBUG] [FML/]: Enqueued coremod FMLForgePlugin
[00:17:40] [main/DEBUG] [FML/]: All fundamental core mods are successfully located
[00:17:40] [main/DEBUG] [FML/]: Attempting to load commandline specified mods, relative to /workspaces/ye/servidor_minecraft/.
[00:17:40] [main/DEBUG] [FML/]: Discovering coremods
[00:17:40] [main/DEBUG] [FML/]: Examining for coremod candidacy adventurebackpack-1.7.10-0.8c.jar
[00:17:40] [main/DEBUG] [FML/]: Not found coremod data in adventurebackpack-1.7.10-0.8c.jar
[00:17:40] [main/DEBUG] [FML/]: Examining for coremod candidacy BiomeTweaker-1.7.10-2.0.182.jar
[00:17:40] [main/TRACE] [FML/]: Found FMLCorePluginContainsFMLMod marker in BiomeTweaker-1.7.10-2.0.182.jar, it will be examined later for regular @Mod instances
[00:17:40] [main/DEBUG] [FML/]: Instantiating coremod class BiomeTweakerCore
[00:17:40] [main/TRACE] [FML/]: coremod named BiomeTweakerCore is loading
[00:17:40] [main/DEBUG] [FML/]: The coremod me.superckl.biometweaker.core.BiomeTweakerCore requested minecraft version 1.7.10 and minecraft is 1.7.10. It will be loaded.
[00:17:40] [main/DEBUG] [FML/]: Loaded 7 rules from AccessTransformer config file biometweaker_at.cfg
[00:17:40] [main/DEBUG] [FML/]: Added access transformer class me.superckl.biometweaker.core.BiomeTweakerCore to enqueued access transformers
[00:17:40] [main/DEBUG] [FML/]: Enqueued coremod BiomeTweakerCore
[00:17:40] [main/DEBUG] [FML/]: Examining for coremod candidacy CodeChickenCore-1.7.10-1.0.7.48-universal.jar
[00:17:40] [main/TRACE] [FML/]: Adding CodeChickenCore-1.7.10-1.0.7.48-universal.jar to the list of known coremods, it will not be examined again
[00:17:40] [main/DEBUG] [FML/]: Instantiating coremod class CodeChickenCorePlugin
[00:17:41] [main/WARN] [FML/]: The coremod codechicken.core.launch.CodeChickenCorePlugin does not have a MCVersion annotation, it may cause issues with this version of Minecraft
[00:17:41] [main/DEBUG] [FML/]: Added access transformer class codechicken.core.asm.CodeChickenAccessTransformer to enqueued access transformers
[00:17:41] [main/DEBUG] [FML/]: Enqueued coremod CodeChickenCorePlugin
[00:17:41] [main/DEBUG] [FML/]: Examining for coremod candidacy CodeChickenLib-1.7.10-1.1.3.141-universal.jar
[00:17:41] [main/DEBUG] [FML/]: Not found coremod data in CodeChickenLib-1.7.10-1.1.3.141-universal.jar
[00:17:41] [main/DEBUG] [FML/]: Examining for coremod candidacy DragonBlockC-v1.4.85.jar
[00:17:41] [main/DEBUG] [FML/]: Not found coremod data in DragonBlockC-v1.4.85.jar
[00:17:41] [main/DEBUG] [FML/]: Examining for coremod candidacy ironfurnaces-1.2.4R.jar
[00:17:41] [main/DEBUG] [FML/]: Not found coremod data in ironfurnaces-1.2.4R.jar
[00:17:41] [main/DEBUG] [FML/]: Examining for coremod candidacy JBRA-Client-v1.6.52.jar
[00:17:41] [main/DEBUG] [FML/]: Not found coremod data in JBRA-Client-v1.6.52.jar
[00:17:41] [main/DEBUG] [FML/]: Examining for coremod candidacy journeymap-1.7.10-5.2.3-unlimited.jar
[00:17:41] [main/DEBUG] [FML/]: Not found coremod data in journeymap-1.7.10-5.2.3-unlimited.jar
[00:17:41] [main/DEBUG] [FML/]: Examining for coremod candidacy JRMCore-v1.3.51.jar
[00:17:41] [main/DEBUG] [FML/]: Not found coremod data in JRMCore-v1.3.51.jar
[00:17:41] [main/DEBUG] [FML/]: Examining for coremod candidacy JYearsC-v1.2.5.jar
[00:17:41] [main/DEBUG] [FML/]: Not found coremod data in JYearsC-v1.2.5.jar
[00:17:41] [main/DEBUG] [FML/]: Examining for coremod candidacy Loot++-0.19_for_1.7.jar
[00:17:41] [main/DEBUG] [FML/]: Not found coremod data in Loot++-0.19_for_1.7.jar
[00:17:41] [main/DEBUG] [FML/]: Examining for coremod candidacy NotEnoughItems-1.7.10-1.0.5.120-universal.jar
[00:17:41] [main/TRACE] [FML/]: Adding NotEnoughItems-1.7.10-1.0.5.120-universal.jar to the list of known coremods, it will not be examined again
[00:17:41] [main/DEBUG] [FML/]: Instantiating coremod class NEICorePlugin
[00:17:41] [main/WARN] [FML/]: The coremod codechicken.nei.asm.NEICorePlugin does not have a MCVersion annotation, it may cause issues with this version of Minecraft
[00:17:41] [main/DEBUG] [FML/]: Enqueued coremod NEICorePlugin
[00:17:41] [main/INFO] [LaunchWrapper/]: Loading tweak class name cpw.mods.fml.common.launcher.FMLInjectionAndSortingTweaker
[00:17:41] [main/INFO] [LaunchWrapper/]: Loading tweak class name cpw.mods.fml.common.launcher.FMLDeobfTweaker
[00:17:41] [main/INFO] [LaunchWrapper/]: Calling tweak class cpw.mods.fml.common.launcher.FMLInjectionAndSortingTweaker
[00:17:41] [main/INFO] [LaunchWrapper/]: Calling tweak class cpw.mods.fml.common.launcher.FMLInjectionAndSortingTweaker
[00:17:41] [main/INFO] [LaunchWrapper/]: Calling tweak class cpw.mods.fml.relauncher.CoreModManager$FMLPluginWrapper
[00:17:41] [main/DEBUG] [FML/]: Injecting coremod FMLCorePlugin {cpw.mods.fml.relauncher.FMLCorePlugin} class transformers
[00:17:41] [main/TRACE] [FML/]: Registering transformer cpw.mods.fml.common.asm.transformers.MarkerTransformer
[00:17:41] [main/TRACE] [FML/]: Registering transformer cpw.mods.fml.common.asm.transformers.SideTransformer
[00:17:41] [main/TRACE] [FML/]: Registering transformer cpw.mods.fml.common.asm.transformers.EventSubscriptionTransformer
[00:17:41] [main/DEBUG] [FML/]: Injection complete
[00:17:41] [main/DEBUG] [FML/]: Running coremod plugin for FMLCorePlugin {cpw.mods.fml.relauncher.FMLCorePlugin}
[00:17:41] [main/DEBUG] [FML/]: Running coremod plugin FMLCorePlugin
[00:17:41] [main/DEBUG] [FML/]: Read 527 binary patches
[00:17:41] [main/ERROR] [FML/]: FML appears to be missing any signature data. This is not a good thing
[00:17:41] [main/DEBUG] [FML/]: Coremod plugin class FMLCorePlugin run successfully
[00:17:41] [main/INFO] [LaunchWrapper/]: Calling tweak class cpw.mods.fml.relauncher.CoreModManager$FMLPluginWrapper
[00:17:41] [main/DEBUG] [FML/]: Injecting coremod FMLForgePlugin {net.minecraftforge.classloading.FMLForgePlugin} class transformers
[00:17:41] [main/TRACE] [FML/]: Registering transformer net.minecraftforge.classloading.FluidIdTransformer
[00:17:41] [main/DEBUG] [FML/]: Injection complete
[00:17:41] [main/DEBUG] [FML/]: Running coremod plugin for FMLForgePlugin {net.minecraftforge.classloading.FMLForgePlugin}
[00:17:41] [main/DEBUG] [FML/]: Running coremod plugin FMLForgePlugin
[00:17:41] [main/DEBUG] [FML/]: Coremod plugin class FMLForgePlugin run successfully
[00:17:41] [main/INFO] [LaunchWrapper/]: Calling tweak class cpw.mods.fml.relauncher.CoreModManager$FMLPluginWrapper
[00:17:41] [main/DEBUG] [FML/]: Injecting coremod CCCDeobfPlugin {codechicken.core.asm.MCPDeobfuscationTransformer$LoadPlugin} class transformers
[00:17:41] [main/DEBUG] [FML/]: Injection complete
[00:17:41] [main/DEBUG] [FML/]: Running coremod plugin for CCCDeobfPlugin {codechicken.core.asm.MCPDeobfuscationTransformer$LoadPlugin}
[00:17:41] [main/DEBUG] [FML/]: Running coremod plugin CCCDeobfPlugin
[00:17:41] [main/DEBUG] [FML/]: Coremod plugin class LoadPlugin run successfully
[00:17:41] [main/INFO] [LaunchWrapper/]: Calling tweak class cpw.mods.fml.relauncher.CoreModManager$FMLPluginWrapper
[00:17:41] [main/DEBUG] [FML/]: Injecting coremod CodeChickenCorePlugin {codechicken.core.launch.CodeChickenCorePlugin} class transformers
[00:17:41] [main/TRACE] [FML/]: Registering transformer codechicken.lib.asm.ClassHeirachyManager
[00:17:41] [main/TRACE] [FML/]: Registering transformer codechicken.core.asm.InterfaceDependancyTransformer
[00:17:41] [main/TRACE] [FML/]: Registering transformer codechicken.core.asm.TweakTransformer
[00:17:41] [main/TRACE] [FML/]: Registering transformer codechicken.core.asm.DelegatedTransformer
[00:17:41] [main/TRACE] [FML/]: Registering transformer codechicken.core.asm.DefaultImplementationTransformer
[00:17:41] [main/DEBUG] [FML/]: Injection complete
[00:17:41] [main/DEBUG] [FML/]: Running coremod plugin for CodeChickenCorePlugin {codechicken.core.launch.CodeChickenCorePlugin}
[00:17:41] [main/DEBUG] [FML/]: Running coremod plugin CodeChickenCorePlugin
[00:17:41] [main/DEBUG] [FML/]: Coremod plugin class CodeChickenCorePlugin run successfully
[00:17:41] [main/INFO] [LaunchWrapper/]: Calling tweak class cpw.mods.fml.relauncher.CoreModManager$FMLPluginWrapper
[00:17:41] [main/DEBUG] [FML/]: Injecting coremod NEICorePlugin {codechicken.nei.asm.NEICorePlugin} class transformers
[00:17:41] [main/TRACE] [FML/]: Registering transformer codechicken.nei.asm.NEITransformer
[00:17:42] [main/DEBUG] [FML/]: Injection complete
[00:17:42] [main/DEBUG] [FML/]: Running coremod plugin for NEICorePlugin {codechicken.nei.asm.NEICorePlugin}
[00:17:42] [main/DEBUG] [FML/]: Running coremod plugin NEICorePlugin
[00:17:42] [main/DEBUG] [FML/]: Coremod plugin class NEICorePlugin run successfully
[00:17:42] [main/INFO] [LaunchWrapper/]: Calling tweak class cpw.mods.fml.common.launcher.FMLDeobfTweaker
[00:17:42] [main/DEBUG] [FML/]: Loaded 57 rules from AccessTransformer config file fml_at.cfg
[00:17:42] [main/DEBUG] [FML/]: Loaded 89 rules from AccessTransformer config file forge_at.cfg
[00:17:42] [main/DEBUG] [FML/]: Loaded 7 rules from AccessTransformer config file biometweaker_at.cfg
[00:17:42] [main/DEBUG] [FML/]: Loaded 57 rules from AccessTransformer config file fml_at.cfg
[00:17:42] [main/DEBUG] [FML/]: Loaded 11 rules from AccessTransformer mod jar file /workspaces/ye/servidor_minecraft/mods/NotEnoughItems-1.7.10-1.0.5.120-universal.jar!META-INF/nei_at.cfg

[00:17:42] [main/DEBUG] [FML/]: Loaded 2 rules from AccessTransformer mod jar file /workspaces/ye/servidor_minecraft/mods/journeymap-1.7.10-5.2.3-unlimited.jar!META-INF/journeymap_at.cfg

[00:17:42] [main/DEBUG] [FML/]: Validating minecraft
[00:17:42] [main/DEBUG] [FML/]: Minecraft validated, launching...
[00:17:42] [main/INFO] [LaunchWrapper/]: Calling tweak class cpw.mods.fml.relauncher.CoreModManager$FMLPluginWrapper
[00:17:42] [main/DEBUG] [FML/]: Injecting coremod BiomeTweakerCore {me.superckl.biometweaker.core.BiomeTweakerCore} class transformers
[00:17:42] [main/TRACE] [FML/]: Registering transformer me.superckl.biometweaker.core.BiomeTweakerASMTransformer
[00:17:42] [main/DEBUG] [FML/]: Injection complete
[00:17:42] [main/DEBUG] [FML/]: Running coremod plugin for BiomeTweakerCore {me.superckl.biometweaker.core.BiomeTweakerCore}
[00:17:42] [main/DEBUG] [FML/]: Running coremod plugin BiomeTweakerCore
[00:17:42] [main/INFO] [BiomeTweakerCore/]: Attempting to discover integration callbacks in coremods...
[00:17:42] [main/INFO] [BiomeTweakerCore/]: Beginning early config parsing...
[00:17:42] [main/DEBUG] [BiomeTweakerCore/]: We are operating in /workspaces/ye/servidor_minecraft/./config/BiomeTweaker
[00:17:42] [main/INFO] [BiomeTweakerCore/]: Finished config parsing.
[00:17:42] [main/DEBUG] [FML/]: Coremod plugin class BiomeTweakerCore run successfully
[00:17:42] [main/INFO] [LaunchWrapper/]: Loading tweak class name cpw.mods.fml.common.launcher.TerminalTweaker
[00:17:42] [main/INFO] [LaunchWrapper/]: Calling tweak class cpw.mods.fml.common.launcher.TerminalTweaker
[00:17:42] [main/INFO] [LaunchWrapper/]: Launching wrapped minecraft {net.minecraft.server.MinecraftServer}
[00:17:42] [main/DEBUG] [CCL ASM/]: Writing method [aji.canBeReplacedByLeaves(Lahl;III)Z]
[00:17:42] [main/INFO] [BiomeTweakerCore/]: Attempting to patch class net.minecraft.block.BlockOldLeaf...
[00:17:42] [main/ERROR] [BiomeTweakerCore/]: Failed to patch net.minecraft.block.BlockOldLeaf!  If this is a server, you're fine. Otherwise ye who continue now abandon all hope.
[00:17:42] [main/DEBUG] [CCL ASM/]: Injecting before method [dh.toString()Ljava/lang/String;] @ 51 - 55
[00:17:43] [main/DEBUG] [CCL ASM/]: Injecting before method [dq.toString()Ljava/lang/String;] @ 56 - 60
[00:17:43] [Server thread/INFO] [MinecraftForge/]: Attempting early MinecraftForge initialization
[00:17:43] [Server thread/INFO] [FML/]: MinecraftForge v10.13.4.1614 Initialized
[00:17:43] [Server thread/INFO] [FML/]: Replaced 183 ore recipies
[00:17:44] [Server thread/INFO] [MinecraftForge/]: Completed early MinecraftForge initialization
[00:17:44] [Server thread/DEBUG] [FML/]: File /workspaces/ye/servidor_minecraft/config/injectedDependencies.json not found. No dependencies injected
[00:17:44] [Server thread/DEBUG] [FML/]: Building injected Mod Containers [cpw.mods.fml.common.FMLContainer, net.minecraftforge.common.ForgeModContainer, codechicken.core.asm.CodeChickenCoreModContainer, codechicken.nei.NEIModContainer, me.superckl.biometweaker.core.ModBiomeTweakerCore]
[00:17:44] [Server thread/DEBUG] [FML/]: Attempting to load mods contained in the minecraft jar file and associated classes
[00:17:44] [Server thread/DEBUG] [FML/]: Found a minecraft related file at /workspaces/ye/servidor_minecraft/forge-1.7.10-10.13.4.1614-1.7.10-universal.jar, examining for mod candidates
[00:17:44] [Server thread/TRACE] [FML/]: Skipping known library file /workspaces/ye/servidor_minecraft/mods/BiomeTweaker-1.7.10-2.0.182.jar
[00:17:44] [Server thread/TRACE] [FML/]: Skipping known library file /workspaces/ye/servidor_minecraft/mods/CodeChickenCore-1.7.10-1.0.7.48-universal.jar
[00:17:44] [Server thread/DEBUG] [FML/]: Found a minecraft related file at /workspaces/ye/servidor_minecraft/./mods/1.7.10/CodeChickenLib-1.7.10-1.1.3.141-universal.jar, examining for mod candidates
[00:17:44] [Server thread/TRACE] [FML/]: Skipping known library file /workspaces/ye/servidor_minecraft/mods/NotEnoughItems-1.7.10-1.0.5.120-universal.jar
[00:17:44] [Server thread/DEBUG] [FML/]: Minecraft jar mods loaded successfully
[00:17:44] [Server thread/INFO] [FML/]: Found 0 mods from the command line. Injecting into mod discoverer
[00:17:44] [Server thread/INFO] [FML/]: Searching /workspaces/ye/servidor_minecraft/mods for mods
[00:17:44] [Server thread/DEBUG] [FML/]: Found a candidate mod directory 1.7.10
[00:17:44] [Server thread/DEBUG] [FML/]: Found a candidate zip or jar file adventurebackpack-1.7.10-0.8c.jar
[00:17:44] [Server thread/DEBUG] [FML/]: Found a candidate zip or jar file BiomeTweaker-1.7.10-2.0.182.jar
[00:17:44] [Server thread/TRACE] [FML/]: Skipping already parsed coremod or tweaker CodeChickenCore-1.7.10-1.0.7.48-universal.jar
[00:17:44] [Server thread/DEBUG] [FML/]: Found a candidate zip or jar file DragonBlockC-v1.4.85.jar
[00:17:44] [Server thread/DEBUG] [FML/]: Ignoring unknown file forge-1.7.10-10.13.4.1614-1.7.10-installer.jar.log in mods directory
[00:17:44] [Server thread/DEBUG] [FML/]: Found a candidate zip or jar file ironfurnaces-1.2.4R.jar
[00:17:44] [Server thread/DEBUG] [FML/]: Found a candidate zip or jar file JBRA-Client-v1.6.52.jar
[00:17:44] [Server thread/DEBUG] [FML/]: Found a candidate zip or jar file journeymap-1.7.10-5.2.3-unlimited.jar
[00:17:44] [Server thread/DEBUG] [FML/]: Found a candidate zip or jar file JRMCore-v1.3.51.jar
[00:17:44] [Server thread/DEBUG] [FML/]: Found a candidate zip or jar file JYearsC-v1.2.5.jar
[00:17:44] [Server thread/DEBUG] [FML/]: Found a candidate zip or jar file Loot++-0.19_for_1.7.jar
[00:17:44] [Server thread/TRACE] [FML/]: Skipping already parsed coremod or tweaker NotEnoughItems-1.7.10-1.0.5.120-universal.jar
[00:17:44] [Server thread/INFO] [FML/]: Also searching /workspaces/ye/servidor_minecraft/mods/1.7.10 for mods
[00:17:44] [Server thread/DEBUG] [FML/]: Found a candidate zip or jar file CodeChickenLib-1.7.10-1.1.3.141-universal.jar
[00:17:44] [Server thread/DEBUG] [FML/]: Examining file forge-1.7.10-10.13.4.1614-1.7.10-universal.jar for potential mods
[00:17:44] [Server thread/DEBUG] [FML/]: The mod container forge-1.7.10-10.13.4.1614-1.7.10-universal.jar appears to be missing an mcmod.info file
[00:17:44] [Server thread/DEBUG] [FML/]: Examining file CodeChickenLib-1.7.10-1.1.3.141-universal.jar for potential mods
[00:17:44] [Server thread/DEBUG] [FML/]: The mod container CodeChickenLib-1.7.10-1.1.3.141-universal.jar appears to be missing an mcmod.info file
[00:17:44] [Server thread/DEBUG] [FML/]: Examining directory 1.7.10 for potential mods
[00:17:44] [Server thread/DEBUG] [FML/]: No mcmod.info file found in directory 1.7.10
[00:17:44] [Server thread/DEBUG] [FML/]: Examining file adventurebackpack-1.7.10-0.8c.jar for potential mods
[00:17:44] [Server thread/TRACE] [FML/]: Located mcmod.info file in file adventurebackpack-1.7.10-0.8c.jar
[00:17:44] [Server thread/DEBUG] [FML/]: Identified a mod of type Lcpw/mods/fml/common/Mod; (com.darkona.adventurebackpack.AdventureBackpack) - loading
[00:17:44] [Server thread/TRACE] [adventurebackpack/]: Using mcmod dependency info : [] [] []
[00:17:44] [Server thread/DEBUG] [FML/]: Examining file BiomeTweaker-1.7.10-2.0.182.jar for potential mods
[00:17:44] [Server thread/TRACE] [FML/]: Located mcmod.info file in file BiomeTweaker-1.7.10-2.0.182.jar
[00:17:44] [Server thread/DEBUG] [FML/]: Identified a mod of type Lcpw/mods/fml/common/Mod; (me.superckl.biometweaker.BiomeTweaker) - loading
[00:17:44] [Server thread/TRACE] [BiomeTweaker/]: Parsed dependency info : [] [GalacticraftCore] [BiomesOPlenty]
[00:17:44] [Server thread/DEBUG] [FML/]: Examining file DragonBlockC-v1.4.85.jar for potential mods
[00:17:44] [Server thread/DEBUG] [FML/]: The mod container DragonBlockC-v1.4.85.jar appears to be missing an mcmod.info file
[00:17:44] [Server thread/DEBUG] [FML/]: Identified a class JinRyuu.DragonBC.common.mod_DragonBC following modloader naming convention but not directly a BaseMod or currently seen subclass
[00:17:44] [Server thread/DEBUG] [FML/]: Identified a mod of type Lcpw/mods/fml/common/Mod; (JinRyuu.DragonBC.common.mod_DragonBC) - loading
[00:17:44] [Server thread/TRACE] [jinryuudragonblockc/]: Parsed dependency info : [jinryuujrmcore] [jinryuujrmcore] []
[00:17:45] [Server thread/INFO] [FML/]: Attempting to reparse the mod container DragonBlockC-v1.4.85.jar
[00:17:45] [Server thread/DEBUG] [FML/]: Examining file DragonBlockC-v1.4.85.jar for potential mods
[00:17:45] [Server thread/DEBUG] [FML/]: The mod container DragonBlockC-v1.4.85.jar appears to be missing an mcmod.info file
[00:17:45] [Server thread/DEBUG] [FML/]: Identified a class JinRyuu.DragonBC.common.mod_DragonBC following modloader naming convention but not directly a BaseMod or currently seen subclass
[00:17:45] [Server thread/DEBUG] [FML/]: Identified a mod of type Lcpw/mods/fml/common/Mod; (JinRyuu.DragonBC.common.mod_DragonBC) - loading
[00:17:45] [Server thread/TRACE] [jinryuudragonblockc/]: Parsed dependency info : [jinryuujrmcore] [jinryuujrmcore] []
[00:17:45] [Server thread/DEBUG] [FML/]: Examining file ironfurnaces-1.2.4R.jar for potential mods
[00:17:45] [Server thread/TRACE] [FML/]: Located mcmod.info file in file ironfurnaces-1.2.4R.jar
[00:17:45] [Server thread/DEBUG] [FML/]: Identified a mod of type Lcpw/mods/fml/common/Mod; (IronFurnaces) - loading
[00:17:45] [Server thread/TRACE] [ironfurnaces/]: Parsed dependency info : [] [] []
[00:17:45] [Server thread/DEBUG] [ironfurnaces/]: Attempting to load the file version.properties from ironfurnaces-1.2.4R.jar to locate a version number for ironfurnaces
[00:17:45] [Server thread/WARN] [ironfurnaces/]: Mod ironfurnaces is missing the required element 'version' and a version.properties file could not be found. Falling back to metadata version 1.2.4
[00:17:45] [Server thread/DEBUG] [FML/]: Examining file JBRA-Client-v1.6.52.jar for potential mods
[00:17:45] [Server thread/DEBUG] [FML/]: The mod container JBRA-Client-v1.6.52.jar appears to be missing an mcmod.info file
[00:17:45] [Server thread/DEBUG] [FML/]: Identified a class JinRyuu.JBRA.mod_JBRA following modloader naming convention but not directly a BaseMod or currently seen subclass
[00:17:45] [Server thread/DEBUG] [FML/]: Identified a mod of type Lcpw/mods/fml/common/Mod; (JinRyuu.JBRA.mod_JBRA) - loading
[00:17:45] [Server thread/TRACE] [jinryuubetterrenderaddon/]: Parsed dependency info : [jinryuujrmcore] [jinryuujrmcore, optifine, OptiFine] []
[00:17:45] [Server thread/INFO] [FML/]: Attempting to reparse the mod container JBRA-Client-v1.6.52.jar
[00:17:45] [Server thread/DEBUG] [FML/]: Examining file JBRA-Client-v1.6.52.jar for potential mods
[00:17:45] [Server thread/DEBUG] [FML/]: The mod container JBRA-Client-v1.6.52.jar appears to be missing an mcmod.info file
[00:17:45] [Server thread/DEBUG] [FML/]: Identified a class JinRyuu.JBRA.mod_JBRA following modloader naming convention but not directly a BaseMod or currently seen subclass
[00:17:45] [Server thread/DEBUG] [FML/]: Identified a mod of type Lcpw/mods/fml/common/Mod; (JinRyuu.JBRA.mod_JBRA) - loading
[00:17:45] [Server thread/TRACE] [jinryuubetterrenderaddon/]: Parsed dependency info : [jinryuujrmcore] [jinryuujrmcore, optifine, OptiFine] []
[00:17:45] [Server thread/DEBUG] [FML/]: Examining file journeymap-1.7.10-5.2.3-unlimited.jar for potential mods
[00:17:45] [Server thread/TRACE] [FML/]: Located mcmod.info file in file journeymap-1.7.10-5.2.3-unlimited.jar
[00:17:45] [Server thread/DEBUG] [FML/]: Identified a mod of type Lcpw/mods/fml/common/Mod; (journeymap.common.Journeymap) - loading
[00:17:45] [Server thread/TRACE] [journeymap/]: Using mcmod dependency info : [Forge@[10.13.4.1614,)] [Forge@[10.13.4.1614,)] []
[00:17:45] [Server thread/ERROR] [FML/]: Unable to read a class file correctly
java.lang.IllegalArgumentException
	at org.objectweb.asm.ClassReader.<init>(Unknown Source) ~[asm-all-5.0.3.jar:5.0.3]
	at org.objectweb.asm.ClassReader.<init>(Unknown Source) ~[asm-all-5.0.3.jar:5.0.3]
	at org.objectweb.asm.ClassReader.<init>(Unknown Source) ~[asm-all-5.0.3.jar:5.0.3]
	at cpw.mods.fml.common.discovery.asm.ASMModParser.<init>(ASMModParser.java:52) [ASMModParser.class:?]
	at cpw.mods.fml.common.discovery.JarDiscoverer.discover(JarDiscoverer.java:72) [JarDiscoverer.class:?]
	at cpw.mods.fml.common.discovery.ContainerType.findMods(ContainerType.java:42) [ContainerType.class:?]
	at cpw.mods.fml.common.discovery.ModCandidate.explore(ModCandidate.java:71) [ModCandidate.class:?]
	at cpw.mods.fml.common.discovery.ModDiscoverer.identifyMods(ModDiscoverer.java:131) [ModDiscoverer.class:?]
	at cpw.mods.fml.common.Loader.identifyMods(Loader.java:364) [Loader.class:?]
	at cpw.mods.fml.common.Loader.loadMods(Loader.java:489) [Loader.class:?]
	at cpw.mods.fml.server.FMLServerHandler.beginServerLoading(FMLServerHandler.java:87) [FMLServerHandler.class:?]
	at cpw.mods.fml.common.FMLCommonHandler.onServerStart(FMLCommonHandler.java:314) [FMLCommonHandler.class:?]
	at net.minecraft.server.dedicated.DedicatedServer.func_71197_b(DedicatedServer.java:117) [lt.class:?]
	at net.minecraft.server.MinecraftServer.run(MinecraftServer.java:387) [MinecraftServer.class:?]
	at net.minecraft.server.MinecraftServer$2.run(MinecraftServer.java:685) [li.class:?]
[00:17:45] [Server thread/ERROR] [FML/]: There was a problem reading the entry META-INF/versions/9/module-info.class in the jar /workspaces/ye/servidor_minecraft/mods/journeymap-1.7.10-5.2.3-unlimited.jar - probably a corrupt zip
cpw.mods.fml.common.LoaderException: java.lang.IllegalArgumentException

	at cpw.mods.fml.common.discovery.asm.ASMModParser.<init>(ASMModParser.java:58) ~[ASMModParser.class:?]
	at cpw.mods.fml.common.discovery.JarDiscoverer.discover(JarDiscoverer.java:72) [JarDiscoverer.class:?]
	at cpw.mods.fml.common.discovery.ContainerType.findMods(ContainerType.java:42) [ContainerType.class:?]
	at cpw.mods.fml.common.discovery.ModCandidate.explore(ModCandidate.java:71) [ModCandidate.class:?]
	at cpw.mods.fml.common.discovery.ModDiscoverer.identifyMods(ModDiscoverer.java:131) [ModDiscoverer.class:?]
	at cpw.mods.fml.common.Loader.identifyMods(Loader.java:364) [Loader.class:?]
	at cpw.mods.fml.common.Loader.loadMods(Loader.java:489) [Loader.class:?]
	at cpw.mods.fml.server.FMLServerHandler.beginServerLoading(FMLServerHandler.java:87) [FMLServerHandler.class:?]
	at cpw.mods.fml.common.FMLCommonHandler.onServerStart(FMLCommonHandler.java:314) [FMLCommonHandler.class:?]
	at net.minecraft.server.dedicated.DedicatedServer.func_71197_b(DedicatedServer.java:117) [lt.class:?]
	at net.minecraft.server.MinecraftServer.run(MinecraftServer.java:387) [MinecraftServer.class:?]
	at net.minecraft.server.MinecraftServer$2.run(MinecraftServer.java:685) [li.class:?]
Caused by: java.lang.IllegalArgumentException
	at org.objectweb.asm.ClassReader.<init>(Unknown Source) ~[asm-all-5.0.3.jar:5.0.3]
	at org.objectweb.asm.ClassReader.<init>(Unknown Source) ~[asm-all-5.0.3.jar:5.0.3]
	at org.objectweb.asm.ClassReader.<init>(Unknown Source) ~[asm-all-5.0.3.jar:5.0.3]
	at cpw.mods.fml.common.discovery.asm.ASMModParser.<init>(ASMModParser.java:52) ~[ASMModParser.class:?]
	... 11 more
[00:17:45] [Server thread/WARN] [FML/]: Zip file journeymap-1.7.10-5.2.3-unlimited.jar failed to read properly, it will be ignored
cpw.mods.fml.common.LoaderException: java.lang.IllegalArgumentException

	at cpw.mods.fml.common.discovery.asm.ASMModParser.<init>(ASMModParser.java:58) ~[ASMModParser.class:?]
	at cpw.mods.fml.common.discovery.JarDiscoverer.discover(JarDiscoverer.java:72) [JarDiscoverer.class:?]
	at cpw.mods.fml.common.discovery.ContainerType.findMods(ContainerType.java:42) [ContainerType.class:?]
	at cpw.mods.fml.common.discovery.ModCandidate.explore(ModCandidate.java:71) [ModCandidate.class:?]
	at cpw.mods.fml.common.discovery.ModDiscoverer.identifyMods(ModDiscoverer.java:131) [ModDiscoverer.class:?]
	at cpw.mods.fml.common.Loader.identifyMods(Loader.java:364) [Loader.class:?]
	at cpw.mods.fml.common.Loader.loadMods(Loader.java:489) [Loader.class:?]
	at cpw.mods.fml.server.FMLServerHandler.beginServerLoading(FMLServerHandler.java:87) [FMLServerHandler.class:?]
	at cpw.mods.fml.common.FMLCommonHandler.onServerStart(FMLCommonHandler.java:314) [FMLCommonHandler.class:?]
	at net.minecraft.server.dedicated.DedicatedServer.func_71197_b(DedicatedServer.java:117) [lt.class:?]
	at net.minecraft.server.MinecraftServer.run(MinecraftServer.java:387) [MinecraftServer.class:?]
	at net.minecraft.server.MinecraftServer$2.run(MinecraftServer.java:685) [li.class:?]
Caused by: java.lang.IllegalArgumentException
	at org.objectweb.asm.ClassReader.<init>(Unknown Source) ~[asm-all-5.0.3.jar:5.0.3]
	at org.objectweb.asm.ClassReader.<init>(Unknown Source) ~[asm-all-5.0.3.jar:5.0.3]
	at org.objectweb.asm.ClassReader.<init>(Unknown Source) ~[asm-all-5.0.3.jar:5.0.3]
	at cpw.mods.fml.common.discovery.asm.ASMModParser.<init>(ASMModParser.java:52) ~[ASMModParser.class:?]
	... 11 more
[00:17:45] [Server thread/DEBUG] [FML/]: Examining file JRMCore-v1.3.51.jar for potential mods
[00:17:45] [Server thread/DEBUG] [FML/]: The mod container JRMCore-v1.3.51.jar appears to be missing an mcmod.info file
[00:17:45] [Server thread/DEBUG] [FML/]: Identified a class JinRyuu.JRMCore.mod_JRMCore following modloader naming convention but not directly a BaseMod or currently seen subclass
[00:17:45] [Server thread/DEBUG] [FML/]: Identified a mod of type Lcpw/mods/fml/common/Mod; (JinRyuu.JRMCore.mod_JRMCore) - loading
[00:17:45] [Server thread/TRACE] [jinryuujrmcore/]: Parsed dependency info : [] [] []
[00:17:45] [Server thread/INFO] [FML/]: Attempting to reparse the mod container JRMCore-v1.3.51.jar
[00:17:45] [Server thread/DEBUG] [FML/]: Examining file JRMCore-v1.3.51.jar for potential mods
[00:17:45] [Server thread/DEBUG] [FML/]: The mod container JRMCore-v1.3.51.jar appears to be missing an mcmod.info file
[00:17:45] [Server thread/DEBUG] [FML/]: Identified a class JinRyuu.JRMCore.mod_JRMCore following modloader naming convention but not directly a BaseMod or currently seen subclass
[00:17:45] [Server thread/DEBUG] [FML/]: Identified a mod of type Lcpw/mods/fml/common/Mod; (JinRyuu.JRMCore.mod_JRMCore) - loading
[00:17:45] [Server thread/TRACE] [jinryuujrmcore/]: Parsed dependency info : [] [] []
[00:17:45] [Server thread/DEBUG] [FML/]: Examining file JYearsC-v1.2.5.jar for potential mods
[00:17:45] [Server thread/DEBUG] [FML/]: The mod container JYearsC-v1.2.5.jar appears to be missing an mcmod.info file
[00:17:45] [Server thread/DEBUG] [FML/]: Identified a class JinRyuu.JYearsC.mod_JYearsC following modloader naming convention but not directly a BaseMod or currently seen subclass
[00:17:45] [Server thread/DEBUG] [FML/]: Identified a mod of type Lcpw/mods/fml/common/Mod; (JinRyuu.JYearsC.mod_JYearsC) - loading
[00:17:45] [Server thread/TRACE] [jinryuuyearsc/]: Parsed dependency info : [jinryuujrmcore] [jinryuujrmcore] []
[00:17:45] [Server thread/INFO] [FML/]: Attempting to reparse the mod container JYearsC-v1.2.5.jar
[00:17:45] [Server thread/DEBUG] [FML/]: Examining file JYearsC-v1.2.5.jar for potential mods
[00:17:45] [Server thread/DEBUG] [FML/]: The mod container JYearsC-v1.2.5.jar appears to be missing an mcmod.info file
[00:17:45] [Server thread/DEBUG] [FML/]: Identified a class JinRyuu.JYearsC.mod_JYearsC following modloader naming convention but not directly a BaseMod or currently seen subclass
[00:17:45] [Server thread/DEBUG] [FML/]: Identified a mod of type Lcpw/mods/fml/common/Mod; (JinRyuu.JYearsC.mod_JYearsC) - loading
[00:17:45] [Server thread/TRACE] [jinryuuyearsc/]: Parsed dependency info : [jinryuujrmcore] [jinryuujrmcore] []
[00:17:45] [Server thread/DEBUG] [FML/]: Examining file Loot++-0.19_for_1.7.jar for potential mods
[00:17:45] [Server thread/TRACE] [FML/]: Located mcmod.info file in file Loot++-0.19_for_1.7.jar
[00:17:45] [Server thread/DEBUG] [FML/]: Identified a mod of type Lcpw/mods/fml/common/Mod; (com.tmtravlr.lootplusplus.LootPlusPlusMod) - loading
[00:17:45] [Server thread/TRACE] [lootplusplus/]: Parsed dependency info : [] [] []
[00:17:45] [Server thread/DEBUG] [FML/]: Examining file CodeChickenLib-1.7.10-1.1.3.141-universal.jar for potential mods
[00:17:45] [Server thread/DEBUG] [FML/]: The mod container CodeChickenLib-1.7.10-1.1.3.141-universal.jar appears to be missing an mcmod.info file
[00:17:45] [Server thread/INFO] [FML/]: Forge Mod Loader has identified 15 mods to load
[00:17:45] [Server thread/DEBUG] [FML/]: Found API me.superckl.api.biometweaker (owned by BiomeTweaker providing BiomeTweakerAPI) embedded in BiomeTweaker
[00:17:45] [Server thread/DEBUG] [FML/]: Found API me.superckl.api.biometweaker.script.object (owned by BiomeTweaker providing BiomeTweakerAPI|script|object) embedded in BiomeTweaker
[00:17:45] [Server thread/DEBUG] [FML/]: Found API me.superckl.api.biometweaker.script.wrapper (owned by BiomeTweaker providing BiomeTweakerAPI|script|wrapper) embedded in BiomeTweaker
[00:17:45] [Server thread/DEBUG] [FML/]: Found API me.superckl.api.biometweaker.event (owned by BiomeTweaker providing BiomeTweakerAPI|event) embedded in BiomeTweaker
[00:17:45] [Server thread/DEBUG] [FML/]: Found API me.superckl.api.superscript.util (owned by BiomeTweaker providing SuperScript|util) embedded in BiomeTweaker
[00:17:45] [Server thread/DEBUG] [FML/]: Found API me.superckl.api.biometweaker.util (owned by BiomeTweaker providing BiomeTweakerAPI|util) embedded in BiomeTweaker
[00:17:45] [Server thread/DEBUG] [FML/]: Found API me.superckl.api.superscript (owned by BiomeTweaker providing SuperScript) embedded in BiomeTweaker
[00:17:45] [Server thread/DEBUG] [FML/]: Found API me.superckl.api.biometweaker.script.pack (owned by BiomeTweaker providing BiomeTweakerAPI|script|pack) embedded in BiomeTweaker
[00:17:45] [Server thread/DEBUG] [FML/]: Found API me.superckl.api.superscript.object (owned by BiomeTweaker providing SuperScript|object) embedded in BiomeTweaker
[00:17:45] [Server thread/DEBUG] [FML/]: Found API me.superckl.api.superscript.command (owned by BiomeTweaker providing SuperScript|command) embedded in BiomeTweaker
[00:17:45] [Server thread/DEBUG] [FML/]: Creating API container dummy for API SuperScript|command: owner: BiomeTweaker, dependents: []
[00:17:45] [Server thread/DEBUG] [FML/]: Creating API container dummy for API SuperScript|object: owner: BiomeTweaker, dependents: []
[00:17:45] [Server thread/DEBUG] [FML/]: Creating API container dummy for API BiomeTweakerAPI|script|wrapper: owner: BiomeTweaker, dependents: []
[00:17:45] [Server thread/DEBUG] [FML/]: Creating API container dummy for API SuperScript|util: owner: BiomeTweaker, dependents: []
[00:17:45] [Server thread/DEBUG] [FML/]: Creating API container dummy for API BiomeTweakerAPI|util: owner: BiomeTweaker, dependents: []
[00:17:45] [Server thread/DEBUG] [FML/]: Creating API container dummy for API BiomeTweakerAPI|event: owner: BiomeTweaker, dependents: []
[00:17:45] [Server thread/DEBUG] [FML/]: Creating API container dummy for API SuperScript: owner: BiomeTweaker, dependents: []
[00:17:45] [Server thread/DEBUG] [FML/]: Creating API container dummy for API BiomeTweakerAPI|script|pack: owner: BiomeTweaker, dependents: []
[00:17:45] [Server thread/DEBUG] [FML/]: Creating API container dummy for API BiomeTweakerAPI: owner: BiomeTweaker, dependents: []
[00:17:45] [Server thread/DEBUG] [FML/]: Creating API container dummy for API BiomeTweakerAPI|script|object: owner: BiomeTweaker, dependents: []
[00:17:45] [Server thread/TRACE] [FML/]: Received a system property request ''
[00:17:45] [Server thread/TRACE] [FML/]: System property request managing the state of 0 mods
[00:17:45] [Server thread/DEBUG] [FML/]: After merging, found state information for 0 mods
[00:17:45] [Server thread/DEBUG] [FML/]: Found translations in forge-1.7.10-10.13.4.1614-1.7.10-universal.jar [en_US, en_US, es_ES, fr_FR, ru_RU, de_DE, af_ZA, ar_SA, br_FR, ca_ES, cs_CZ, da_DK, el_GR, fa_IR, fi_FI, he_IL, hu_HU, it_IT, ja_JP, ko_KR, lt_LT, nb_NO, nl_NL, nn_NO, no_NO, pl_PL, pt_BR, pt_PT, ro_RO, sl_SI, sr_SP, sv_SE, tr_TR, uk_UA, vi_VN, zh_CN, zh_TW]
[00:17:45] [Server thread/DEBUG] [FML/]: Found translations in forge-1.7.10-10.13.4.1614-1.7.10-universal.jar [en_US, en_US, es_ES, fr_FR, ru_RU, de_DE, af_ZA, ar_SA, br_FR, ca_ES, cs_CZ, da_DK, el_GR, fa_IR, fi_FI, he_IL, hu_HU, it_IT, ja_JP, ko_KR, lt_LT, nb_NO, nl_NL, nn_NO, no_NO, pl_PL, pt_BR, pt_PT, ro_RO, sl_SI, sr_SP, sv_SE, tr_TR, uk_UA, vi_VN, zh_CN, zh_TW]
[00:17:45] [Server thread/DEBUG] [FML/]: Found translations in NotEnoughItems-1.7.10-1.0.5.120-universal.jar [cs_CZ, fr_FR, et_EE, zh_CN, it_IT, zh_TW, de_DE, tr_TR, ru_RU, pt_BR, sk_SK, ko_KR, pl_PL, en_US]
[00:17:45] [Server thread/WARN] [BiomeTweakerCore/]: Mod BiomeTweakerCore has been disabled through configuration
[00:17:45] [Server thread/DEBUG] [adventurebackpack/]: Enabling mod adventurebackpack
[00:17:45] [Server thread/DEBUG] [FML/]: Found translations in adventurebackpack-1.7.10-0.8c.jar [cs_CZ, en_US, es_ES, it_IT, pt_BR, ru_RU, zh_CN]
[00:17:45] [Server thread/DEBUG] [BiomeTweaker/]: Enabling mod BiomeTweaker
[00:17:45] [Server thread/DEBUG] [FML/]: Found translations in BiomeTweaker-1.7.10-2.0.182.jar [en_US]
[00:17:45] [Server thread/DEBUG] [jinryuudragonblockc/]: Enabling mod jinryuudragonblockc
[00:17:45] [Server thread/DEBUG] [FML/]: Found translations in DragonBlockC-v1.4.85.jar [ar_SA, de_DE, el_GR, en_US, es_ES, fr_FR, he_IL, hu_HU, pl_PL, pt_PT, zh_CN]
[00:17:45] [Server thread/DEBUG] [ironfurnaces/]: Enabling mod ironfurnaces
[00:17:45] [Server thread/DEBUG] [FML/]: Found translations in ironfurnaces-1.2.4R.jar [en_US]
[00:17:45] [Server thread/DEBUG] [jinryuubetterrenderaddon/]: Enabling mod jinryuubetterrenderaddon
[00:17:45] [Server thread/DEBUG] [journeymap/]: Enabling mod journeymap
[00:17:46] [Server thread/DEBUG] [FML/]: Found translations in journeymap-1.7.10-5.2.3-unlimited.jar [ar_SA, en_US, ja_JP, fi_FI, ca_ES, nl_NL, hu_HU, pt_BR, sv_SE, zh_CN, no_NO, ko_KR, fr_CA, es_ES, de_DE, ru_RU, fr_FR]
[00:17:46] [Server thread/DEBUG] [jinryuujrmcore/]: Enabling mod jinryuujrmcore
[00:17:46] [Server thread/DEBUG] [FML/]: Found translations in JRMCore-v1.3.51.jar [en_US, es_ES, hu_HU, pt_PT, zh_CN]
[00:17:46] [Server thread/DEBUG] [jinryuuyearsc/]: Enabling mod jinryuuyearsc
[00:17:46] [Server thread/DEBUG] [FML/]: Found translations in JYearsC-v1.2.5.jar [en_US]
[00:17:46] [Server thread/DEBUG] [lootplusplus/]: Enabling mod lootplusplus
[00:17:46] [Server thread/DEBUG] [FML/]: Found translations in Loot++-0.19_for_1.7.jar [en_US]
[00:17:46] [Server thread/TRACE] [FML/]: Verifying mod requirements are satisfied
[00:17:46] [Server thread/TRACE] [FML/]: All mod requirements are satisfied
[00:17:46] [Server thread/TRACE] [FML/]: Sorting mods into an ordered list
[00:17:46] [Server thread/TRACE] [FML/]: Mod sorting completed successfully
[00:17:46] [Server thread/DEBUG] [FML/]: Mod sorting data
[00:17:46] [Server thread/DEBUG] [FML/]: 	adventurebackpack(Adventure Backpack:1.7.10-0.8b): adventurebackpack-1.7.10-0.8c.jar ()
[00:17:46] [Server thread/DEBUG] [FML/]: 	BiomeTweaker(BiomeTweaker:2.0.182): BiomeTweaker-1.7.10-2.0.182.jar (before:BiomesOPlenty; after:GalacticraftCore)
[00:17:46] [Server thread/DEBUG] [FML/]: 	jinryuujrmcore(JinRyuu's JRMCore:1.3.51): JRMCore-v1.3.51.jar ()
[00:17:46] [Server thread/DEBUG] [FML/]: 	jinryuudragonblockc(Dragon Block C:1.4.85): DragonBlockC-v1.4.85.jar (required-after:jinryuujrmcore)
[00:17:46] [Server thread/DEBUG] [FML/]: 	ironfurnaces(Iron Furnaces:1.2.4): ironfurnaces-1.2.4R.jar ()
[00:17:46] [Server thread/DEBUG] [FML/]: 	jinryuubetterrenderaddon(JinRyuu's Better Render Addon:1.6.52): JBRA-Client-v1.6.52.jar (required-after:jinryuujrmcore;after:optifine;after:OptiFine)
[00:17:46] [Server thread/DEBUG] [FML/]: 	journeymap(JourneyMap:5.2.3): journeymap-1.7.10-5.2.3-unlimited.jar ()
[00:17:46] [Server thread/DEBUG] [FML/]: 	jinryuuyearsc(JinRyuu's Years C:1.2.5): JYearsC-v1.2.5.jar (required-after:jinryuujrmcore)
[00:17:46] [Server thread/DEBUG] [FML/]: 	lootplusplus(Loot++:0.19_for_1.7): Loot++-0.19_for_1.7.jar ()
[00:17:46] [Server thread/DEBUG] [FML/]: 	SuperScript|command(API: SuperScript|command:1.0.182): BiomeTweaker-1.7.10-2.0.182.jar ()
[00:17:46] [Server thread/DEBUG] [FML/]: 	SuperScript|object(API: SuperScript|object:1.0.182): BiomeTweaker-1.7.10-2.0.182.jar ()
[00:17:46] [Server thread/DEBUG] [FML/]: 	BiomeTweakerAPI|script|wrapper(API: BiomeTweakerAPI|script|wrapper:1.0.182): BiomeTweaker-1.7.10-2.0.182.jar ()
[00:17:46] [Server thread/DEBUG] [FML/]: 	SuperScript|util(API: SuperScript|util:1.0.182): BiomeTweaker-1.7.10-2.0.182.jar ()
[00:17:46] [Server thread/DEBUG] [FML/]: 	BiomeTweakerAPI|util(API: BiomeTweakerAPI|util:1.0.182): BiomeTweaker-1.7.10-2.0.182.jar ()
[00:17:46] [Server thread/DEBUG] [FML/]: 	BiomeTweakerAPI|event(API: BiomeTweakerAPI|event:1.0.182): BiomeTweaker-1.7.10-2.0.182.jar ()
[00:17:46] [Server thread/DEBUG] [FML/]: 	SuperScript(API: SuperScript:1.0.182): BiomeTweaker-1.7.10-2.0.182.jar ()
[00:17:46] [Server thread/DEBUG] [FML/]: 	BiomeTweakerAPI|script|pack(API: BiomeTweakerAPI|script|pack:1.0.182): BiomeTweaker-1.7.10-2.0.182.jar ()
[00:17:46] [Server thread/DEBUG] [FML/]: 	BiomeTweakerAPI(API: BiomeTweakerAPI:1.0.182): BiomeTweaker-1.7.10-2.0.182.jar ()
[00:17:46] [Server thread/DEBUG] [FML/]: 	BiomeTweakerAPI|script|object(API: BiomeTweakerAPI|script|object:1.0.182): BiomeTweaker-1.7.10-2.0.182.jar ()
[00:17:46] [Server thread/INFO] [FML/]: FML has found a non-mod file CodeChickenLib-1.7.10-1.1.3.141-universal.jar in your mods directory. It will now be injected into your classpath. This could severe stability issues, it should be removed if possible.
[00:17:46] [Server thread/TRACE] [mcp/mcp]: Sending event FMLConstructionEvent to mod mcp
[00:17:46] [Server thread/TRACE] [mcp/mcp]: Sent event FMLConstructionEvent to mod mcp
[00:17:46] [Server thread/DEBUG] [FML/]: Bar Step: Construction - Minecraft Coder Pack took 0.001s
[00:17:46] [Server thread/TRACE] [FML/FML]: Sending event FMLConstructionEvent to mod FML
[00:17:46] [Server thread/TRACE] [FML/FML]: Mod FML is using network checker : Invoking method checkModLists
[00:17:46] [Server thread/TRACE] [FML/FML]: Testing mod FML to verify it accepts its own version in a remote connection
[00:17:46] [Server thread/TRACE] [FML/FML]: The mod FML accepts its own version (7.10.99.99)
[00:17:46] [Server thread/INFO] [FML/FML]: Attempting connection with missing mods [mcp, FML, Forge, CodeChickenCore, NotEnoughItems, adventurebackpack, BiomeTweaker, jinryuudragonblockc, ironfurnaces, jinryuubetterrenderaddon, journeymap, jinryuujrmcore, jinryuuyearsc, lootplusplus] at CLIENT
[00:17:46] [Server thread/INFO] [FML/FML]: Attempting connection with missing mods [mcp, FML, Forge, CodeChickenCore, NotEnoughItems, adventurebackpack, BiomeTweaker, jinryuudragonblockc, ironfurnaces, jinryuubetterrenderaddon, journeymap, jinryuujrmcore, jinryuuyearsc, lootplusplus] at SERVER
[00:17:46] [Server thread/TRACE] [FML/FML]: Sent event FMLConstructionEvent to mod FML
[00:17:46] [Server thread/DEBUG] [FML/]: Bar Step: Construction - Forge Mod Loader took 0.300s
[00:17:46] [Server thread/TRACE] [Forge/Forge]: Sending event FMLConstructionEvent to mod Forge
[00:17:46] [Server thread/TRACE] [FML/Forge]: Mod Forge is using network checker : No network checking performed
[00:17:46] [Server thread/TRACE] [FML/Forge]: Testing mod Forge to verify it accepts its own version in a remote connection
[00:17:46] [Server thread/TRACE] [FML/Forge]: The mod Forge accepts its own version (10.13.4.1614)
[00:17:46] [Server thread/TRACE] [Forge/Forge]: Sent event FMLConstructionEvent to mod Forge
[00:17:46] [Server thread/DEBUG] [FML/]: Bar Step: Construction - Minecraft Forge took 0.010s
[00:17:46] [Server thread/TRACE] [CodeChickenCore/CodeChickenCore]: Sending event FMLConstructionEvent to mod CodeChickenCore
[00:17:46] [Server thread/TRACE] [CodeChickenCore/CodeChickenCore]: Sent event FMLConstructionEvent to mod CodeChickenCore
[00:17:46] [Server thread/DEBUG] [FML/]: Bar Step: Construction - CodeChicken Core took 0.001s
[00:17:46] [Server thread/TRACE] [NotEnoughItems/NotEnoughItems]: Sending event FMLConstructionEvent to mod NotEnoughItems
[00:17:46] [Server thread/TRACE] [NotEnoughItems/NotEnoughItems]: Sent event FMLConstructionEvent to mod NotEnoughItems
[00:17:46] [Server thread/DEBUG] [FML/]: Bar Step: Construction - Not Enough Items took 0.001s
[00:17:46] [Server thread/TRACE] [adventurebackpack/adventurebackpack]: Sending event FMLConstructionEvent to mod adventurebackpack
[00:17:46] [Server thread/TRACE] [FML/adventurebackpack]: Mod adventurebackpack is using network checker : Accepting version 1.7.10-0.8b
[00:17:46] [Server thread/TRACE] [FML/adventurebackpack]: Testing mod adventurebackpack to verify it accepts its own version in a remote connection
[00:17:46] [Server thread/TRACE] [FML/adventurebackpack]: The mod adventurebackpack accepts its own version (1.7.10-0.8b)
[00:17:46] [Server thread/DEBUG] [FML/adventurebackpack]: Attempting to inject @SidedProxy classes into adventurebackpack
[00:17:46] [Server thread/TRACE] [adventurebackpack/adventurebackpack]: Sent event FMLConstructionEvent to mod adventurebackpack
[00:17:46] [Server thread/DEBUG] [FML/]: Bar Step: Construction - Adventure Backpack took 0.040s
[00:17:46] [Server thread/TRACE] [BiomeTweaker/BiomeTweaker]: Sending event FMLConstructionEvent to mod BiomeTweaker
[00:17:46] [Server thread/ERROR] [BiomeTweaker/BiomeTweaker]: The mod BiomeTweaker is expecting signature bdea6e9d19f35da4858ffcc93210c6207dd590bd for source BiomeTweaker-1.7.10-2.0.182.jar, however there is no signature matching that description
[00:17:46] [Server thread/TRACE] [FML/BiomeTweaker]: Mod BiomeTweaker is using network checker : No network checking performed
[00:17:46] [Server thread/TRACE] [FML/BiomeTweaker]: Testing mod BiomeTweaker to verify it accepts its own version in a remote connection
[00:17:46] [Server thread/TRACE] [FML/BiomeTweaker]: The mod BiomeTweaker accepts its own version (2.0.182)
[00:17:46] [Server thread/DEBUG] [FML/BiomeTweaker]: Attempting to inject @SidedProxy classes into BiomeTweaker
[00:17:46] [Server thread/INFO] [BiomeTweakerCore/BiomeTweaker]: Attempting to patch class net.minecraft.world.biome.BiomeGenBase...
[00:17:46] [Server thread/DEBUG] [BiomeTweakerCore/BiomeTweaker]: Successfully inserted 'actualFillerBlocks' field into net.minecraft.world.biome.BiomeGenBase
[00:17:46] [Server thread/DEBUG] [BiomeTweakerCore/BiomeTweaker]: Successfully inserted 'oceanTopBlock' field into net.minecraft.world.biome.BiomeGenBase
[00:17:46] [Server thread/DEBUG] [BiomeTweakerCore/BiomeTweaker]: Successfully inserted 'oceanFillerBlock' field into net.minecraft.world.biome.BiomeGenBase
[00:17:46] [Server thread/DEBUG] [BiomeTweakerCore/BiomeTweaker]: Successfully inserted 'fillerBlockMeta' field into net.minecraft.world.biome.BiomeGenBase
[00:17:46] [Server thread/DEBUG] [BiomeTweakerCore/BiomeTweaker]: Successfully inserted 'grassColor' field into net.minecraft.world.biome.BiomeGenBase
[00:17:46] [Server thread/DEBUG] [BiomeTweakerCore/BiomeTweaker]: Successfully inserted 'foliageColor' field into net.minecraft.world.biome.BiomeGenBase
[00:17:46] [Server thread/DEBUG] [BiomeTweakerCore/BiomeTweaker]: Successfully inserted 'waterColor' field into net.minecraft.world.biome.BiomeGenBase
[00:17:46] [Server thread/DEBUG] [BiomeTweakerCore/BiomeTweaker]: Successfully inserted empty array into 'actualFillerBlocks'
[00:17:46] [Server thread/DEBUG] [BiomeTweakerCore/BiomeTweaker]: Successfully inserted stone into 'oceanFillerBlock'
[00:17:46] [Server thread/DEBUG] [BiomeTweakerCore/BiomeTweaker]: Successfully inserted gravel into 'oceanTopBlock'
[00:17:46] [Server thread/DEBUG] [BiomeTweakerCore/BiomeTweaker]: Successfully inserted -1 into 'grassColor'
[00:17:46] [Server thread/DEBUG] [BiomeTweakerCore/BiomeTweaker]: Successfully inserted -1 into 'foliageColor'
[00:17:46] [Server thread/DEBUG] [BiomeTweakerCore/BiomeTweaker]: Successfully inserted -1 into 'waterColor'
[00:17:46] [Server thread/DEBUG] [BiomeTweakerCore/BiomeTweaker]: Successfully inserted 0 into 'fillerBlockMeta'
[00:17:46] [Server thread/DEBUG] [BiomeTweakerCore/BiomeTweaker]: Successfully redirected 'Stone' check to 'contains' method.
[00:17:46] [Server thread/DEBUG] [BiomeTweakerCore/BiomeTweaker]: Successfully inserted 'fillerBlockMeta' instructions.
[00:17:46] [Server thread/DEBUG] [BiomeTweakerCore/BiomeTweaker]: Successfully inserted 'fillerBlockMeta' instructions.
[00:17:46] [Server thread/DEBUG] [BiomeTweakerCore/BiomeTweaker]: Successfully inserted 'oceanTopBlock' instructions.
[00:17:46] [Server thread/DEBUG] [BiomeTweakerCore/BiomeTweaker]: Successfully inserted 'oceanFillerBlock' instructions.
[00:17:46] [Server thread/INFO] [BiomeTweakerCore/BiomeTweaker]: Sucessfully patched net.minecraft.world.biome.BiomeGenBase! 19 patches were applied.
[00:17:46] [Server thread/WARN] [BiomeTweaker/BiomeTweaker]: Hey... uhm... this is akward but, it looks like you're using an unofficial version of BiomeTweaker. Where exactly did you get this from?
[00:17:46] [Server thread/WARN] [BiomeTweaker/BiomeTweaker]: Unless I (superckl) sent you this version, don't expect to get any support for it.
[00:17:46] [Server thread/TRACE] [BiomeTweaker/BiomeTweaker]: Sent event FMLConstructionEvent to mod BiomeTweaker
[00:17:46] [Server thread/DEBUG] [FML/]: Bar Step: Construction - BiomeTweaker took 0.098s
[00:17:46] [Server thread/TRACE] [jinryuujrmcore/jinryuujrmcore]: Sending event FMLConstructionEvent to mod jinryuujrmcore
[00:17:46] [Server thread/TRACE] [FML/jinryuujrmcore]: Mod jinryuujrmcore is using network checker : Accepting version 1.3.51
[00:17:46] [Server thread/TRACE] [FML/jinryuujrmcore]: Testing mod jinryuujrmcore to verify it accepts its own version in a remote connection
[00:17:46] [Server thread/TRACE] [FML/jinryuujrmcore]: The mod jinryuujrmcore accepts its own version (1.3.51)
[00:17:46] [Server thread/DEBUG] [FML/jinryuujrmcore]: Attempting to inject @SidedProxy classes into jinryuujrmcore
[00:17:46] [Server thread/TRACE] [jinryuujrmcore/jinryuujrmcore]: Sent event FMLConstructionEvent to mod jinryuujrmcore
[00:17:46] [Server thread/DEBUG] [FML/]: Bar Step: Construction - JinRyuu's JRMCore took 0.143s
[00:17:46] [Server thread/TRACE] [jinryuudragonblockc/jinryuudragonblockc]: Sending event FMLConstructionEvent to mod jinryuudragonblockc
[00:17:46] [Server thread/TRACE] [FML/jinryuudragonblockc]: Mod jinryuudragonblockc is using network checker : Accepting version 1.4.85
[00:17:46] [Server thread/TRACE] [FML/jinryuudragonblockc]: Testing mod jinryuudragonblockc to verify it accepts its own version in a remote connection
[00:17:46] [Server thread/TRACE] [FML/jinryuudragonblockc]: The mod jinryuudragonblockc accepts its own version (1.4.85)
[00:17:46] [Server thread/DEBUG] [FML/jinryuudragonblockc]: Attempting to inject @SidedProxy classes into jinryuudragonblockc
[00:17:46] [Server thread/TRACE] [jinryuudragonblockc/jinryuudragonblockc]: Sent event FMLConstructionEvent to mod jinryuudragonblockc
[00:17:46] [Server thread/DEBUG] [FML/]: Bar Step: Construction - Dragon Block C took 0.073s
[00:17:46] [Server thread/TRACE] [ironfurnaces/ironfurnaces]: Sending event FMLConstructionEvent to mod ironfurnaces
[00:17:46] [Server thread/TRACE] [FML/ironfurnaces]: Mod ironfurnaces is using network checker : Accepting version 1.2.4
[00:17:46] [Server thread/TRACE] [FML/ironfurnaces]: Testing mod ironfurnaces to verify it accepts its own version in a remote connection
[00:17:46] [Server thread/TRACE] [FML/ironfurnaces]: The mod ironfurnaces accepts its own version (1.2.4)
[00:17:46] [Server thread/DEBUG] [FML/ironfurnaces]: Attempting to inject @SidedProxy classes into ironfurnaces
[00:17:46] [Server thread/TRACE] [ironfurnaces/ironfurnaces]: Sent event FMLConstructionEvent to mod ironfurnaces
[00:17:46] [Server thread/DEBUG] [FML/]: Bar Step: Construction - Iron Furnaces took 0.004s
[00:17:46] [Server thread/TRACE] [jinryuubetterrenderaddon/jinryuubetterrenderaddon]: Sending event FMLConstructionEvent to mod jinryuubetterrenderaddon
[00:17:46] [Server thread/TRACE] [FML/jinryuubetterrenderaddon]: Mod jinryuubetterrenderaddon is using network checker : Accepting version 1.6.52
[00:17:46] [Server thread/TRACE] [FML/jinryuubetterrenderaddon]: Testing mod jinryuubetterrenderaddon to verify it accepts its own version in a remote connection
[00:17:46] [Server thread/TRACE] [FML/jinryuubetterrenderaddon]: The mod jinryuubetterrenderaddon accepts its own version (1.6.52)
[00:17:46] [Server thread/DEBUG] [FML/jinryuubetterrenderaddon]: Attempting to inject @SidedProxy classes into jinryuubetterrenderaddon
[00:17:46] [Server thread/TRACE] [jinryuubetterrenderaddon/jinryuubetterrenderaddon]: Sent event FMLConstructionEvent to mod jinryuubetterrenderaddon
[00:17:46] [Server thread/DEBUG] [FML/]: Bar Step: Construction - JinRyuu's Better Render Addon took 0.003s
[00:17:46] [Server thread/TRACE] [journeymap/journeymap]: Sending event FMLConstructionEvent to mod journeymap
[00:17:46] [Server thread/TRACE] [FML/journeymap]: Mod journeymap is using network checker : Invoking method checkModLists
[00:17:46] [Server thread/TRACE] [FML/journeymap]: Testing mod journeymap to verify it accepts its own version in a remote connection
[00:17:46] [Server thread/TRACE] [FML/journeymap]: The mod journeymap accepts its own version (5.2.3)
[00:17:46] [Server thread/DEBUG] [FML/journeymap]: Attempting to inject @SidedProxy classes into journeymap
[00:17:46] [Server thread/TRACE] [journeymap/journeymap]: Sent event FMLConstructionEvent to mod journeymap
[00:17:46] [Server thread/DEBUG] [FML/]: Bar Step: Construction - JourneyMap took 0.010s
[00:17:46] [Server thread/TRACE] [jinryuuyearsc/jinryuuyearsc]: Sending event FMLConstructionEvent to mod jinryuuyearsc
[00:17:46] [Server thread/TRACE] [FML/jinryuuyearsc]: Mod jinryuuyearsc is using network checker : Accepting version 1.2.5
[00:17:46] [Server thread/TRACE] [FML/jinryuuyearsc]: Testing mod jinryuuyearsc to verify it accepts its own version in a remote connection
[00:17:46] [Server thread/TRACE] [FML/jinryuuyearsc]: The mod jinryuuyearsc accepts its own version (1.2.5)
[00:17:46] [Server thread/DEBUG] [FML/jinryuuyearsc]: Attempting to inject @SidedProxy classes into jinryuuyearsc
[00:17:46] [Server thread/TRACE] [jinryuuyearsc/jinryuuyearsc]: Sent event FMLConstructionEvent to mod jinryuuyearsc
[00:17:46] [Server thread/DEBUG] [FML/]: Bar Step: Construction - JinRyuu's Years C took 0.007s
[00:17:46] [Server thread/TRACE] [lootplusplus/lootplusplus]: Sending event FMLConstructionEvent to mod lootplusplus
[00:17:46] [Server thread/INFO] [STDOUT/lootplusplus]: [com.tmtravlr.lootplusplus.LootPPHelper:<init>:285]: [Loot++] Attempting to get chest contents.
[00:17:46] [Server thread/INFO] [STDOUT/lootplusplus]: [com.tmtravlr.lootplusplus.LootPPHelper:<init>:300]: [Loot++] Attempting to get chest info.
[00:17:46] [Server thread/INFO] [STDOUT/lootplusplus]: [com.tmtravlr.lootplusplus.LootPPHelper:<init>:315]: [Loot++] Attempting to get nether fortress chest contents.
[00:17:46] [Server thread/INFO] [STDOUT/lootplusplus]: [com.tmtravlr.lootplusplus.LootPPHelper:<init>:337]: [Loot++] Attempting to get furnace experience map.
[00:17:46] [Server thread/TRACE] [FML/lootplusplus]: Mod lootplusplus is using network checker : Accepting version 0.19_for_1.7
[00:17:46] [Server thread/TRACE] [FML/lootplusplus]: Testing mod lootplusplus to verify it accepts its own version in a remote connection
[00:17:46] [Server thread/TRACE] [FML/lootplusplus]: The mod lootplusplus accepts its own version (0.19_for_1.7)
[00:17:46] [Server thread/DEBUG] [FML/lootplusplus]: Attempting to inject @SidedProxy classes into lootplusplus
[00:17:46] [Server thread/TRACE] [lootplusplus/lootplusplus]: Sent event FMLConstructionEvent to mod lootplusplus
[00:17:46] [Server thread/DEBUG] [FML/]: Bar Step: Construction - Loot++ took 0.047s
[00:17:46] [Server thread/DEBUG] [FML/]: Bar Finished: Construction took 0.739s
[00:17:46] [Server thread/DEBUG] [FML/]: Mod signature data
[00:17:46] [Server thread/DEBUG] [FML/]:  	Valid Signatures:
[00:17:46] [Server thread/DEBUG] [FML/]:  	Missing Signatures:
[00:17:46] [Server thread/DEBUG] [FML/]: 		mcp	(Minecraft Coder Pack	9.05)	minecraft.jar
[00:17:46] [Server thread/DEBUG] [FML/]: 		FML	(Forge Mod Loader	7.10.99.99)	forge-1.7.10-10.13.4.1614-1.7.10-universal.jar
[00:17:46] [Server thread/DEBUG] [FML/]: 		Forge	(Minecraft Forge	10.13.4.1614)	forge-1.7.10-10.13.4.1614-1.7.10-universal.jar
[00:17:46] [Server thread/DEBUG] [FML/]: 		CodeChickenCore	(CodeChicken Core	1.0.7.48)	minecraft.jar
[00:17:46] [Server thread/DEBUG] [FML/]: 		NotEnoughItems	(Not Enough Items	1.0.5.120)	NotEnoughItems-1.7.10-1.0.5.120-universal.jar
[00:17:46] [Server thread/DEBUG] [FML/]: 		adventurebackpack	(Adventure Backpack	1.7.10-0.8b)	adventurebackpack-1.7.10-0.8c.jar
[00:17:46] [Server thread/DEBUG] [FML/]: 		BiomeTweaker	(BiomeTweaker	2.0.182)	BiomeTweaker-1.7.10-2.0.182.jar
[00:17:46] [Server thread/DEBUG] [FML/]: 		jinryuujrmcore	(JinRyuu's JRMCore	1.3.51)	JRMCore-v1.3.51.jar
[00:17:46] [Server thread/DEBUG] [FML/]: 		jinryuudragonblockc	(Dragon Block C	1.4.85)	DragonBlockC-v1.4.85.jar
[00:17:46] [Server thread/DEBUG] [FML/]: 		ironfurnaces	(Iron Furnaces	1.2.4)	ironfurnaces-1.2.4R.jar
[00:17:46] [Server thread/DEBUG] [FML/]: 		jinryuubetterrenderaddon	(JinRyuu's Better Render Addon	1.6.52)	JBRA-Client-v1.6.52.jar
[00:17:46] [Server thread/DEBUG] [FML/]: 		journeymap	(JourneyMap	5.2.3)	journeymap-1.7.10-5.2.3-unlimited.jar
[00:17:46] [Server thread/DEBUG] [FML/]: 		jinryuuyearsc	(JinRyuu's Years C	1.2.5)	JYearsC-v1.2.5.jar
[00:17:46] [Server thread/DEBUG] [FML/]: 		lootplusplus	(Loot++	0.19_for_1.7)	Loot++-0.19_for_1.7.jar
[00:17:46] [Server thread/INFO] [FML/]: Processing ObjectHolder annotations
[00:17:46] [Server thread/INFO] [FML/]: Found 341 ObjectHolder annotations
[00:17:46] [Server thread/INFO] [FML/]: Identifying ItemStackHolder annotations
[00:17:46] [Server thread/INFO] [FML/]: Found 0 ItemStackHolder annotations
[00:17:46] [Server thread/TRACE] [mcp/mcp]: Sending event FMLPreInitializationEvent to mod mcp
[00:17:46] [Server thread/TRACE] [mcp/mcp]: Sent event FMLPreInitializationEvent to mod mcp
[00:17:46] [Server thread/DEBUG] [FML/]: Bar Step: PreInitialization - Minecraft Coder Pack took 0.000s
[00:17:46] [Server thread/TRACE] [FML/FML]: Sending event FMLPreInitializationEvent to mod FML
[00:17:46] [Server thread/TRACE] [FML/FML]: Sent event FMLPreInitializationEvent to mod FML
[00:17:46] [Server thread/DEBUG] [FML/]: Bar Step: PreInitialization - Forge Mod Loader took 0.000s
[00:17:46] [Server thread/TRACE] [Forge/Forge]: Sending event FMLPreInitializationEvent to mod Forge
[00:17:46] [Server thread/INFO] [FML/Forge]: Configured a dormant chunk cache size of 0
[00:17:46] [Server thread/TRACE] [Forge/Forge]: Sent event FMLPreInitializationEvent to mod Forge
[00:17:46] [Server thread/DEBUG] [FML/]: Bar Step: PreInitialization - Minecraft Forge took 0.036s
[00:17:46] [Server thread/TRACE] [CodeChickenCore/CodeChickenCore]: Sending event FMLPreInitializationEvent to mod CodeChickenCore
[00:17:46] [Server thread/TRACE] [CodeChickenCore/CodeChickenCore]: Sent event FMLPreInitializationEvent to mod CodeChickenCore
[00:17:46] [Server thread/DEBUG] [FML/]: Bar Step: PreInitialization - CodeChicken Core took 0.000s
[00:17:46] [Server thread/TRACE] [NotEnoughItems/NotEnoughItems]: Sending event FMLPreInitializationEvent to mod NotEnoughItems
[00:17:46] [Server thread/TRACE] [NotEnoughItems/NotEnoughItems]: Sent event FMLPreInitializationEvent to mod NotEnoughItems
[00:17:46] [Server thread/DEBUG] [FML/]: Bar Step: PreInitialization - Not Enough Items took 0.001s
[00:17:46] [Server thread/TRACE] [adventurebackpack/adventurebackpack]: Sending event FMLPreInitializationEvent to mod adventurebackpack
[00:17:46] [Forge Version Check/INFO] [STDERR/Forge]: [java.lang.Throwable$WrappedPrintStream:println:749]: com.google.gson.JsonSyntaxException: java.lang.IllegalStateException: Expected BEGIN_OBJECT but was STRING at line 1 column 1
[00:17:46] [Forge Version Check/INFO] [STDERR/Forge]: [java.lang.Throwable$WrappedPrintStream:println:749]: 	at com.google.gson.Gson.fromJson(Gson.java:815)
[00:17:46] [Forge Version Check/INFO] [STDERR/Forge]: [java.lang.Throwable$WrappedPrintStream:println:749]: 	at com.google.gson.Gson.fromJson(Gson.java:768)
[00:17:46] [Forge Version Check/INFO] [STDERR/Forge]: [java.lang.Throwable$WrappedPrintStream:println:749]: 	at com.google.gson.Gson.fromJson(Gson.java:717)
[00:17:46] [Forge Version Check/INFO] [STDERR/Forge]: [java.lang.Throwable$WrappedPrintStream:println:749]: 	at com.google.gson.Gson.fromJson(Gson.java:689)
[00:17:46] [Forge Version Check/INFO] [STDERR/Forge]: [java.lang.Throwable$WrappedPrintStream:println:749]: 	at net.minecraftforge.common.ForgeVersion$1.run(ForgeVersion.java:94)
[00:17:46] [Forge Version Check/INFO] [STDERR/Forge]: [java.lang.Throwable$WrappedPrintStream:println:749]: Caused by: java.lang.IllegalStateException: Expected BEGIN_OBJECT but was STRING at line 1 column 1
[00:17:46] [Forge Version Check/INFO] [STDERR/Forge]: [java.lang.Throwable$WrappedPrintStream:println:749]: 	at com.google.gson.stream.JsonReader.beginObject(JsonReader.java:374)
[00:17:46] [Forge Version Check/INFO] [STDERR/Forge]: [java.lang.Throwable$WrappedPrintStream:println:749]: 	at com.google.gson.internal.bind.MapTypeAdapterFactory$Adapter.read(MapTypeAdapterFactory.java:183)
[00:17:46] [Forge Version Check/INFO] [STDERR/Forge]: [java.lang.Throwable$WrappedPrintStream:println:749]: 	at com.google.gson.internal.bind.MapTypeAdapterFactory$Adapter.read(MapTypeAdapterFactory.java:145)
[00:17:46] [Forge Version Check/INFO] [STDERR/Forge]: [java.lang.Throwable$WrappedPrintStream:println:749]: 	at com.google.gson.Gson.fromJson(Gson.java:803)
[00:17:46] [Forge Version Check/INFO] [STDERR/Forge]: [java.lang.Throwable$WrappedPrintStream:println:749]: 	... 4 more
[00:17:47] [Server thread/INFO] [Adventure Backpack/adventurebackpack]: Registered the class com.darkona.adventurebackpack.fluids.effects.WaterEffect as a FluidEffect for water with the ID 0
[00:17:47] [Server thread/INFO] [Adventure Backpack/adventurebackpack]: Registered the class com.darkona.adventurebackpack.fluids.effects.LavaEffect as a FluidEffect for lava with the ID 1
[00:17:47] [Server thread/INFO] [Adventure Backpack/adventurebackpack]: Registered the class com.darkona.adventurebackpack.fluids.effects.MilkEffect as a FluidEffect for milk with the ID 2
[00:17:47] [Server thread/INFO] [Adventure Backpack/adventurebackpack]: Registered the class com.darkona.adventurebackpack.fluids.effects.MelonJuiceEffect as a FluidEffect for melonjuice with the ID 3
[00:17:47] [Server thread/INFO] [Adventure Backpack/adventurebackpack]: Registered the class com.darkona.adventurebackpack.fluids.effects.MushroomStewEffect as a FluidEffect for mushroomsoup with the ID 4
[00:17:47] [Server thread/TRACE] [FML/adventurebackpack]: Automatically registered mod adventurebackpack entity inflatableBoat as adventurebackpack.inflatableBoat
[00:17:47] [Server thread/TRACE] [FML/adventurebackpack]: Automatically registered mod adventurebackpack entity rideableSpider as adventurebackpack.rideableSpider
[00:17:47] [Server thread/TRACE] [adventurebackpack/adventurebackpack]: Sent event FMLPreInitializationEvent to mod adventurebackpack
[00:17:47] [Server thread/DEBUG] [FML/]: Bar Step: PreInitialization - Adventure Backpack took 0.216s
[00:17:47] [Server thread/TRACE] [BiomeTweaker/BiomeTweaker]: Sending event FMLPreInitializationEvent to mod BiomeTweaker
[00:17:47] [Server thread/INFO] [BiomeTweaker/BiomeTweaker]: Beginning script parsing...
[00:17:47] [Server thread/INFO] [BiomeTweaker/BiomeTweaker]: Finished script parsing.
[00:17:47] [Server thread/DEBUG] [BiomeTweaker/BiomeTweaker]: Script parsing took 0ms.
[00:17:47] [Server thread/INFO] [BiomeTweaker/BiomeTweaker]: Attempting to load compat. biome classes...
[00:17:47] [Server thread/DEBUG] [BiomeTweaker/BiomeTweaker]: Failed to load compat. biome class micdoodle8.mods.galacticraft.core.world.gen.BiomeGenBaseMoon
[00:17:47] [Server thread/DEBUG] [BiomeTweaker/BiomeTweaker]: Failed to load compat. biome class micdoodle8.mods.galacticraft.core.world.gen.BiomeGenBaseOrbit
[00:17:47] [Server thread/DEBUG] [BiomeTweaker/BiomeTweaker]: Failed to load compat. biome class micdoodle8.mods.galacticraft.planets.mars.world.gen.BiomeGenBaseMars
[00:17:47] [Server thread/TRACE] [BiomeTweaker/BiomeTweaker]: Sent event FMLPreInitializationEvent to mod BiomeTweaker
[00:17:47] [Server thread/DEBUG] [FML/]: Bar Step: PreInitialization - BiomeTweaker took 0.075s
[00:17:47] [Server thread/TRACE] [jinryuujrmcore/jinryuujrmcore]: Sending event FMLPreInitializationEvent to mod jinryuujrmcore
[00:17:47] [Server thread/INFO] [jinryuujrmcore/jinryuujrmcore]: Current Version 1.3.51
[00:17:47] [Server thread/INFO] [jinryuujrmcore/jinryuujrmcore]: Copyright (c) Tamas 'JinRyuu' Nagy,  2012-2018
[00:17:47] [Server thread/INFO] [jinryuujrmcore/jinryuujrmcore]: Copyright (c) Benjamin 'JinGames_Ben' Nagy,  2018-2026
[00:17:47] [Server thread/INFO] [jinryuujrmcore/jinryuujrmcore]: https://jingames.net
[00:17:47] [Server thread/INFO] [jinryuujrmcore/jinryuujrmcore]: Pre Initialization Complated
[00:17:47] [Server thread/TRACE] [jinryuujrmcore/jinryuujrmcore]: Sent event FMLPreInitializationEvent to mod jinryuujrmcore
[00:17:47] [Server thread/DEBUG] [FML/]: Bar Step: PreInitialization - JinRyuu's JRMCore took 0.312s
[00:17:47] [Server thread/TRACE] [jinryuudragonblockc/jinryuudragonblockc]: Sending event FMLPreInitializationEvent to mod jinryuudragonblockc
[00:17:47] [Server thread/INFO] [jinryuudragonblockc/jinryuudragonblockc]: Current Version 1.4.85
[00:17:47] [Server thread/INFO] [jinryuudragonblockc/jinryuudragonblockc]: Copyright (c) Tamas 'JinRyuu' Nagy,  2012-2018
[00:17:47] [Server thread/INFO] [jinryuudragonblockc/jinryuudragonblockc]: Copyright (c) Benjamin 'JinGames_Ben' Nagy,  2018-2026
[00:17:47] [Server thread/INFO] [jinryuudragonblockc/jinryuudragonblockc]: https://jingames.net
[00:17:47] [Server thread/INFO] [jinryuudragonblockc/jinryuudragonblockc]: Pre Initialization Complated
[00:17:47] [Server thread/TRACE] [jinryuudragonblockc/jinryuudragonblockc]: Sent event FMLPreInitializationEvent to mod jinryuudragonblockc
[00:17:47] [Server thread/DEBUG] [FML/]: Bar Step: PreInitialization - Dragon Block C took 0.034s
[00:17:47] [Server thread/TRACE] [ironfurnaces/ironfurnaces]: Sending event FMLPreInitializationEvent to mod ironfurnaces
[00:17:47] [Server thread/TRACE] [ironfurnaces/ironfurnaces]: Sent event FMLPreInitializationEvent to mod ironfurnaces
[00:17:47] [Server thread/DEBUG] [FML/]: Bar Step: PreInitialization - Iron Furnaces took 0.040s
[00:17:47] [Server thread/TRACE] [jinryuubetterrenderaddon/jinryuubetterrenderaddon]: Sending event FMLPreInitializationEvent to mod jinryuubetterrenderaddon
[00:17:47] [Server thread/TRACE] [jinryuubetterrenderaddon/jinryuubetterrenderaddon]: Sent event FMLPreInitializationEvent to mod jinryuubetterrenderaddon
[00:17:47] [Server thread/DEBUG] [FML/]: Bar Step: PreInitialization - JinRyuu's Better Render Addon took 0.005s
[00:17:47] [Server thread/TRACE] [journeymap/journeymap]: Sending event FMLPreInitializationEvent to mod journeymap
[00:17:47] [Server thread/TRACE] [journeymap/journeymap]: Sent event FMLPreInitializationEvent to mod journeymap
[00:17:47] [Server thread/DEBUG] [FML/]: Bar Step: PreInitialization - JourneyMap took 0.005s
[00:17:47] [Server thread/TRACE] [jinryuuyearsc/jinryuuyearsc]: Sending event FMLPreInitializationEvent to mod jinryuuyearsc
[00:17:47] [Server thread/INFO] [jinryuuyearsc/jinryuuyearsc]: Current Version 1.2.5
[00:17:47] [Server thread/INFO] [jinryuuyearsc/jinryuuyearsc]: Copyright (c) Tamas 'JinRyuu' Nagy,  2012-2026
[00:17:47] [Server thread/INFO] [jinryuuyearsc/jinryuuyearsc]: http://jingames.net/
[00:17:47] [Server thread/INFO] [jinryuuyearsc/jinryuuyearsc]: Pre Initialization Complated
[00:17:47] [Server thread/TRACE] [jinryuuyearsc/jinryuuyearsc]: Sent event FMLPreInitializationEvent to mod jinryuuyearsc
[00:17:47] [Server thread/DEBUG] [FML/]: Bar Step: PreInitialization - JinRyuu's Years C took 0.010s
[00:17:47] [Server thread/TRACE] [lootplusplus/lootplusplus]: Sending event FMLPreInitializationEvent to mod lootplusplus
[00:17:47] [Server thread/TRACE] [FML/lootplusplus]: Automatically registered mod lootplusplus entity ThrownItem as lootplusplus.ThrownItem
[00:17:47] [Server thread/TRACE] [FML/lootplusplus]: Automatically registered mod lootplusplus entity Label as lootplusplus.Label
[00:17:47] [Server thread/TRACE] [lootplusplus/lootplusplus]: Sent event FMLPreInitializationEvent to mod lootplusplus
[00:17:47] [Server thread/DEBUG] [FML/]: Bar Step: PreInitialization - Loot++ took 0.156s
[00:17:47] [Server thread/DEBUG] [FML/]: Bar Finished: PreInitialization took 0.891s
[00:17:47] [Server thread/INFO] [FML/]: Applying holder lookups
[00:17:47] [Server thread/INFO] [FML/]: Holder lookups applied
[00:17:47] [Server thread/INFO] [FML/]: Injecting itemstacks
[00:17:47] [Server thread/INFO] [FML/]: Itemstack injection complete
[00:17:47] [Server thread/TRACE] [mcp/mcp]: Sending event FMLInitializationEvent to mod mcp
[00:17:47] [Server thread/TRACE] [mcp/mcp]: Sent event FMLInitializationEvent to mod mcp
[00:17:47] [Server thread/DEBUG] [FML/]: Bar Step: Initialization - Minecraft Coder Pack took 0.000s
[00:17:47] [Server thread/TRACE] [FML/FML]: Sending event FMLInitializationEvent to mod FML
[00:17:47] [Server thread/TRACE] [FML/FML]: Sent event FMLInitializationEvent to mod FML
[00:17:47] [Server thread/DEBUG] [FML/]: Bar Step: Initialization - Forge Mod Loader took 0.001s
[00:17:47] [Server thread/TRACE] [Forge/Forge]: Sending event FMLInitializationEvent to mod Forge
[00:17:47] [Server thread/TRACE] [Forge/Forge]: Sent event FMLInitializationEvent to mod Forge
[00:17:47] [Server thread/DEBUG] [FML/]: Bar Step: Initialization - Minecraft Forge took 0.000s
[00:17:47] [Server thread/TRACE] [CodeChickenCore/CodeChickenCore]: Sending event FMLInitializationEvent to mod CodeChickenCore
[00:17:47] [Server thread/TRACE] [CodeChickenCore/CodeChickenCore]: Sent event FMLInitializationEvent to mod CodeChickenCore
[00:17:47] [Server thread/DEBUG] [FML/]: Bar Step: Initialization - CodeChicken Core took 0.000s
[00:17:47] [Server thread/TRACE] [NotEnoughItems/NotEnoughItems]: Sending event FMLInitializationEvent to mod NotEnoughItems
[00:17:47] [Server thread/TRACE] [NotEnoughItems/NotEnoughItems]: Sent event FMLInitializationEvent to mod NotEnoughItems
[00:17:47] [Server thread/DEBUG] [FML/]: Bar Step: Initialization - Not Enough Items took 0.049s
[00:17:47] [Server thread/TRACE] [adventurebackpack/adventurebackpack]: Sending event FMLInitializationEvent to mod adventurebackpack
[00:17:48] [Server thread/INFO] [Adventure Backpack/adventurebackpack]: Loaded 70 backpack recipes.
[00:17:48] [Server thread/TRACE] [adventurebackpack/adventurebackpack]: Sent event FMLInitializationEvent to mod adventurebackpack
[00:17:48] [Server thread/DEBUG] [FML/]: Bar Step: Initialization - Adventure Backpack took 0.021s
[00:17:48] [Server thread/TRACE] [BiomeTweaker/BiomeTweaker]: Sending event FMLInitializationEvent to mod BiomeTweaker
[00:17:48] [Server thread/TRACE] [BiomeTweaker/BiomeTweaker]: Sent event FMLInitializationEvent to mod BiomeTweaker
[00:17:48] [Server thread/DEBUG] [FML/]: Bar Step: Initialization - BiomeTweaker took 0.001s
[00:17:48] [Server thread/TRACE] [jinryuujrmcore/jinryuujrmcore]: Sending event FMLInitializationEvent to mod jinryuujrmcore
[00:17:48] [Server thread/INFO] [STDERR/jinryuujrmcore]: [java.lang.Throwable$WrappedPrintStream:println:749]: java.lang.InstantiationException
[00:17:48] [Server thread/INFO] [STDERR/jinryuujrmcore]: [java.lang.Throwable$WrappedPrintStream:println:749]: 	at sun.reflect.InstantiationExceptionConstructorAccessorImpl.newInstance(InstantiationExceptionConstructorAccessorImpl.java:48)
[00:17:48] [Server thread/INFO] [STDERR/jinryuujrmcore]: [java.lang.Throwable$WrappedPrintStream:println:749]: 	at java.lang.reflect.Constructor.newInstance(Constructor.java:423)
[00:17:48] [Server thread/INFO] [STDERR/jinryuujrmcore]: [java.lang.Throwable$WrappedPrintStream:println:749]: 	at cpw.mods.fml.common.eventhandler.EventBus.register(EventBus.java:103)
[00:17:48] [Server thread/INFO] [STDERR/jinryuujrmcore]: [java.lang.Throwable$WrappedPrintStream:println:749]: 	at cpw.mods.fml.common.eventhandler.EventBus.register(EventBus.java:85)
[00:17:48] [Server thread/INFO] [STDERR/jinryuujrmcore]: [java.lang.Throwable$WrappedPrintStream:println:749]: 	at JinRyuu.JRMCore.mod_JRMCore.load(mod_JRMCore.java:136)
[00:17:48] [Server thread/INFO] [STDERR/jinryuujrmcore]: [java.lang.Throwable$WrappedPrintStream:println:749]: 	at sun.reflect.NativeMethodAccessorImpl.invoke0(Native Method)
[00:17:48] [Server thread/INFO] [STDERR/jinryuujrmcore]: [java.lang.Throwable$WrappedPrintStream:println:749]: 	at sun.reflect.NativeMethodAccessorImpl.invoke(NativeMethodAccessorImpl.java:62)
[00:17:48] [Server thread/INFO] [STDERR/jinryuujrmcore]: [java.lang.Throwable$WrappedPrintStream:println:749]: 	at sun.reflect.DelegatingMethodAccessorImpl.invoke(DelegatingMethodAccessorImpl.java:43)
[00:17:48] [Server thread/INFO] [STDERR/jinryuujrmcore]: [java.lang.Throwable$WrappedPrintStream:println:749]: 	at java.lang.reflect.Method.invoke(Method.java:498)
[00:17:48] [Server thread/INFO] [STDERR/jinryuujrmcore]: [java.lang.Throwable$WrappedPrintStream:println:749]: 	at cpw.mods.fml.common.FMLModContainer.handleModStateEvent(FMLModContainer.java:532)
[00:17:48] [Server thread/INFO] [STDERR/jinryuujrmcore]: [java.lang.Throwable$WrappedPrintStream:println:749]: 	at sun.reflect.GeneratedMethodAccessor3.invoke(Unknown Source)
[00:17:48] [Server thread/INFO] [STDERR/jinryuujrmcore]: [java.lang.Throwable$WrappedPrintStream:println:749]: 	at sun.reflect.DelegatingMethodAccessorImpl.invoke(DelegatingMethodAccessorImpl.java:43)
[00:17:48] [Server thread/INFO] [STDERR/jinryuujrmcore]: [java.lang.Throwable$WrappedPrintStream:println:749]: 	at java.lang.reflect.Method.invoke(Method.java:498)
[00:17:48] [Server thread/INFO] [STDERR/jinryuujrmcore]: [java.lang.Throwable$WrappedPrintStream:println:749]: 	at com.google.common.eventbus.EventSubscriber.handleEvent(EventSubscriber.java:74)
[00:17:48] [Server thread/INFO] [STDERR/jinryuujrmcore]: [java.lang.Throwable$WrappedPrintStream:println:749]: 	at com.google.common.eventbus.SynchronizedEventSubscriber.handleEvent(SynchronizedEventSubscriber.java:47)
[00:17:48] [Server thread/INFO] [STDERR/jinryuujrmcore]: [java.lang.Throwable$WrappedPrintStream:println:749]: 	at com.google.common.eventbus.EventBus.dispatch(EventBus.java:322)
[00:17:48] [Server thread/INFO] [STDERR/jinryuujrmcore]: [java.lang.Throwable$WrappedPrintStream:println:749]: 	at com.google.common.eventbus.EventBus.dispatchQueuedEvents(EventBus.java:304)
[00:17:48] [Server thread/INFO] [STDERR/jinryuujrmcore]: [java.lang.Throwable$WrappedPrintStream:println:749]: 	at com.google.common.eventbus.EventBus.post(EventBus.java:275)
[00:17:48] [Server thread/INFO] [STDERR/jinryuujrmcore]: [java.lang.Throwable$WrappedPrintStream:println:749]: 	at cpw.mods.fml.common.LoadController.sendEventToModContainer(LoadController.java:212)
[00:17:48] [Server thread/INFO] [STDERR/jinryuujrmcore]: [java.lang.Throwable$WrappedPrintStream:println:749]: 	at cpw.mods.fml.common.LoadController.propogateStateMessage(LoadController.java:190)
[00:17:48] [Server thread/INFO] [STDERR/jinryuujrmcore]: [java.lang.Throwable$WrappedPrintStream:println:749]: 	at sun.reflect.NativeMethodAccessorImpl.invoke0(Native Method)
[00:17:48] [Server thread/INFO] [STDERR/jinryuujrmcore]: [java.lang.Throwable$WrappedPrintStream:println:749]: 	at sun.reflect.NativeMethodAccessorImpl.invoke(NativeMethodAccessorImpl.java:62)
[00:17:48] [Server thread/INFO] [STDERR/jinryuujrmcore]: [java.lang.Throwable$WrappedPrintStream:println:749]: 	at sun.reflect.DelegatingMethodAccessorImpl.invoke(DelegatingMethodAccessorImpl.java:43)
[00:17:48] [Server thread/INFO] [STDERR/jinryuujrmcore]: [java.lang.Throwable$WrappedPrintStream:println:749]: 	at java.lang.reflect.Method.invoke(Method.java:498)
[00:17:48] [Server thread/INFO] [STDERR/jinryuujrmcore]: [java.lang.Throwable$WrappedPrintStream:println:749]: 	at com.google.common.eventbus.EventSubscriber.handleEvent(EventSubscriber.java:74)
[00:17:48] [Server thread/INFO] [STDERR/jinryuujrmcore]: [java.lang.Throwable$WrappedPrintStream:println:749]: 	at com.google.common.eventbus.SynchronizedEventSubscriber.handleEvent(SynchronizedEventSubscriber.java:47)
[00:17:48] [Server thread/INFO] [STDERR/jinryuujrmcore]: [java.lang.Throwable$WrappedPrintStream:println:749]: 	at com.google.common.eventbus.EventBus.dispatch(EventBus.java:322)
[00:17:48] [Server thread/INFO] [STDERR/jinryuujrmcore]: [java.lang.Throwable$WrappedPrintStream:println:749]: 	at com.google.common.eventbus.EventBus.dispatchQueuedEvents(EventBus.java:304)
[00:17:48] [Server thread/INFO] [STDERR/jinryuujrmcore]: [java.lang.Throwable$WrappedPrintStream:println:749]: 	at com.google.common.eventbus.EventBus.post(EventBus.java:275)
[00:17:48] [Server thread/INFO] [STDERR/jinryuujrmcore]: [java.lang.Throwable$WrappedPrintStream:println:749]: 	at cpw.mods.fml.common.LoadController.distributeStateMessage(LoadController.java:119)
[00:17:48] [Server thread/INFO] [STDERR/jinryuujrmcore]: [java.lang.Throwable$WrappedPrintStream:println:749]: 	at cpw.mods.fml.common.Loader.initializeMods(Loader.java:737)
[00:17:48] [Server thread/INFO] [STDERR/jinryuujrmcore]: [java.lang.Throwable$WrappedPrintStream:println:749]: 	at cpw.mods.fml.server.FMLServerHandler.finishServerLoading(FMLServerHandler.java:97)
[00:17:48] [Server thread/INFO] [STDERR/jinryuujrmcore]: [java.lang.Throwable$WrappedPrintStream:println:749]: 	at cpw.mods.fml.common.FMLCommonHandler.onServerStarted(FMLCommonHandler.java:319)
[00:17:48] [Server thread/INFO] [STDERR/jinryuujrmcore]: [java.lang.Throwable$WrappedPrintStream:println:749]: 	at net.minecraft.server.dedicated.DedicatedServer.func_71197_b(DedicatedServer.java:210)
[00:17:48] [Server thread/INFO] [STDERR/jinryuujrmcore]: [java.lang.Throwable$WrappedPrintStream:println:749]: 	at net.minecraft.server.MinecraftServer.run(MinecraftServer.java:387)
[00:17:48] [Server thread/INFO] [STDERR/jinryuujrmcore]: [java.lang.Throwable$WrappedPrintStream:println:749]: 	at net.minecraft.server.MinecraftServer$2.run(MinecraftServer.java:685)
[00:17:48] [Server thread/INFO] [STDERR/jinryuujrmcore]: [java.lang.Throwable$WrappedPrintStream:println:749]: java.lang.InstantiationException
[00:17:48] [Server thread/INFO] [STDERR/jinryuujrmcore]: [java.lang.Throwable$WrappedPrintStream:println:749]: 	at sun.reflect.InstantiationExceptionConstructorAccessorImpl.newInstance(InstantiationExceptionConstructorAccessorImpl.java:48)
[00:17:48] [Server thread/INFO] [STDERR/jinryuujrmcore]: [java.lang.Throwable$WrappedPrintStream:println:749]: 	at java.lang.reflect.Constructor.newInstance(Constructor.java:423)
[00:17:48] [Server thread/INFO] [STDERR/jinryuujrmcore]: [java.lang.Throwable$WrappedPrintStream:println:749]: 	at cpw.mods.fml.common.eventhandler.EventBus.register(EventBus.java:103)
[00:17:48] [Server thread/INFO] [STDERR/jinryuujrmcore]: [java.lang.Throwable$WrappedPrintStream:println:749]: 	at cpw.mods.fml.common.eventhandler.EventBus.register(EventBus.java:85)
[00:17:48] [Server thread/INFO] [STDERR/jinryuujrmcore]: [java.lang.Throwable$WrappedPrintStream:println:749]: 	at JinRyuu.JRMCore.mod_JRMCore.load(mod_JRMCore.java:138)
[00:17:48] [Server thread/INFO] [STDERR/jinryuujrmcore]: [java.lang.Throwable$WrappedPrintStream:println:749]: 	at sun.reflect.NativeMethodAccessorImpl.invoke0(Native Method)
[00:17:48] [Server thread/INFO] [STDERR/jinryuujrmcore]: [java.lang.Throwable$WrappedPrintStream:println:749]: 	at sun.reflect.NativeMethodAccessorImpl.invoke(NativeMethodAccessorImpl.java:62)
[00:17:48] [Server thread/INFO] [STDERR/jinryuujrmcore]: [java.lang.Throwable$WrappedPrintStream:println:749]: 	at sun.reflect.DelegatingMethodAccessorImpl.invoke(DelegatingMethodAccessorImpl.java:43)
[00:17:48] [Server thread/INFO] [STDERR/jinryuujrmcore]: [java.lang.Throwable$WrappedPrintStream:println:749]: 	at java.lang.reflect.Method.invoke(Method.java:498)
[00:17:48] [Server thread/INFO] [STDERR/jinryuujrmcore]: [java.lang.Throwable$WrappedPrintStream:println:749]: 	at cpw.mods.fml.common.FMLModContainer.handleModStateEvent(FMLModContainer.java:532)
[00:17:48] [Server thread/INFO] [STDERR/jinryuujrmcore]: [java.lang.Throwable$WrappedPrintStream:println:749]: 	at sun.reflect.GeneratedMethodAccessor3.invoke(Unknown Source)
[00:17:48] [Server thread/INFO] [STDERR/jinryuujrmcore]: [java.lang.Throwable$WrappedPrintStream:println:749]: 	at sun.reflect.DelegatingMethodAccessorImpl.invoke(DelegatingMethodAccessorImpl.java:43)
[00:17:48] [Server thread/INFO] [STDERR/jinryuujrmcore]: [java.lang.Throwable$WrappedPrintStream:println:749]: 	at java.lang.reflect.Method.invoke(Method.java:498)
[00:17:48] [Server thread/INFO] [STDERR/jinryuujrmcore]: [java.lang.Throwable$WrappedPrintStream:println:749]: 	at com.google.common.eventbus.EventSubscriber.handleEvent(EventSubscriber.java:74)
[00:17:48] [Server thread/INFO] [STDERR/jinryuujrmcore]: [java.lang.Throwable$WrappedPrintStream:println:749]: 	at com.google.common.eventbus.SynchronizedEventSubscriber.handleEvent(SynchronizedEventSubscriber.java:47)
[00:17:48] [Server thread/INFO] [STDERR/jinryuujrmcore]: [java.lang.Throwable$WrappedPrintStream:println:749]: 	at com.google.common.eventbus.EventBus.dispatch(EventBus.java:322)
[00:17:48] [Server thread/INFO] [STDERR/jinryuujrmcore]: [java.lang.Throwable$WrappedPrintStream:println:749]: 	at com.google.common.eventbus.EventBus.dispatchQueuedEvents(EventBus.java:304)
[00:17:48] [Server thread/INFO] [STDERR/jinryuujrmcore]: [java.lang.Throwable$WrappedPrintStream:println:749]: 	at com.google.common.eventbus.EventBus.post(EventBus.java:275)
[00:17:48] [Server thread/INFO] [STDERR/jinryuujrmcore]: [java.lang.Throwable$WrappedPrintStream:println:749]: 	at cpw.mods.fml.common.LoadController.sendEventToModContainer(LoadController.java:212)
[00:17:48] [Server thread/INFO] [STDERR/jinryuujrmcore]: [java.lang.Throwable$WrappedPrintStream:println:749]: 	at cpw.mods.fml.common.LoadController.propogateStateMessage(LoadController.java:190)
[00:17:48] [Server thread/INFO] [STDERR/jinryuujrmcore]: [java.lang.Throwable$WrappedPrintStream:println:749]: 	at sun.reflect.NativeMethodAccessorImpl.invoke0(Native Method)
[00:17:48] [Server thread/INFO] [STDERR/jinryuujrmcore]: [java.lang.Throwable$WrappedPrintStream:println:749]: 	at sun.reflect.NativeMethodAccessorImpl.invoke(NativeMethodAccessorImpl.java:62)
[00:17:48] [Server thread/INFO] [STDERR/jinryuujrmcore]: [java.lang.Throwable$WrappedPrintStream:println:749]: 	at sun.reflect.DelegatingMethodAccessorImpl.invoke(DelegatingMethodAccessorImpl.java:43)
[00:17:48] [Server thread/INFO] [STDERR/jinryuujrmcore]: [java.lang.Throwable$WrappedPrintStream:println:749]: 	at java.lang.reflect.Method.invoke(Method.java:498)
[00:17:48] [Server thread/INFO] [STDERR/jinryuujrmcore]: [java.lang.Throwable$WrappedPrintStream:println:749]: 	at com.google.common.eventbus.EventSubscriber.handleEvent(EventSubscriber.java:74)
[00:17:48] [Server thread/INFO] [STDERR/jinryuujrmcore]: [java.lang.Throwable$WrappedPrintStream:println:749]: 	at com.google.common.eventbus.SynchronizedEventSubscriber.handleEvent(SynchronizedEventSubscriber.java:47)
[00:17:48] [Server thread/INFO] [STDERR/jinryuujrmcore]: [java.lang.Throwable$WrappedPrintStream:println:749]: 	at com.google.common.eventbus.EventBus.dispatch(EventBus.java:322)
[00:17:48] [Server thread/INFO] [STDERR/jinryuujrmcore]: [java.lang.Throwable$WrappedPrintStream:println:749]: 	at com.google.common.eventbus.EventBus.dispatchQueuedEvents(EventBus.java:304)
[00:17:48] [Server thread/INFO] [STDERR/jinryuujrmcore]: [java.lang.Throwable$WrappedPrintStream:println:749]: 	at com.google.common.eventbus.EventBus.post(EventBus.java:275)
[00:17:48] [Server thread/INFO] [STDERR/jinryuujrmcore]: [java.lang.Throwable$WrappedPrintStream:println:749]: 	at cpw.mods.fml.common.LoadController.distributeStateMessage(LoadController.java:119)
[00:17:48] [Server thread/INFO] [STDERR/jinryuujrmcore]: [java.lang.Throwable$WrappedPrintStream:println:749]: 	at cpw.mods.fml.common.Loader.initializeMods(Loader.java:737)
[00:17:48] [Server thread/INFO] [STDERR/jinryuujrmcore]: [java.lang.Throwable$WrappedPrintStream:println:749]: 	at cpw.mods.fml.server.FMLServerHandler.finishServerLoading(FMLServerHandler.java:97)
[00:17:48] [Server thread/INFO] [STDERR/jinryuujrmcore]: [java.lang.Throwable$WrappedPrintStream:println:749]: 	at cpw.mods.fml.common.FMLCommonHandler.onServerStarted(FMLCommonHandler.java:319)
[00:17:48] [Server thread/INFO] [STDERR/jinryuujrmcore]: [java.lang.Throwable$WrappedPrintStream:println:749]: 	at net.minecraft.server.dedicated.DedicatedServer.func_71197_b(DedicatedServer.java:210)
[00:17:48] [Server thread/INFO] [STDERR/jinryuujrmcore]: [java.lang.Throwable$WrappedPrintStream:println:749]: 	at net.minecraft.server.MinecraftServer.run(MinecraftServer.java:387)
[00:17:48] [Server thread/INFO] [STDERR/jinryuujrmcore]: [java.lang.Throwable$WrappedPrintStream:println:749]: 	at net.minecraft.server.MinecraftServer$2.run(MinecraftServer.java:685)
[00:17:48] [Server thread/TRACE] [FML/jinryuujrmcore]: Automatically registered mod jinryuujrmcore entity JutsuAttack as jinryuujrmcore.JutsuAttack
[00:17:48] [Server thread/TRACE] [FML/jinryuujrmcore]: Automatically registered mod jinryuujrmcore entity JutsuAttack2 as jinryuujrmcore.JutsuAttack2
[00:17:48] [Server thread/TRACE] [FML/jinryuujrmcore]: Automatically registered mod jinryuujrmcore entity JutsuAttack3 as jinryuujrmcore.JutsuAttack3
[00:17:48] [Server thread/TRACE] [FML/jinryuujrmcore]: Automatically registered mod jinryuujrmcore entity TrainingShadowDummy as jinryuujrmcore.TrainingShadowDummy
[00:17:48] [Server thread/TRACE] [FML/jinryuujrmcore]: Automatically registered mod jinryuujrmcore entity JGMasterSafeZone as jinryuujrmcore.JGMasterSafeZone
[00:17:48] [Server thread/TRACE] [jinryuujrmcore/jinryuujrmcore]: Sent event FMLInitializationEvent to mod jinryuujrmcore
[00:17:48] [Server thread/DEBUG] [FML/]: Bar Step: Initialization - JinRyuu's JRMCore took 0.186s
[00:17:48] [Server thread/TRACE] [jinryuudragonblockc/jinryuudragonblockc]: Sending event FMLInitializationEvent to mod jinryuudragonblockc
[00:17:48] [Server thread/WARN] [FML/jinryuudragonblockc]: Redundant call to BiomeDictionary.registerAllBiomes ignored
[00:17:50] [Server thread/INFO] [jinryuudragonblockc/jinryuudragonblockc]: Initialization Completed
[00:17:50] [Server thread/TRACE] [FML/jinryuudragonblockc]: Automatically registered mod jinryuudragonblockc entity Dragonp as jinryuudragonblockc.Dragonp
[00:17:50] [Server thread/TRACE] [FML/jinryuudragonblockc]: Automatically registered mod jinryuudragonblockc entity Dragonp2 as jinryuudragonblockc.Dragonp2
[00:17:50] [Server thread/TRACE] [FML/jinryuudragonblockc]: Automatically registered mod jinryuudragonblockc entity Dragon2 as jinryuudragonblockc.Dragon2
[00:17:50] [Server thread/TRACE] [FML/jinryuudragonblockc]: Automatically registered mod jinryuudragonblockc entity Dragon as jinryuudragonblockc.Dragon
[00:17:50] [Server thread/TRACE] [FML/jinryuudragonblockc]: Automatically registered mod jinryuudragonblockc entity Raditz as jinryuudragonblockc.Raditz
[00:17:50] [Server thread/TRACE] [FML/jinryuudragonblockc]: Automatically registered mod jinryuudragonblockc entity Nappa as jinryuudragonblockc.Nappa
[00:17:50] [Server thread/TRACE] [FML/jinryuudragonblockc]: Automatically registered mod jinryuudragonblockc entity Vegeta as jinryuudragonblockc.Vegeta
[00:17:50] [Server thread/TRACE] [FML/jinryuudragonblockc]: Automatically registered mod jinryuudragonblockc entity Saibaiman as jinryuudragonblockc.Saibaiman
[00:17:50] [Server thread/TRACE] [FML/jinryuudragonblockc]: Automatically registered mod jinryuudragonblockc entity Saiyan01 as jinryuudragonblockc.Saiyan01
[00:17:50] [Server thread/TRACE] [FML/jinryuudragonblockc]: Automatically registered mod jinryuudragonblockc entity Saiyan02 as jinryuudragonblockc.Saiyan02
[00:17:50] [Server thread/TRACE] [FML/jinryuudragonblockc]: Automatically registered mod jinryuudragonblockc entity Kiwi as jinryuudragonblockc.Kiwi
[00:17:50] [Server thread/TRACE] [FML/jinryuudragonblockc]: Automatically registered mod jinryuudragonblockc entity Dodoria as jinryuudragonblockc.Dodoria
[00:17:50] [Server thread/TRACE] [FML/jinryuudragonblockc]: Automatically registered mod jinryuudragonblockc entity Zarbon as jinryuudragonblockc.Zarbon
[00:17:50] [Server thread/TRACE] [FML/jinryuudragonblockc]: Automatically registered mod jinryuudragonblockc entity Guldo as jinryuudragonblockc.Guldo
[00:17:50] [Server thread/TRACE] [FML/jinryuudragonblockc]: Automatically registered mod jinryuudragonblockc entity Recoome as jinryuudragonblockc.Recoome
[00:17:50] [Server thread/TRACE] [FML/jinryuudragonblockc]: Automatically registered mod jinryuudragonblockc entity Barta as jinryuudragonblockc.Barta
[00:17:50] [Server thread/TRACE] [FML/jinryuudragonblockc]: Automatically registered mod jinryuudragonblockc entity Jeice as jinryuudragonblockc.Jeice
[00:17:50] [Server thread/TRACE] [FML/jinryuudragonblockc]: Automatically registered mod jinryuudragonblockc entity Ginyu as jinryuudragonblockc.Ginyu
[00:17:50] [Server thread/TRACE] [FML/jinryuudragonblockc]: Automatically registered mod jinryuudragonblockc entity FreezaSoldier1 as jinryuudragonblockc.FreezaSoldier1
[00:17:50] [Server thread/TRACE] [FML/jinryuudragonblockc]: Automatically registered mod jinryuudragonblockc entity FreezaSoldier2 as jinryuudragonblockc.FreezaSoldier2
[00:17:50] [Server thread/TRACE] [FML/jinryuudragonblockc]: Automatically registered mod jinryuudragonblockc entity FreezaSoldier3 as jinryuudragonblockc.FreezaSoldier3
[00:17:50] [Server thread/TRACE] [FML/jinryuudragonblockc]: Automatically registered mod jinryuudragonblockc entity Freeza1 as jinryuudragonblockc.Freeza1
[00:17:50] [Server thread/TRACE] [FML/jinryuudragonblockc]: Automatically registered mod jinryuudragonblockc entity Freeza2 as jinryuudragonblockc.Freeza2
[00:17:50] [Server thread/TRACE] [FML/jinryuudragonblockc]: Automatically registered mod jinryuudragonblockc entity Freeza3 as jinryuudragonblockc.Freeza3
[00:17:50] [Server thread/TRACE] [FML/jinryuudragonblockc]: Automatically registered mod jinryuudragonblockc entity Freeza4 as jinryuudragonblockc.Freeza4
[00:17:50] [Server thread/TRACE] [FML/jinryuudragonblockc]: Automatically registered mod jinryuudragonblockc entity Freeza5 as jinryuudragonblockc.Freeza5
[00:17:50] [Server thread/TRACE] [FML/jinryuudragonblockc]: Automatically registered mod jinryuudragonblockc entity Freeza6 as jinryuudragonblockc.Freeza6
[00:17:50] [Server thread/TRACE] [FML/jinryuudragonblockc]: Automatically registered mod jinryuudragonblockc entity KingCold as jinryuudragonblockc.KingCold
[00:17:50] [Server thread/TRACE] [FML/jinryuudragonblockc]: Automatically registered mod jinryuudragonblockc entity MechaFreeza as jinryuudragonblockc.MechaFreeza
[00:17:50] [Server thread/TRACE] [FML/jinryuudragonblockc]: Automatically registered mod jinryuudragonblockc entity Cyborg16 as jinryuudragonblockc.Cyborg16
[00:17:50] [Server thread/TRACE] [FML/jinryuudragonblockc]: Automatically registered mod jinryuudragonblockc entity Cyborg17 as jinryuudragonblockc.Cyborg17
[00:17:50] [Server thread/TRACE] [FML/jinryuudragonblockc]: Automatically registered mod jinryuudragonblockc entity Cyborg18 as jinryuudragonblockc.Cyborg18
[00:17:50] [Server thread/TRACE] [FML/jinryuudragonblockc]: Automatically registered mod jinryuudragonblockc entity Cyborg19 as jinryuudragonblockc.Cyborg19
[00:17:50] [Server thread/TRACE] [FML/jinryuudragonblockc]: Automatically registered mod jinryuudragonblockc entity Cyborg20 as jinryuudragonblockc.Cyborg20
[00:17:50] [Server thread/TRACE] [FML/jinryuudragonblockc]: Automatically registered mod jinryuudragonblockc entity Cell1 as jinryuudragonblockc.Cell1
[00:17:50] [Server thread/TRACE] [FML/jinryuudragonblockc]: Automatically registered mod jinryuudragonblockc entity Cell2 as jinryuudragonblockc.Cell2
[00:17:50] [Server thread/TRACE] [FML/jinryuudragonblockc]: Automatically registered mod jinryuudragonblockc entity Cell3 as jinryuudragonblockc.Cell3
[00:17:50] [Server thread/TRACE] [FML/jinryuudragonblockc]: Automatically registered mod jinryuudragonblockc entity Cell4 as jinryuudragonblockc.Cell4
[00:17:50] [Server thread/TRACE] [FML/jinryuudragonblockc]: Automatically registered mod jinryuudragonblockc entity SpacePod as jinryuudragonblockc.SpacePod
[00:17:50] [Server thread/TRACE] [FML/jinryuudragonblockc]: Automatically registered mod jinryuudragonblockc entity Kintoun as jinryuudragonblockc.Kintoun
[00:17:50] [Server thread/TRACE] [FML/jinryuudragonblockc]: Automatically registered mod jinryuudragonblockc entity KintounBlack as jinryuudragonblockc.KintounBlack
[00:17:50] [Server thread/TRACE] [FML/jinryuudragonblockc]: Automatically registered mod jinryuudragonblockc entity hell01 as jinryuudragonblockc.hell01
[00:17:50] [Server thread/TRACE] [FML/jinryuudragonblockc]: Automatically registered mod jinryuudragonblockc entity hell02 as jinryuudragonblockc.hell02
[00:17:50] [Server thread/TRACE] [FML/jinryuudragonblockc]: Automatically registered mod jinryuudragonblockc entity enma as jinryuudragonblockc.enma
[00:17:50] [Server thread/TRACE] [FML/jinryuudragonblockc]: Automatically registered mod jinryuudragonblockc entity Namekian01 as jinryuudragonblockc.Namekian01
[00:17:50] [Server thread/TRACE] [FML/jinryuudragonblockc]: Automatically registered mod jinryuudragonblockc entity Namekian03 as jinryuudragonblockc.Namekian03
[00:17:50] [Server thread/TRACE] [FML/jinryuudragonblockc]: Automatically registered mod jinryuudragonblockc entity kami as jinryuudragonblockc.kami
[00:17:50] [Server thread/TRACE] [FML/jinryuudragonblockc]: Automatically registered mod jinryuudragonblockc entity northkaio as jinryuudragonblockc.northkaio
[00:17:50] [Server thread/TRACE] [FML/jinryuudragonblockc]: Automatically registered mod jinryuudragonblockc entity karin as jinryuudragonblockc.karin
[00:17:50] [Server thread/TRACE] [FML/jinryuudragonblockc]: Automatically registered mod jinryuudragonblockc entity roshi as jinryuudragonblockc.roshi
[00:17:50] [Server thread/TRACE] [FML/jinryuudragonblockc]: Automatically registered mod jinryuudragonblockc entity cellmaster as jinryuudragonblockc.cellmaster
[00:17:50] [Server thread/TRACE] [FML/jinryuudragonblockc]: Automatically registered mod jinryuudragonblockc entity gokumaster as jinryuudragonblockc.gokumaster
[00:17:50] [Server thread/TRACE] [FML/jinryuudragonblockc]: Automatically registered mod jinryuudragonblockc entity gohanmaster as jinryuudragonblockc.gohanmaster
[00:17:50] [Server thread/TRACE] [FML/jinryuudragonblockc]: Automatically registered mod jinryuudragonblockc entity trunksfuturemaster as jinryuudragonblockc.trunksfuturemaster
[00:17:50] [Server thread/TRACE] [FML/jinryuudragonblockc]: Automatically registered mod jinryuudragonblockc entity Freezamaster as jinryuudragonblockc.Freezamaster
[00:17:50] [Server thread/TRACE] [FML/jinryuudragonblockc]: Automatically registered mod jinryuudragonblockc entity jin as jinryuudragonblockc.jin
[00:17:50] [Server thread/TRACE] [FML/jinryuudragonblockc]: Automatically registered mod jinryuudragonblockc entity gurumaster as jinryuudragonblockc.gurumaster
[00:17:50] [Server thread/TRACE] [FML/jinryuudragonblockc]: Automatically registered mod jinryuudragonblockc entity whismaster as jinryuudragonblockc.whismaster
[00:17:50] [Server thread/TRACE] [FML/jinryuudragonblockc]: Automatically registered mod jinryuudragonblockc entity EntityDino01 as jinryuudragonblockc.EntityDino01
[00:17:50] [Server thread/TRACE] [FML/jinryuudragonblockc]: Automatically registered mod jinryuudragonblockc entity EntityDino02 as jinryuudragonblockc.EntityDino02
[00:17:50] [Server thread/TRACE] [FML/jinryuudragonblockc]: Automatically registered mod jinryuudragonblockc entity EntityDino03 as jinryuudragonblockc.EntityDino03
[00:17:50] [Server thread/TRACE] [FML/jinryuudragonblockc]: Automatically registered mod jinryuudragonblockc entity EntityRRMecha as jinryuudragonblockc.EntityRRMecha
[00:17:50] [Server thread/TRACE] [FML/jinryuudragonblockc]: Automatically registered mod jinryuudragonblockc entity EntitySabertooth as jinryuudragonblockc.EntitySabertooth
[00:17:50] [Server thread/TRACE] [FML/jinryuudragonblockc]: Automatically registered mod jinryuudragonblockc entity EnergyAttack as jinryuudragonblockc.EnergyAttack
[00:17:50] [Server thread/TRACE] [FML/jinryuudragonblockc]: Automatically registered mod jinryuudragonblockc entity DBCProjectile_1 as jinryuudragonblockc.DBCProjectile_1
[00:17:50] [Server thread/TRACE] [FML/jinryuudragonblockc]: Automatically registered mod jinryuudragonblockc entity Puipui as jinryuudragonblockc.Puipui
[00:17:50] [Server thread/TRACE] [FML/jinryuudragonblockc]: Automatically registered mod jinryuudragonblockc entity Yakon as jinryuudragonblockc.Yakon
[00:17:50] [Server thread/TRACE] [FML/jinryuudragonblockc]: Automatically registered mod jinryuudragonblockc entity Darbura as jinryuudragonblockc.Darbura
[00:17:50] [Server thread/TRACE] [FML/jinryuudragonblockc]: Automatically registered mod jinryuudragonblockc entity BuuFat as jinryuudragonblockc.BuuFat
[00:17:50] [Server thread/TRACE] [FML/jinryuudragonblockc]: Automatically registered mod jinryuudragonblockc entity BuuSuper as jinryuudragonblockc.BuuSuper
[00:17:50] [Server thread/TRACE] [FML/jinryuudragonblockc]: Automatically registered mod jinryuudragonblockc entity masterbabidi as jinryuudragonblockc.masterbabidi
[00:17:50] [Server thread/TRACE] [FML/jinryuudragonblockc]: Automatically registered mod jinryuudragonblockc entity Beerus as jinryuudragonblockc.Beerus
[00:17:50] [Server thread/TRACE] [FML/jinryuudragonblockc]: Automatically registered mod jinryuudragonblockc entity masterpiccolo as jinryuudragonblockc.masterpiccolo
[00:17:50] [Server thread/TRACE] [FML/jinryuudragonblockc]: Automatically registered mod jinryuudragonblockc entity mastervegeta as jinryuudragonblockc.mastervegeta
[00:17:50] [Server thread/TRACE] [FML/jinryuudragonblockc]: Automatically registered mod jinryuudragonblockc entity Zarbon2 as jinryuudragonblockc.Zarbon2
[00:17:50] [Server thread/TRACE] [FML/jinryuudragonblockc]: Automatically registered mod jinryuudragonblockc entity FreezaGolden as jinryuudragonblockc.FreezaGolden
[00:17:50] [Server thread/TRACE] [FML/jinryuudragonblockc]: Automatically registered mod jinryuudragonblockc entity KiFakeMoon as jinryuudragonblockc.KiFakeMoon
[00:17:50] [Server thread/TRACE] [FML/jinryuudragonblockc]: Automatically registered mod jinryuudragonblockc entity EntityNamekFrog as jinryuudragonblockc.EntityNamekFrog
[00:17:50] [Server thread/TRACE] [FML/jinryuudragonblockc]: Automatically registered mod jinryuudragonblockc entity CellJr as jinryuudragonblockc.CellJr
[00:17:50] [Server thread/TRACE] [FML/jinryuudragonblockc]: Automatically registered mod jinryuudragonblockc entity BuuEvil as jinryuudragonblockc.BuuEvil
[00:17:50] [Server thread/TRACE] [FML/jinryuudragonblockc]: Automatically registered mod jinryuudragonblockc entity BuuFusion as jinryuudragonblockc.BuuFusion
[00:17:50] [Server thread/TRACE] [FML/jinryuudragonblockc]: Automatically registered mod jinryuudragonblockc entity BuuPiccolo as jinryuudragonblockc.BuuPiccolo
[00:17:50] [Server thread/TRACE] [FML/jinryuudragonblockc]: Automatically registered mod jinryuudragonblockc entity BuuUltimate as jinryuudragonblockc.BuuUltimate
[00:17:50] [Server thread/TRACE] [FML/jinryuudragonblockc]: Automatically registered mod jinryuudragonblockc entity BuuBuffed as jinryuudragonblockc.BuuBuffed
[00:17:50] [Server thread/TRACE] [FML/jinryuudragonblockc]: Automatically registered mod jinryuudragonblockc entity BuuKid as jinryuudragonblockc.BuuKid
[00:17:50] [Server thread/TRACE] [FML/jinryuudragonblockc]: Automatically registered mod jinryuudragonblockc entity Berryblue as jinryuudragonblockc.Berryblue
[00:17:50] [Server thread/TRACE] [FML/jinryuudragonblockc]: Automatically registered mod jinryuudragonblockc entity BeerusMonaka as jinryuudragonblockc.BeerusMonaka
[00:17:50] [Server thread/TRACE] [FML/jinryuudragonblockc]: Automatically registered mod jinryuudragonblockc entity BeerusMonaka2 as jinryuudragonblockc.BeerusMonaka2
[00:17:50] [Server thread/TRACE] [FML/jinryuudragonblockc]: Automatically registered mod jinryuudragonblockc entity BeerusMonaka3 as jinryuudragonblockc.BeerusMonaka3
[00:17:50] [Server thread/TRACE] [FML/jinryuudragonblockc]: Automatically registered mod jinryuudragonblockc entity Botamo as jinryuudragonblockc.Botamo
[00:17:50] [Server thread/TRACE] [FML/jinryuudragonblockc]: Automatically registered mod jinryuudragonblockc entity Champa as jinryuudragonblockc.Champa
[00:17:50] [Server thread/TRACE] [FML/jinryuudragonblockc]: Automatically registered mod jinryuudragonblockc entity Frost1 as jinryuudragonblockc.Frost1
[00:17:50] [Server thread/TRACE] [FML/jinryuudragonblockc]: Automatically registered mod jinryuudragonblockc entity Frost2 as jinryuudragonblockc.Frost2
[00:17:50] [Server thread/TRACE] [FML/jinryuudragonblockc]: Automatically registered mod jinryuudragonblockc entity Frost3 as jinryuudragonblockc.Frost3
[00:17:50] [Server thread/TRACE] [FML/jinryuudragonblockc]: Automatically registered mod jinryuudragonblockc entity Frost4 as jinryuudragonblockc.Frost4
[00:17:50] [Server thread/TRACE] [FML/jinryuudragonblockc]: Automatically registered mod jinryuudragonblockc entity Frost5 as jinryuudragonblockc.Frost5
[00:17:50] [Server thread/TRACE] [FML/jinryuudragonblockc]: Automatically registered mod jinryuudragonblockc entity Frost6 as jinryuudragonblockc.Frost6
[00:17:50] [Server thread/TRACE] [FML/jinryuudragonblockc]: Automatically registered mod jinryuudragonblockc entity Hit as jinryuudragonblockc.Hit
[00:17:50] [Server thread/TRACE] [FML/jinryuudragonblockc]: Automatically registered mod jinryuudragonblockc entity Krillin as jinryuudragonblockc.Krillin
[00:17:50] [Server thread/TRACE] [FML/jinryuudragonblockc]: Automatically registered mod jinryuudragonblockc entity Magetta as jinryuudragonblockc.Magetta
[00:17:50] [Server thread/TRACE] [FML/jinryuudragonblockc]: Automatically registered mod jinryuudragonblockc entity Monaka as jinryuudragonblockc.Monaka
[00:17:50] [Server thread/TRACE] [FML/jinryuudragonblockc]: Automatically registered mod jinryuudragonblockc entity Roshi_super as jinryuudragonblockc.Roshi_super
[00:17:50] [Server thread/TRACE] [FML/jinryuudragonblockc]: Automatically registered mod jinryuudragonblockc entity Shisami as jinryuudragonblockc.Shisami
[00:17:50] [Server thread/TRACE] [FML/jinryuudragonblockc]: Automatically registered mod jinryuudragonblockc entity Sorbet as jinryuudragonblockc.Sorbet
[00:17:50] [Server thread/TRACE] [FML/jinryuudragonblockc]: Automatically registered mod jinryuudragonblockc entity Tagoma as jinryuudragonblockc.Tagoma
[00:17:50] [Server thread/TRACE] [FML/jinryuudragonblockc]: Automatically registered mod jinryuudragonblockc entity Vados as jinryuudragonblockc.Vados
[00:17:50] [Server thread/TRACE] [FML/jinryuudragonblockc]: Automatically registered mod jinryuudragonblockc entity Whis as jinryuudragonblockc.Whis
[00:17:50] [Server thread/TRACE] [FML/jinryuudragonblockc]: Automatically registered mod jinryuudragonblockc entity GokuBlack as jinryuudragonblockc.GokuBlack
[00:17:50] [Server thread/TRACE] [FML/jinryuudragonblockc]: Automatically registered mod jinryuudragonblockc entity GokuBlackRose as jinryuudragonblockc.GokuBlackRose
[00:17:50] [Server thread/TRACE] [FML/jinryuudragonblockc]: Automatically registered mod jinryuudragonblockc entity VegetaCopy as jinryuudragonblockc.VegetaCopy
[00:17:50] [Server thread/TRACE] [FML/jinryuudragonblockc]: Automatically registered mod jinryuudragonblockc entity VegetaCopyBlue as jinryuudragonblockc.VegetaCopyBlue
[00:17:50] [Server thread/TRACE] [FML/jinryuudragonblockc]: Automatically registered mod jinryuudragonblockc entity Cabba as jinryuudragonblockc.Cabba
[00:17:50] [Server thread/TRACE] [FML/jinryuudragonblockc]: Automatically registered mod jinryuudragonblockc entity CabbaSSJ as jinryuudragonblockc.CabbaSSJ
[00:17:50] [Server thread/TRACE] [FML/jinryuudragonblockc]: Automatically registered mod jinryuudragonblockc entity Zamasu as jinryuudragonblockc.Zamasu
[00:17:50] [Server thread/TRACE] [FML/jinryuudragonblockc]: Automatically registered mod jinryuudragonblockc entity Zamasu_fused as jinryuudragonblockc.Zamasu_fused
[00:17:50] [Server thread/TRACE] [FML/jinryuudragonblockc]: Automatically registered mod jinryuudragonblockc entity Zamasu_fused2 as jinryuudragonblockc.Zamasu_fused2
[00:17:50] [Server thread/TRACE] [FML/jinryuudragonblockc]: Automatically registered mod jinryuudragonblockc entity Zamasu_fused3 as jinryuudragonblockc.Zamasu_fused3
[00:17:50] [Server thread/TRACE] [FML/jinryuudragonblockc]: Automatically registered mod jinryuudragonblockc entity Zeno as jinryuudragonblockc.Zeno
[00:17:50] [Server thread/TRACE] [FML/jinryuudragonblockc]: Automatically registered mod jinryuudragonblockc entity Goku_enemy as jinryuudragonblockc.Goku_enemy
[00:17:50] [Server thread/TRACE] [FML/jinryuudragonblockc]: Automatically registered mod jinryuudragonblockc entity Goku_enemy2 as jinryuudragonblockc.Goku_enemy2
[00:17:50] [Server thread/TRACE] [FML/jinryuudragonblockc]: Automatically registered mod jinryuudragonblockc entity Goku_enemy3 as jinryuudragonblockc.Goku_enemy3
[00:17:50] [Server thread/TRACE] [FML/jinryuudragonblockc]: Automatically registered mod jinryuudragonblockc entity Goku_enemy4 as jinryuudragonblockc.Goku_enemy4
[00:17:50] [Server thread/TRACE] [FML/jinryuudragonblockc]: Automatically registered mod jinryuudragonblockc entity Vegeta_enemy as jinryuudragonblockc.Vegeta_enemy
[00:17:50] [Server thread/TRACE] [FML/jinryuudragonblockc]: Automatically registered mod jinryuudragonblockc entity Vegeta_enemy2 as jinryuudragonblockc.Vegeta_enemy2
[00:17:50] [Server thread/TRACE] [FML/jinryuudragonblockc]: Automatically registered mod jinryuudragonblockc entity Vegeta_enemy3 as jinryuudragonblockc.Vegeta_enemy3
[00:17:50] [Server thread/TRACE] [FML/jinryuudragonblockc]: Automatically registered mod jinryuudragonblockc entity Vegeta_enemy4 as jinryuudragonblockc.Vegeta_enemy4
[00:17:50] [Server thread/TRACE] [FML/jinryuudragonblockc]: Automatically registered mod jinryuudragonblockc entity Gohan_enemy as jinryuudragonblockc.Gohan_enemy
[00:17:50] [Server thread/TRACE] [FML/jinryuudragonblockc]: Automatically registered mod jinryuudragonblockc entity Gohan_enemy2 as jinryuudragonblockc.Gohan_enemy2
[00:17:50] [Server thread/TRACE] [FML/jinryuudragonblockc]: Automatically registered mod jinryuudragonblockc entity Gohan_enemy2_1 as jinryuudragonblockc.Gohan_enemy2_1
[00:17:50] [Server thread/TRACE] [FML/jinryuudragonblockc]: Automatically registered mod jinryuudragonblockc entity Gohan_enemy2_2 as jinryuudragonblockc.Gohan_enemy2_2
[00:17:50] [Server thread/TRACE] [FML/jinryuudragonblockc]: Automatically registered mod jinryuudragonblockc entity Trunks_enemy as jinryuudragonblockc.Trunks_enemy
[00:17:50] [Server thread/TRACE] [FML/jinryuudragonblockc]: Automatically registered mod jinryuudragonblockc entity Trunks_enemy2 as jinryuudragonblockc.Trunks_enemy2
[00:17:50] [Server thread/TRACE] [FML/jinryuudragonblockc]: Automatically registered mod jinryuudragonblockc entity Trunks_enemy2_1 as jinryuudragonblockc.Trunks_enemy2_1
[00:17:50] [Server thread/TRACE] [FML/jinryuudragonblockc]: Automatically registered mod jinryuudragonblockc entity Trunks_enemy2_2 as jinryuudragonblockc.Trunks_enemy2_2
[00:17:50] [Server thread/TRACE] [FML/jinryuudragonblockc]: Automatically registered mod jinryuudragonblockc entity AngelAwamo as jinryuudragonblockc.AngelAwamo
[00:17:50] [Server thread/TRACE] [FML/jinryuudragonblockc]: Automatically registered mod jinryuudragonblockc entity AngelCamparri as jinryuudragonblockc.AngelCamparri
[00:17:50] [Server thread/TRACE] [FML/jinryuudragonblockc]: Automatically registered mod jinryuudragonblockc entity AngelCognac as jinryuudragonblockc.AngelCognac
[00:17:50] [Server thread/TRACE] [FML/jinryuudragonblockc]: Automatically registered mod jinryuudragonblockc entity AngelCuktail as jinryuudragonblockc.AngelCuktail
[00:17:50] [Server thread/TRACE] [FML/jinryuudragonblockc]: Automatically registered mod jinryuudragonblockc entity AngelKorn as jinryuudragonblockc.AngelKorn
[00:17:50] [Server thread/TRACE] [FML/jinryuudragonblockc]: Automatically registered mod jinryuudragonblockc entity AngelKusu as jinryuudragonblockc.AngelKusu
[00:17:50] [Server thread/TRACE] [FML/jinryuudragonblockc]: Automatically registered mod jinryuudragonblockc entity AngelMarcarita as jinryuudragonblockc.AngelMarcarita
[00:17:50] [Server thread/TRACE] [FML/jinryuudragonblockc]: Automatically registered mod jinryuudragonblockc entity AngelMartinu as jinryuudragonblockc.AngelMartinu
[00:17:50] [Server thread/TRACE] [FML/jinryuudragonblockc]: Automatically registered mod jinryuudragonblockc entity AngelMohito as jinryuudragonblockc.AngelMohito
[00:17:50] [Server thread/TRACE] [FML/jinryuudragonblockc]: Automatically registered mod jinryuudragonblockc entity AngelSour as jinryuudragonblockc.AngelSour
[00:17:50] [Server thread/TRACE] [FML/jinryuudragonblockc]: Automatically registered mod jinryuudragonblockc entity GodArak as jinryuudragonblockc.GodArak
[00:17:50] [Server thread/TRACE] [FML/jinryuudragonblockc]: Automatically registered mod jinryuudragonblockc entity GodBelmod as jinryuudragonblockc.GodBelmod
[00:17:50] [Server thread/TRACE] [FML/jinryuudragonblockc]: Automatically registered mod jinryuudragonblockc entity GodGiin as jinryuudragonblockc.GodGiin
[00:17:50] [Server thread/TRACE] [FML/jinryuudragonblockc]: Automatically registered mod jinryuudragonblockc entity GodHeles as jinryuudragonblockc.GodHeles
[00:17:50] [Server thread/TRACE] [FML/jinryuudragonblockc]: Automatically registered mod jinryuudragonblockc entity GodIwan as jinryuudragonblockc.GodIwan
[00:17:50] [Server thread/TRACE] [FML/jinryuudragonblockc]: Automatically registered mod jinryuudragonblockc entity GodLiquiir as jinryuudragonblockc.GodLiquiir
[00:17:50] [Server thread/TRACE] [FML/jinryuudragonblockc]: Automatically registered mod jinryuudragonblockc entity GodMosco as jinryuudragonblockc.GodMosco
[00:17:50] [Server thread/TRACE] [FML/jinryuudragonblockc]: Automatically registered mod jinryuudragonblockc entity GodQuitela as jinryuudragonblockc.GodQuitela
[00:17:50] [Server thread/TRACE] [FML/jinryuudragonblockc]: Automatically registered mod jinryuudragonblockc entity GodRumsshi as jinryuudragonblockc.GodRumsshi
[00:17:50] [Server thread/TRACE] [FML/jinryuudragonblockc]: Automatically registered mod jinryuudragonblockc entity GodSidra as jinryuudragonblockc.GodSidra
[00:17:50] [Server thread/TRACE] [FML/jinryuudragonblockc]: Automatically registered mod jinryuudragonblockc entity Basil as jinryuudragonblockc.Basil
[00:17:50] [Server thread/TRACE] [FML/jinryuudragonblockc]: Automatically registered mod jinryuudragonblockc entity Bergamo as jinryuudragonblockc.Bergamo
[00:17:50] [Server thread/TRACE] [FML/jinryuudragonblockc]: Automatically registered mod jinryuudragonblockc entity Lavender as jinryuudragonblockc.Lavender
[00:17:50] [Server thread/TRACE] [FML/jinryuudragonblockc]: Automatically registered mod jinryuudragonblockc entity Brianne as jinryuudragonblockc.Brianne
[00:17:50] [Server thread/TRACE] [FML/jinryuudragonblockc]: Automatically registered mod jinryuudragonblockc entity Caulifla as jinryuudragonblockc.Caulifla
[00:17:50] [Server thread/TRACE] [FML/jinryuudragonblockc]: Automatically registered mod jinryuudragonblockc entity Caulifla2 as jinryuudragonblockc.Caulifla2
[00:17:50] [Server thread/TRACE] [FML/jinryuudragonblockc]: Automatically registered mod jinryuudragonblockc entity Dyspo as jinryuudragonblockc.Dyspo
[00:17:50] [Server thread/TRACE] [FML/jinryuudragonblockc]: Automatically registered mod jinryuudragonblockc entity Jiren as jinryuudragonblockc.Jiren
[00:17:50] [Server thread/TRACE] [FML/jinryuudragonblockc]: Automatically registered mod jinryuudragonblockc entity Jiren2 as jinryuudragonblockc.Jiren2
[00:17:50] [Server thread/TRACE] [FML/jinryuudragonblockc]: Automatically registered mod jinryuudragonblockc entity Kale as jinryuudragonblockc.Kale
[00:17:50] [Server thread/TRACE] [FML/jinryuudragonblockc]: Automatically registered mod jinryuudragonblockc entity Kale2 as jinryuudragonblockc.Kale2
[00:17:50] [Server thread/TRACE] [FML/jinryuudragonblockc]: Automatically registered mod jinryuudragonblockc entity Kefla as jinryuudragonblockc.Kefla
[00:17:50] [Server thread/TRACE] [FML/jinryuudragonblockc]: Automatically registered mod jinryuudragonblockc entity Kefla2 as jinryuudragonblockc.Kefla2
[00:17:50] [Server thread/TRACE] [FML/jinryuudragonblockc]: Automatically registered mod jinryuudragonblockc entity Toppo as jinryuudragonblockc.Toppo
[00:17:50] [Server thread/TRACE] [FML/jinryuudragonblockc]: Automatically registered mod jinryuudragonblockc entity Toppo2 as jinryuudragonblockc.Toppo2
[00:17:50] [Server thread/TRACE] [FML/jinryuudragonblockc]: Automatically registered mod jinryuudragonblockc entity Aniraza as jinryuudragonblockc.Aniraza
[00:17:50] [Server thread/TRACE] [FML/jinryuudragonblockc]: Automatically registered mod jinryuudragonblockc entity Biarra as jinryuudragonblockc.Biarra
[00:17:50] [Server thread/TRACE] [FML/jinryuudragonblockc]: Automatically registered mod jinryuudragonblockc entity Cocotte as jinryuudragonblockc.Cocotte
[00:17:50] [Server thread/TRACE] [FML/jinryuudragonblockc]: Automatically registered mod jinryuudragonblockc entity Dercori as jinryuudragonblockc.Dercori
[00:17:50] [Server thread/TRACE] [FML/jinryuudragonblockc]: Automatically registered mod jinryuudragonblockc entity Ganos as jinryuudragonblockc.Ganos
[00:17:50] [Server thread/TRACE] [FML/jinryuudragonblockc]: Automatically registered mod jinryuudragonblockc entity Ganos2 as jinryuudragonblockc.Ganos2
[00:17:50] [Server thread/TRACE] [FML/jinryuudragonblockc]: Automatically registered mod jinryuudragonblockc entity Hop as jinryuudragonblockc.Hop
[00:17:50] [Server thread/TRACE] [FML/jinryuudragonblockc]: Automatically registered mod jinryuudragonblockc entity Kahseral as jinryuudragonblockc.Kahseral
[00:17:50] [Server thread/TRACE] [FML/jinryuudragonblockc]: Automatically registered mod jinryuudragonblockc entity Kakunsa as jinryuudragonblockc.Kakunsa
[00:17:50] [Server thread/TRACE] [FML/jinryuudragonblockc]: Automatically registered mod jinryuudragonblockc entity Kunshi as jinryuudragonblockc.Kunshi
[00:17:50] [Server thread/TRACE] [FML/jinryuudragonblockc]: Automatically registered mod jinryuudragonblockc entity Majora as jinryuudragonblockc.Majora
[00:17:50] [Server thread/TRACE] [FML/jinryuudragonblockc]: Automatically registered mod jinryuudragonblockc entity Murichim as jinryuudragonblockc.Murichim
[00:17:50] [Server thread/TRACE] [FML/jinryuudragonblockc]: Automatically registered mod jinryuudragonblockc entity Napapa as jinryuudragonblockc.Napapa
[00:17:50] [Server thread/TRACE] [FML/jinryuudragonblockc]: Automatically registered mod jinryuudragonblockc entity Narirama as jinryuudragonblockc.Narirama
[00:17:50] [Server thread/TRACE] [FML/jinryuudragonblockc]: Automatically registered mod jinryuudragonblockc entity Obni as jinryuudragonblockc.Obni
[00:17:50] [Server thread/TRACE] [FML/jinryuudragonblockc]: Automatically registered mod jinryuudragonblockc entity Paparoni as jinryuudragonblockc.Paparoni
[00:17:50] [Server thread/TRACE] [FML/jinryuudragonblockc]: Automatically registered mod jinryuudragonblockc entity Roasie as jinryuudragonblockc.Roasie
[00:17:50] [Server thread/TRACE] [FML/jinryuudragonblockc]: Automatically registered mod jinryuudragonblockc entity Rylibeu as jinryuudragonblockc.Rylibeu
[00:17:50] [Server thread/TRACE] [FML/jinryuudragonblockc]: Automatically registered mod jinryuudragonblockc entity Shosa as jinryuudragonblockc.Shosa
[00:17:50] [Server thread/TRACE] [FML/jinryuudragonblockc]: Automatically registered mod jinryuudragonblockc entity Sorrel as jinryuudragonblockc.Sorrel
[00:17:50] [Server thread/TRACE] [FML/jinryuudragonblockc]: Automatically registered mod jinryuudragonblockc entity Borareta as jinryuudragonblockc.Borareta
[00:17:50] [Server thread/TRACE] [FML/jinryuudragonblockc]: Automatically registered mod jinryuudragonblockc entity Koichiarator as jinryuudragonblockc.Koichiarator
[00:17:50] [Server thread/TRACE] [FML/jinryuudragonblockc]: Automatically registered mod jinryuudragonblockc entity Koitsukai as jinryuudragonblockc.Koitsukai
[00:17:50] [Server thread/TRACE] [FML/jinryuudragonblockc]: Automatically registered mod jinryuudragonblockc entity Panchia as jinryuudragonblockc.Panchia
[00:17:50] [Server thread/TRACE] [FML/jinryuudragonblockc]: Automatically registered mod jinryuudragonblockc entity Katopesla as jinryuudragonblockc.Katopesla
[00:17:50] [Server thread/TRACE] [FML/jinryuudragonblockc]: Automatically registered mod jinryuudragonblockc entity Katopesla2 as jinryuudragonblockc.Katopesla2
[00:17:50] [Server thread/TRACE] [FML/jinryuudragonblockc]: Automatically registered mod jinryuudragonblockc entity Katopesla3 as jinryuudragonblockc.Katopesla3
[00:17:50] [Server thread/TRACE] [FML/jinryuudragonblockc]: Automatically registered mod jinryuudragonblockc entity Katopesla4 as jinryuudragonblockc.Katopesla4
[00:17:50] [Server thread/TRACE] [FML/jinryuudragonblockc]: Automatically registered mod jinryuudragonblockc entity DBSBroly as jinryuudragonblockc.DBSBroly
[00:17:50] [Server thread/TRACE] [FML/jinryuudragonblockc]: Automatically registered mod jinryuudragonblockc entity DBSBroly2 as jinryuudragonblockc.DBSBroly2
[00:17:50] [Server thread/TRACE] [FML/jinryuudragonblockc]: Automatically registered mod jinryuudragonblockc entity DBSBroly3 as jinryuudragonblockc.DBSBroly3
[00:17:50] [Server thread/TRACE] [FML/jinryuudragonblockc]: Automatically registered mod jinryuudragonblockc entity DBSBroly4 as jinryuudragonblockc.DBSBroly4
[00:17:50] [Server thread/TRACE] [FML/jinryuudragonblockc]: Automatically registered mod jinryuudragonblockc entity DBSBrolyBuff as jinryuudragonblockc.DBSBrolyBuff
[00:17:50] [Server thread/TRACE] [FML/jinryuudragonblockc]: Automatically registered mod jinryuudragonblockc entity DBSBrolyBuffSSJ as jinryuudragonblockc.DBSBrolyBuffSSJ
[00:17:50] [Server thread/TRACE] [FML/jinryuudragonblockc]: Automatically registered mod jinryuudragonblockc entity DBSBrolyLegendary as jinryuudragonblockc.DBSBrolyLegendary
[00:17:50] [Server thread/TRACE] [FML/jinryuudragonblockc]: Automatically registered mod jinryuudragonblockc entity DBSParagus as jinryuudragonblockc.DBSParagus
[00:17:50] [Server thread/TRACE] [FML/jinryuudragonblockc]: Automatically registered mod jinryuudragonblockc entity DBSParagusOld as jinryuudragonblockc.DBSParagusOld
[00:17:50] [Server thread/TRACE] [FML/jinryuudragonblockc]: Automatically registered mod jinryuudragonblockc entity Cheelai as jinryuudragonblockc.Cheelai
[00:17:50] [Server thread/TRACE] [FML/jinryuudragonblockc]: Automatically registered mod jinryuudragonblockc entity Cheelai2 as jinryuudragonblockc.Cheelai2
[00:17:50] [Server thread/TRACE] [FML/jinryuudragonblockc]: Automatically registered mod jinryuudragonblockc entity Lemo as jinryuudragonblockc.Lemo
[00:17:50] [Server thread/TRACE] [FML/jinryuudragonblockc]: Automatically registered mod jinryuudragonblockc entity FortunetellerBaba as jinryuudragonblockc.FortunetellerBaba
[00:17:50] [Server thread/TRACE] [FML/jinryuudragonblockc]: Automatically registered mod jinryuudragonblockc entity BandagesTheMummy as jinryuudragonblockc.BandagesTheMummy
[00:17:50] [Server thread/TRACE] [FML/jinryuudragonblockc]: Automatically registered mod jinryuudragonblockc entity FangsTheVampire as jinryuudragonblockc.FangsTheVampire
[00:17:50] [Server thread/TRACE] [FML/jinryuudragonblockc]: Automatically registered mod jinryuudragonblockc entity SeeThroughTheInvisibleMan as jinryuudragonblockc.SeeThroughTheInvisibleMan
[00:17:50] [Server thread/TRACE] [FML/jinryuudragonblockc]: Automatically registered mod jinryuudragonblockc entity SpikeTheDevil as jinryuudragonblockc.SpikeTheDevil
[00:17:50] [Server thread/TRACE] [FML/jinryuudragonblockc]: Automatically registered mod jinryuudragonblockc entity GrandpaGohan as jinryuudragonblockc.GrandpaGohan
[00:17:50] [Server thread/TRACE] [FML/jinryuudragonblockc]: Automatically registered mod jinryuudragonblockc entity GrandpaGohan2 as jinryuudragonblockc.GrandpaGohan2
[00:17:50] [Server thread/TRACE] [FML/jinryuudragonblockc]: Automatically registered mod jinryuudragonblockc entity Cymbal as jinryuudragonblockc.Cymbal
[00:17:50] [Server thread/TRACE] [FML/jinryuudragonblockc]: Automatically registered mod jinryuudragonblockc entity Drum as jinryuudragonblockc.Drum
[00:17:50] [Server thread/TRACE] [FML/jinryuudragonblockc]: Automatically registered mod jinryuudragonblockc entity KingPiccolo as jinryuudragonblockc.KingPiccolo
[00:17:50] [Server thread/TRACE] [FML/jinryuudragonblockc]: Automatically registered mod jinryuudragonblockc entity KingPiccolo2 as jinryuudragonblockc.KingPiccolo2
[00:17:50] [Server thread/TRACE] [FML/jinryuudragonblockc]: Automatically registered mod jinryuudragonblockc entity Piano as jinryuudragonblockc.Piano
[00:17:50] [Server thread/TRACE] [FML/jinryuudragonblockc]: Automatically registered mod jinryuudragonblockc entity Tambourine as jinryuudragonblockc.Tambourine
[00:17:50] [Server thread/TRACE] [FML/jinryuudragonblockc]: Automatically registered mod jinryuudragonblockc entity DBMasterRoshi as jinryuudragonblockc.DBMasterRoshi
[00:17:50] [Server thread/TRACE] [FML/jinryuudragonblockc]: Automatically registered mod jinryuudragonblockc entity DBMasterRoshi2 as jinryuudragonblockc.DBMasterRoshi2
[00:17:50] [Server thread/TRACE] [FML/jinryuudragonblockc]: Automatically registered mod jinryuudragonblockc entity DBMasterRoshi3 as jinryuudragonblockc.DBMasterRoshi3
[00:17:50] [Server thread/TRACE] [FML/jinryuudragonblockc]: Automatically registered mod jinryuudragonblockc entity BearThief as jinryuudragonblockc.BearThief
[00:17:50] [Server thread/TRACE] [FML/jinryuudragonblockc]: Automatically registered mod jinryuudragonblockc entity TigerBandit as jinryuudragonblockc.TigerBandit
[00:17:50] [Server thread/TRACE] [FML/jinryuudragonblockc]: Automatically registered mod jinryuudragonblockc entity Puar as jinryuudragonblockc.Puar
[00:17:50] [Server thread/TRACE] [FML/jinryuudragonblockc]: Automatically registered mod jinryuudragonblockc entity Yamcha as jinryuudragonblockc.Yamcha
[00:17:50] [Server thread/TRACE] [FML/jinryuudragonblockc]: Automatically registered mod jinryuudragonblockc entity Yamcha2 as jinryuudragonblockc.Yamcha2
[00:17:50] [Server thread/TRACE] [FML/jinryuudragonblockc]: Automatically registered mod jinryuudragonblockc entity Yamcha3 as jinryuudragonblockc.Yamcha3
[00:17:50] [Server thread/TRACE] [FML/jinryuudragonblockc]: Automatically registered mod jinryuudragonblockc entity Yamcha4 as jinryuudragonblockc.Yamcha4
[00:17:50] [Server thread/TRACE] [FML/jinryuudragonblockc]: Automatically registered mod jinryuudragonblockc entity Yamcha5 as jinryuudragonblockc.Yamcha5
[00:17:50] [Server thread/TRACE] [FML/jinryuudragonblockc]: Automatically registered mod jinryuudragonblockc entity DBMai as jinryuudragonblockc.DBMai
[00:17:50] [Server thread/TRACE] [FML/jinryuudragonblockc]: Automatically registered mod jinryuudragonblockc entity DBPilaf as jinryuudragonblockc.DBPilaf
[00:17:50] [Server thread/TRACE] [FML/jinryuudragonblockc]: Automatically registered mod jinryuudragonblockc entity DBShu as jinryuudragonblockc.DBShu
[00:17:50] [Server thread/TRACE] [FML/jinryuudragonblockc]: Automatically registered mod jinryuudragonblockc entity DBMaiMecha as jinryuudragonblockc.DBMaiMecha
[00:17:50] [Server thread/TRACE] [FML/jinryuudragonblockc]: Automatically registered mod jinryuudragonblockc entity DBPilafMecha as jinryuudragonblockc.DBPilafMecha
[00:17:50] [Server thread/TRACE] [FML/jinryuudragonblockc]: Automatically registered mod jinryuudragonblockc entity DBShuMecha as jinryuudragonblockc.DBShuMecha
[00:17:50] [Server thread/TRACE] [FML/jinryuudragonblockc]: Automatically registered mod jinryuudragonblockc entity DBPilafMechaCombined as jinryuudragonblockc.DBPilafMechaCombined
[00:17:50] [Server thread/TRACE] [FML/jinryuudragonblockc]: Automatically registered mod jinryuudragonblockc entity Bacterian as jinryuudragonblockc.Bacterian
[00:17:50] [Server thread/TRACE] [FML/jinryuudragonblockc]: Automatically registered mod jinryuudragonblockc entity Giran as jinryuudragonblockc.Giran
[00:17:50] [Server thread/TRACE] [FML/jinryuudragonblockc]: Automatically registered mod jinryuudragonblockc entity JackieChun as jinryuudragonblockc.JackieChun
[00:17:50] [Server thread/TRACE] [FML/jinryuudragonblockc]: Automatically registered mod jinryuudragonblockc entity JackieChun2 as jinryuudragonblockc.JackieChun2
[00:17:50] [Server thread/TRACE] [FML/jinryuudragonblockc]: Automatically registered mod jinryuudragonblockc entity JackieChun3 as jinryuudragonblockc.JackieChun3
[00:17:50] [Server thread/TRACE] [FML/jinryuudragonblockc]: Automatically registered mod jinryuudragonblockc entity Nam as jinryuudragonblockc.Nam
[00:17:50] [Server thread/TRACE] [FML/jinryuudragonblockc]: Automatically registered mod jinryuudragonblockc entity TournamentAnnouncer as jinryuudragonblockc.TournamentAnnouncer
[00:17:50] [Server thread/TRACE] [FML/jinryuudragonblockc]: Automatically registered mod jinryuudragonblockc entity KingChappa as jinryuudragonblockc.KingChappa
[00:17:50] [Server thread/TRACE] [FML/jinryuudragonblockc]: Automatically registered mod jinryuudragonblockc entity ManWolf as jinryuudragonblockc.ManWolf
[00:17:50] [Server thread/TRACE] [FML/jinryuudragonblockc]: Automatically registered mod jinryuudragonblockc entity MasterShen as jinryuudragonblockc.MasterShen
[00:17:50] [Server thread/TRACE] [FML/jinryuudragonblockc]: Automatically registered mod jinryuudragonblockc entity Pamput as jinryuudragonblockc.Pamput
[00:17:50] [Server thread/TRACE] [FML/jinryuudragonblockc]: Automatically registered mod jinryuudragonblockc entity TienShinhan as jinryuudragonblockc.TienShinhan
[00:17:50] [Server thread/TRACE] [FML/jinryuudragonblockc]: Automatically registered mod jinryuudragonblockc entity TienShinhan2 as jinryuudragonblockc.TienShinhan2
[00:17:50] [Server thread/TRACE] [FML/jinryuudragonblockc]: Automatically registered mod jinryuudragonblockc entity TienShinhan3 as jinryuudragonblockc.TienShinhan3
[00:17:50] [Server thread/TRACE] [FML/jinryuudragonblockc]: Automatically registered mod jinryuudragonblockc entity Android8 as jinryuudragonblockc.Android8
[00:17:50] [Server thread/TRACE] [FML/jinryuudragonblockc]: Automatically registered mod jinryuudragonblockc entity Buyon as jinryuudragonblockc.Buyon
[00:17:50] [Server thread/TRACE] [FML/jinryuudragonblockc]: Automatically registered mod jinryuudragonblockc entity ColonelSilver as jinryuudragonblockc.ColonelSilver
[00:17:50] [Server thread/TRACE] [FML/jinryuudragonblockc]: Automatically registered mod jinryuudragonblockc entity ColonelViolet as jinryuudragonblockc.ColonelViolet
[00:17:50] [Server thread/TRACE] [FML/jinryuudragonblockc]: Automatically registered mod jinryuudragonblockc entity CommanderRed as jinryuudragonblockc.CommanderRed
[00:17:50] [Server thread/TRACE] [FML/jinryuudragonblockc]: Automatically registered mod jinryuudragonblockc entity GeneralBlue as jinryuudragonblockc.GeneralBlue
[00:17:50] [Server thread/TRACE] [FML/jinryuudragonblockc]: Automatically registered mod jinryuudragonblockc entity GeneralBlue2 as jinryuudragonblockc.GeneralBlue2
[00:17:50] [Server thread/TRACE] [FML/jinryuudragonblockc]: Automatically registered mod jinryuudragonblockc entity GeneralWhite as jinryuudragonblockc.GeneralWhite
[00:17:50] [Server thread/TRACE] [FML/jinryuudragonblockc]: Automatically registered mod jinryuudragonblockc entity GeneralWhite2 as jinryuudragonblockc.GeneralWhite2
[00:17:50] [Server thread/TRACE] [FML/jinryuudragonblockc]: Automatically registered mod jinryuudragonblockc entity LaunchGood as jinryuudragonblockc.LaunchGood
[00:17:50] [Server thread/TRACE] [FML/jinryuudragonblockc]: Automatically registered mod jinryuudragonblockc entity LaunchBad as jinryuudragonblockc.LaunchBad
[00:17:50] [Server thread/TRACE] [FML/jinryuudragonblockc]: Automatically registered mod jinryuudragonblockc entity MajorMetallitron as jinryuudragonblockc.MajorMetallitron
[00:17:50] [Server thread/TRACE] [FML/jinryuudragonblockc]: Automatically registered mod jinryuudragonblockc entity MajorMetallitron1 as jinryuudragonblockc.MajorMetallitron1
[00:17:50] [Server thread/TRACE] [FML/jinryuudragonblockc]: Automatically registered mod jinryuudragonblockc entity MajorMetallitron2 as jinryuudragonblockc.MajorMetallitron2
[00:17:50] [Server thread/TRACE] [FML/jinryuudragonblockc]: Automatically registered mod jinryuudragonblockc entity MajorMetallitron3 as jinryuudragonblockc.MajorMetallitron3
[00:17:50] [Server thread/TRACE] [FML/jinryuudragonblockc]: Automatically registered mod jinryuudragonblockc entity MercenaryTao as jinryuudragonblockc.MercenaryTao
[00:17:50] [Server thread/TRACE] [FML/jinryuudragonblockc]: Automatically registered mod jinryuudragonblockc entity NinjaMurasaki as jinryuudragonblockc.NinjaMurasaki
[00:17:50] [Server thread/TRACE] [FML/jinryuudragonblockc]: Automatically registered mod jinryuudragonblockc entity RedRibbonSoldier as jinryuudragonblockc.RedRibbonSoldier
[00:17:50] [Server thread/TRACE] [FML/jinryuudragonblockc]: Automatically registered mod jinryuudragonblockc entity RedRibbonSoldier2 as jinryuudragonblockc.RedRibbonSoldier2
[00:17:50] [Server thread/TRACE] [FML/jinryuudragonblockc]: Automatically registered mod jinryuudragonblockc entity RedRibbonSoldier3 as jinryuudragonblockc.RedRibbonSoldier3
[00:17:50] [Server thread/TRACE] [FML/jinryuudragonblockc]: Automatically registered mod jinryuudragonblockc entity RedRibbonSoldierB as jinryuudragonblockc.RedRibbonSoldierB
[00:17:50] [Server thread/TRACE] [FML/jinryuudragonblockc]: Automatically registered mod jinryuudragonblockc entity RedRibbonSoldierB2 as jinryuudragonblockc.RedRibbonSoldierB2
[00:17:50] [Server thread/TRACE] [FML/jinryuudragonblockc]: Automatically registered mod jinryuudragonblockc entity RedRibbonSoldierB3 as jinryuudragonblockc.RedRibbonSoldierB3
[00:17:50] [Server thread/TRACE] [FML/jinryuudragonblockc]: Automatically registered mod jinryuudragonblockc entity DBBora as jinryuudragonblockc.DBBora
[00:17:51] [Server thread/TRACE] [FML/jinryuudragonblockc]: Automatically registered mod jinryuudragonblockc entity DBUpa as jinryuudragonblockc.DBUpa
[00:17:51] [Server thread/TRACE] [FML/jinryuudragonblockc]: Automatically registered mod jinryuudragonblockc entity Oolong as jinryuudragonblockc.Oolong
[00:17:51] [Server thread/TRACE] [FML/jinryuudragonblockc]: Automatically registered mod jinryuudragonblockc entity Yajirobe as jinryuudragonblockc.Yajirobe
[00:17:51] [Server thread/TRACE] [FML/jinryuudragonblockc]: Automatically registered mod jinryuudragonblockc entity MercenaryTao2 as jinryuudragonblockc.MercenaryTao2
[00:17:51] [Server thread/TRACE] [FML/jinryuudragonblockc]: Automatically registered mod jinryuudragonblockc entity MercenaryTao3 as jinryuudragonblockc.MercenaryTao3
[00:17:51] [Server thread/TRACE] [FML/jinryuudragonblockc]: Automatically registered mod jinryuudragonblockc entity OfficerBlack as jinryuudragonblockc.OfficerBlack
[00:17:51] [Server thread/TRACE] [FML/jinryuudragonblockc]: Automatically registered mod jinryuudragonblockc entity OfficerBlack2 as jinryuudragonblockc.OfficerBlack2
[00:17:51] [Server thread/TRACE] [FML/jinryuudragonblockc]: Automatically registered mod jinryuudragonblockc entity OfficerBlack3 as jinryuudragonblockc.OfficerBlack3
[00:17:51] [Server thread/TRACE] [FML/jinryuudragonblockc]: Automatically registered mod jinryuudragonblockc entity OfficeOgre as jinryuudragonblockc.OfficeOgre
[00:17:51] [Server thread/TRACE] [FML/jinryuudragonblockc]: Automatically registered mod jinryuudragonblockc entity OfficeOgre2 as jinryuudragonblockc.OfficeOgre2
[00:17:51] [Server thread/TRACE] [FML/jinryuudragonblockc]: Automatically registered mod jinryuudragonblockc entity OfficeOgre3 as jinryuudragonblockc.OfficeOgre3
[00:17:51] [Server thread/TRACE] [FML/jinryuudragonblockc]: Automatically registered mod jinryuudragonblockc entity OfficeOgre4 as jinryuudragonblockc.OfficeOgre4
[00:17:51] [Server thread/TRACE] [FML/jinryuudragonblockc]: Automatically registered mod jinryuudragonblockc entity OfficeOgre5 as jinryuudragonblockc.OfficeOgre5
[00:17:51] [Server thread/TRACE] [FML/jinryuudragonblockc]: Automatically registered mod jinryuudragonblockc entity DBZSpirit as jinryuudragonblockc.DBZSpirit
[00:17:51] [Server thread/TRACE] [FML/jinryuudragonblockc]: Automatically registered mod jinryuudragonblockc entity Chiaotzu as jinryuudragonblockc.Chiaotzu
[00:17:51] [Server thread/TRACE] [FML/jinryuudragonblockc]: Automatically registered mod jinryuudragonblockc entity Chiaotzu2 as jinryuudragonblockc.Chiaotzu2
[00:17:51] [Server thread/TRACE] [FML/jinryuudragonblockc]: Automatically registered mod jinryuudragonblockc entity Chiaotzu3 as jinryuudragonblockc.Chiaotzu3
[00:17:51] [Server thread/TRACE] [FML/jinryuudragonblockc]: Automatically registered mod jinryuudragonblockc entity Chiaotzu4 as jinryuudragonblockc.Chiaotzu4
[00:17:51] [Server thread/TRACE] [FML/jinryuudragonblockc]: Automatically registered mod jinryuudragonblockc entity TienShinhan4 as jinryuudragonblockc.TienShinhan4
[00:17:51] [Server thread/TRACE] [FML/jinryuudragonblockc]: Automatically registered mod jinryuudragonblockc entity TienShinhan5 as jinryuudragonblockc.TienShinhan5
[00:17:51] [Server thread/TRACE] [FML/jinryuudragonblockc]: Automatically registered mod jinryuudragonblockc entity TienShinhan6 as jinryuudragonblockc.TienShinhan6
[00:17:51] [Server thread/TRACE] [FML/jinryuudragonblockc]: Automatically registered mod jinryuudragonblockc entity TienShinhan7 as jinryuudragonblockc.TienShinhan7
[00:17:51] [Server thread/TRACE] [FML/jinryuudragonblockc]: Automatically registered mod jinryuudragonblockc entity Piccolo as jinryuudragonblockc.Piccolo
[00:17:51] [Server thread/TRACE] [FML/jinryuudragonblockc]: Automatically registered mod jinryuudragonblockc entity Piccolo2 as jinryuudragonblockc.Piccolo2
[00:17:51] [Server thread/TRACE] [FML/jinryuudragonblockc]: Automatically registered mod jinryuudragonblockc entity block01dbcEntity as jinryuudragonblockc.block01dbcEntity
[00:17:51] [Server thread/TRACE] [FML/jinryuudragonblockc]: Automatically registered mod jinryuudragonblockc entity KiInstantTransmission as jinryuudragonblockc.KiInstantTransmission
[00:17:51] [Server thread/TRACE] [FML/jinryuudragonblockc]: Automatically registered mod jinryuudragonblockc entity MajinAbsorption as jinryuudragonblockc.MajinAbsorption
[00:17:51] [Server thread/INFO] [jinryuudragonblockc/jinryuudragonblockc]:  Entities Loaded!
[00:17:51] [Server thread/TRACE] [jinryuudragonblockc/jinryuudragonblockc]: Sent event FMLInitializationEvent to mod jinryuudragonblockc
[00:17:51] [Server thread/DEBUG] [FML/]: Bar Step: Initialization - Dragon Block C took 2.856s
[00:17:51] [Server thread/TRACE] [ironfurnaces/ironfurnaces]: Sending event FMLInitializationEvent to mod ironfurnaces
[00:17:51] [Server thread/TRACE] [ironfurnaces/ironfurnaces]: Sent event FMLInitializationEvent to mod ironfurnaces
[00:17:51] [Server thread/DEBUG] [FML/]: Bar Step: Initialization - Iron Furnaces took 0.003s
[00:17:51] [Server thread/TRACE] [jinryuubetterrenderaddon/jinryuubetterrenderaddon]: Sending event FMLInitializationEvent to mod jinryuubetterrenderaddon
[00:17:51] [Server thread/TRACE] [jinryuubetterrenderaddon/jinryuubetterrenderaddon]: Sent event FMLInitializationEvent to mod jinryuubetterrenderaddon
[00:17:51] [Server thread/DEBUG] [FML/]: Bar Step: Initialization - JinRyuu's Better Render Addon took 0.000s
[00:17:51] [Server thread/TRACE] [journeymap/journeymap]: Sending event FMLInitializationEvent to mod journeymap
[00:17:51] [Server thread/TRACE] [journeymap/journeymap]: Sent event FMLInitializationEvent to mod journeymap
[00:17:51] [Server thread/DEBUG] [FML/]: Bar Step: Initialization - JourneyMap took 0.011s
[00:17:51] [Server thread/TRACE] [jinryuuyearsc/jinryuuyearsc]: Sending event FMLInitializationEvent to mod jinryuuyearsc
[00:17:51] [Server thread/TRACE] [jinryuuyearsc/jinryuuyearsc]: Sent event FMLInitializationEvent to mod jinryuuyearsc
[00:17:51] [Server thread/DEBUG] [FML/]: Bar Step: Initialization - JinRyuu's Years C took 0.002s
[00:17:51] [Server thread/TRACE] [lootplusplus/lootplusplus]: Sending event FMLInitializationEvent to mod lootplusplus
[00:17:51] [Server thread/TRACE] [lootplusplus/lootplusplus]: Sent event FMLInitializationEvent to mod lootplusplus
[00:17:51] [Server thread/DEBUG] [FML/]: Bar Step: Initialization - Loot++ took 0.013s
[00:17:51] [Server thread/DEBUG] [FML/]: Bar Finished: Initialization took 3.144s
[00:17:51] [Server thread/TRACE] [FML/]: Attempting to deliver 0 IMC messages to mod mcp
[00:17:51] [Server thread/TRACE] [mcp/mcp]: Sending event IMCEvent to mod mcp
[00:17:51] [Server thread/TRACE] [mcp/mcp]: Sent event IMCEvent to mod mcp
[00:17:51] [Server thread/DEBUG] [FML/]: Bar Step: InterModComms$IMC - Minecraft Coder Pack took 0.003s
[00:17:51] [Server thread/TRACE] [FML/]: Attempting to deliver 0 IMC messages to mod FML
[00:17:51] [Server thread/TRACE] [FML/FML]: Sending event IMCEvent to mod FML
[00:17:51] [Server thread/TRACE] [FML/FML]: Sent event IMCEvent to mod FML
[00:17:51] [Server thread/DEBUG] [FML/]: Bar Step: InterModComms$IMC - Forge Mod Loader took 0.000s
[00:17:51] [Server thread/TRACE] [FML/]: Attempting to deliver 0 IMC messages to mod Forge
[00:17:51] [Server thread/TRACE] [Forge/Forge]: Sending event IMCEvent to mod Forge
[00:17:51] [Server thread/TRACE] [Forge/Forge]: Sent event IMCEvent to mod Forge
[00:17:51] [Server thread/DEBUG] [FML/]: Bar Step: InterModComms$IMC - Minecraft Forge took 0.000s
[00:17:51] [Server thread/TRACE] [FML/]: Attempting to deliver 0 IMC messages to mod CodeChickenCore
[00:17:51] [Server thread/TRACE] [CodeChickenCore/CodeChickenCore]: Sending event IMCEvent to mod CodeChickenCore
[00:17:51] [Server thread/TRACE] [CodeChickenCore/CodeChickenCore]: Sent event IMCEvent to mod CodeChickenCore
[00:17:51] [Server thread/DEBUG] [FML/]: Bar Step: InterModComms$IMC - CodeChicken Core took 0.000s
[00:17:51] [Server thread/TRACE] [FML/]: Attempting to deliver 0 IMC messages to mod NotEnoughItems
[00:17:51] [Server thread/TRACE] [NotEnoughItems/NotEnoughItems]: Sending event IMCEvent to mod NotEnoughItems
[00:17:51] [Server thread/TRACE] [NotEnoughItems/NotEnoughItems]: Sent event IMCEvent to mod NotEnoughItems
[00:17:51] [Server thread/DEBUG] [FML/]: Bar Step: InterModComms$IMC - Not Enough Items took 0.000s
[00:17:51] [Server thread/TRACE] [FML/]: Attempting to deliver 0 IMC messages to mod adventurebackpack
[00:17:51] [Server thread/TRACE] [adventurebackpack/adventurebackpack]: Sending event IMCEvent to mod adventurebackpack
[00:17:51] [Server thread/TRACE] [adventurebackpack/adventurebackpack]: Sent event IMCEvent to mod adventurebackpack
[00:17:51] [Server thread/DEBUG] [FML/]: Bar Step: InterModComms$IMC - Adventure Backpack took 0.000s
[00:17:51] [Server thread/TRACE] [FML/]: Attempting to deliver 0 IMC messages to mod BiomeTweaker
[00:17:51] [Server thread/TRACE] [BiomeTweaker/BiomeTweaker]: Sending event IMCEvent to mod BiomeTweaker
[00:17:51] [Server thread/TRACE] [BiomeTweaker/BiomeTweaker]: Sent event IMCEvent to mod BiomeTweaker
[00:17:51] [Server thread/DEBUG] [FML/]: Bar Step: InterModComms$IMC - BiomeTweaker took 0.000s
[00:17:51] [Server thread/TRACE] [FML/]: Attempting to deliver 0 IMC messages to mod jinryuujrmcore
[00:17:51] [Server thread/TRACE] [jinryuujrmcore/jinryuujrmcore]: Sending event IMCEvent to mod jinryuujrmcore
[00:17:51] [Server thread/TRACE] [jinryuujrmcore/jinryuujrmcore]: Sent event IMCEvent to mod jinryuujrmcore
[00:17:51] [Server thread/DEBUG] [FML/]: Bar Step: InterModComms$IMC - JinRyuu's JRMCore took 0.000s
[00:17:51] [Server thread/TRACE] [FML/]: Attempting to deliver 0 IMC messages to mod jinryuudragonblockc
[00:17:51] [Server thread/TRACE] [jinryuudragonblockc/jinryuudragonblockc]: Sending event IMCEvent to mod jinryuudragonblockc
[00:17:51] [Server thread/TRACE] [jinryuudragonblockc/jinryuudragonblockc]: Sent event IMCEvent to mod jinryuudragonblockc
[00:17:51] [Server thread/DEBUG] [FML/]: Bar Step: InterModComms$IMC - Dragon Block C took 0.000s
[00:17:51] [Server thread/TRACE] [FML/]: Attempting to deliver 0 IMC messages to mod ironfurnaces
[00:17:51] [Server thread/TRACE] [ironfurnaces/ironfurnaces]: Sending event IMCEvent to mod ironfurnaces
[00:17:51] [Server thread/TRACE] [ironfurnaces/ironfurnaces]: Sent event IMCEvent to mod ironfurnaces
[00:17:51] [Server thread/DEBUG] [FML/]: Bar Step: InterModComms$IMC - Iron Furnaces took 0.000s
[00:17:51] [Server thread/TRACE] [FML/]: Attempting to deliver 0 IMC messages to mod jinryuubetterrenderaddon
[00:17:51] [Server thread/TRACE] [jinryuubetterrenderaddon/jinryuubetterrenderaddon]: Sending event IMCEvent to mod jinryuubetterrenderaddon
[00:17:51] [Server thread/TRACE] [jinryuubetterrenderaddon/jinryuubetterrenderaddon]: Sent event IMCEvent to mod jinryuubetterrenderaddon
[00:17:51] [Server thread/DEBUG] [FML/]: Bar Step: InterModComms$IMC - JinRyuu's Better Render Addon took 0.000s
[00:17:51] [Server thread/TRACE] [FML/]: Attempting to deliver 0 IMC messages to mod journeymap
[00:17:51] [Server thread/TRACE] [journeymap/journeymap]: Sending event IMCEvent to mod journeymap
[00:17:51] [Server thread/TRACE] [journeymap/journeymap]: Sent event IMCEvent to mod journeymap
[00:17:51] [Server thread/DEBUG] [FML/]: Bar Step: InterModComms$IMC - JourneyMap took 0.000s
[00:17:51] [Server thread/TRACE] [FML/]: Attempting to deliver 0 IMC messages to mod jinryuuyearsc
[00:17:51] [Server thread/TRACE] [jinryuuyearsc/jinryuuyearsc]: Sending event IMCEvent to mod jinryuuyearsc
[00:17:51] [Server thread/TRACE] [jinryuuyearsc/jinryuuyearsc]: Sent event IMCEvent to mod jinryuuyearsc
[00:17:51] [Server thread/DEBUG] [FML/]: Bar Step: InterModComms$IMC - JinRyuu's Years C took 0.000s
[00:17:51] [Server thread/TRACE] [FML/]: Attempting to deliver 0 IMC messages to mod lootplusplus
[00:17:51] [Server thread/TRACE] [lootplusplus/lootplusplus]: Sending event IMCEvent to mod lootplusplus
[00:17:51] [Server thread/TRACE] [lootplusplus/lootplusplus]: Sent event IMCEvent to mod lootplusplus
[00:17:51] [Server thread/DEBUG] [FML/]: Bar Step: InterModComms$IMC - Loot++ took 0.000s
[00:17:51] [Server thread/DEBUG] [FML/]: Bar Finished: InterModComms$IMC took 0.006s
[00:17:51] [Server thread/INFO] [FML/]: Injecting itemstacks
[00:17:51] [Server thread/INFO] [FML/]: Itemstack injection complete
[00:17:51] [Server thread/TRACE] [mcp/mcp]: Sending event FMLPostInitializationEvent to mod mcp
[00:17:51] [Server thread/TRACE] [mcp/mcp]: Sent event FMLPostInitializationEvent to mod mcp
[00:17:51] [Server thread/DEBUG] [FML/]: Bar Step: PostInitialization - Minecraft Coder Pack took 0.000s
[00:17:51] [Server thread/TRACE] [FML/FML]: Sending event FMLPostInitializationEvent to mod FML
[00:17:51] [Server thread/TRACE] [FML/FML]: Sent event FMLPostInitializationEvent to mod FML
[00:17:51] [Server thread/DEBUG] [FML/]: Bar Step: PostInitialization - Forge Mod Loader took 0.000s
[00:17:51] [Server thread/TRACE] [Forge/Forge]: Sending event FMLPostInitializationEvent to mod Forge
[00:17:51] [Server thread/TRACE] [Forge/Forge]: Sent event FMLPostInitializationEvent to mod Forge
[00:17:51] [Server thread/DEBUG] [FML/]: Bar Step: PostInitialization - Minecraft Forge took 0.001s
[00:17:51] [Server thread/TRACE] [CodeChickenCore/CodeChickenCore]: Sending event FMLPostInitializationEvent to mod CodeChickenCore
[00:17:51] [Server thread/TRACE] [CodeChickenCore/CodeChickenCore]: Sent event FMLPostInitializationEvent to mod CodeChickenCore
[00:17:51] [Server thread/DEBUG] [FML/]: Bar Step: PostInitialization - CodeChicken Core took 0.000s
[00:17:51] [Server thread/TRACE] [NotEnoughItems/NotEnoughItems]: Sending event FMLPostInitializationEvent to mod NotEnoughItems
[00:17:51] [Server thread/TRACE] [NotEnoughItems/NotEnoughItems]: Sent event FMLPostInitializationEvent to mod NotEnoughItems
[00:17:51] [Server thread/DEBUG] [FML/]: Bar Step: PostInitialization - Not Enough Items took 0.000s
[00:17:51] [Server thread/TRACE] [adventurebackpack/adventurebackpack]: Sending event FMLPostInitializationEvent to mod adventurebackpack
[00:17:51] [Server thread/TRACE] [adventurebackpack/adventurebackpack]: Sent event FMLPostInitializationEvent to mod adventurebackpack
[00:17:51] [Server thread/DEBUG] [FML/]: Bar Step: PostInitialization - Adventure Backpack took 0.002s
[00:17:51] [Server thread/TRACE] [BiomeTweaker/BiomeTweaker]: Sending event FMLPostInitializationEvent to mod BiomeTweaker
[00:17:51] [Server thread/TRACE] [BiomeTweaker/BiomeTweaker]: Sent event FMLPostInitializationEvent to mod BiomeTweaker
[00:17:51] [Server thread/DEBUG] [FML/]: Bar Step: PostInitialization - BiomeTweaker took 0.000s
[00:17:51] [Server thread/TRACE] [jinryuujrmcore/jinryuujrmcore]: Sending event FMLPostInitializationEvent to mod jinryuujrmcore
[00:17:51] [Server thread/INFO] [jinryuujrmcore/jinryuujrmcore]: Max Memory: 15271M
[00:17:51] [Server thread/INFO] [jinryuujrmcore/jinryuujrmcore]: Initialization Completed
[00:17:51] [Server thread/INFO] [jinryuujrmcore/jinryuujrmcore]: Fully Loaded!
[00:17:51] [Server thread/INFO] [jinryuujrmcore/jinryuujrmcore]: Enjoy ^^
[00:17:51] [Server thread/TRACE] [jinryuujrmcore/jinryuujrmcore]: Sent event FMLPostInitializationEvent to mod jinryuujrmcore
[00:17:51] [Server thread/DEBUG] [FML/]: Bar Step: PostInitialization - JinRyuu's JRMCore took 0.001s
[00:17:51] [Server thread/TRACE] [jinryuudragonblockc/jinryuudragonblockc]: Sending event FMLPostInitializationEvent to mod jinryuudragonblockc
[00:17:51] [Server thread/INFO] [jinryuudragonblockc/jinryuudragonblockc]: Fully Loaded!
[00:17:51] [Server thread/INFO] [jinryuudragonblockc/jinryuudragonblockc]: Have a good game!
[00:17:51] [Server thread/INFO] [jinryuudragonblockc/jinryuudragonblockc]: Fight For Your Life ^^
[00:17:51] [Server thread/TRACE] [jinryuudragonblockc/jinryuudragonblockc]: Sent event FMLPostInitializationEvent to mod jinryuudragonblockc
[00:17:51] [Server thread/DEBUG] [FML/]: Bar Step: PostInitialization - Dragon Block C took 0.001s
[00:17:51] [Server thread/TRACE] [ironfurnaces/ironfurnaces]: Sending event FMLPostInitializationEvent to mod ironfurnaces
[00:17:51] [Server thread/TRACE] [ironfurnaces/ironfurnaces]: Sent event FMLPostInitializationEvent to mod ironfurnaces
[00:17:51] [Server thread/DEBUG] [FML/]: Bar Step: PostInitialization - Iron Furnaces took 0.000s
[00:17:51] [Server thread/TRACE] [jinryuubetterrenderaddon/jinryuubetterrenderaddon]: Sending event FMLPostInitializationEvent to mod jinryuubetterrenderaddon
[00:17:51] [Server thread/TRACE] [jinryuubetterrenderaddon/jinryuubetterrenderaddon]: Sent event FMLPostInitializationEvent to mod jinryuubetterrenderaddon
[00:17:51] [Server thread/DEBUG] [FML/]: Bar Step: PostInitialization - JinRyuu's Better Render Addon took 0.000s
[00:17:51] [Server thread/TRACE] [journeymap/journeymap]: Sending event FMLPostInitializationEvent to mod journeymap
[00:17:51] [Server thread/TRACE] [journeymap/journeymap]: Sent event FMLPostInitializationEvent to mod journeymap
[00:17:51] [Server thread/DEBUG] [FML/]: Bar Step: PostInitialization - JourneyMap took 0.000s
[00:17:51] [Server thread/TRACE] [jinryuuyearsc/jinryuuyearsc]: Sending event FMLPostInitializationEvent to mod jinryuuyearsc
[00:17:51] [Server thread/INFO] [jinryuuyearsc/jinryuuyearsc]: Initialization Completed
[00:17:51] [Server thread/INFO] [jinryuuyearsc/jinryuuyearsc]: Fully Loaded!
[00:17:51] [Server thread/INFO] [jinryuuyearsc/jinryuuyearsc]: Enjoy ^^
[00:17:51] [Server thread/TRACE] [jinryuuyearsc/jinryuuyearsc]: Sent event FMLPostInitializationEvent to mod jinryuuyearsc
[00:17:51] [Server thread/DEBUG] [FML/]: Bar Step: PostInitialization - JinRyuu's Years C took 0.000s
[00:17:51] [Server thread/TRACE] [lootplusplus/lootplusplus]: Sending event FMLPostInitializationEvent to mod lootplusplus
[00:17:51] [Server thread/TRACE] [lootplusplus/lootplusplus]: Sent event FMLPostInitializationEvent to mod lootplusplus
[00:17:51] [Server thread/DEBUG] [FML/]: Bar Step: PostInitialization - Loot++ took 0.002s
[00:17:51] [Server thread/DEBUG] [FML/]: Bar Finished: PostInitialization took 0.009s
[00:17:51] [Server thread/TRACE] [mcp/mcp]: Sending event FMLLoadCompleteEvent to mod mcp
[00:17:51] [Server thread/TRACE] [mcp/mcp]: Sent event FMLLoadCompleteEvent to mod mcp
[00:17:51] [Server thread/DEBUG] [FML/]: Bar Step: LoadComplete - Minecraft Coder Pack took 0.000s
[00:17:51] [Server thread/TRACE] [FML/FML]: Sending event FMLLoadCompleteEvent to mod FML
[00:17:51] [Server thread/TRACE] [FML/FML]: Sent event FMLLoadCompleteEvent to mod FML
[00:17:51] [Server thread/DEBUG] [FML/]: Bar Step: LoadComplete - Forge Mod Loader took 0.000s
[00:17:51] [Server thread/TRACE] [Forge/Forge]: Sending event FMLLoadCompleteEvent to mod Forge
[00:17:51] [Server thread/DEBUG] [FML/Forge]: Forge RecipeSorter Baking:
[00:17:51] [Server thread/DEBUG] [FML/Forge]:   11: RecipeEntry("Before", UNKNOWN, )
[00:17:51] [Server thread/DEBUG] [FML/Forge]:   10: RecipeEntry("minecraft:shaped", SHAPED, net.minecraft.item.crafting.ShapedRecipes) Before: minecraft:shapeless
[00:17:51] [Server thread/DEBUG] [FML/Forge]:   9: RecipeEntry("forge:shapedore", SHAPED, net.minecraftforge.oredict.ShapedOreRecipe) Before: minecraft:shapeless After: minecraft:shaped
[00:17:51] [Server thread/DEBUG] [FML/Forge]:   8: RecipeEntry("minecraft:mapextending", SHAPED, net.minecraft.item.crafting.RecipesMapExtending) Before: minecraft:shapeless After: minecraft:shaped
[00:17:51] [Server thread/DEBUG] [FML/Forge]:   7: RecipeEntry("minecraft:shapeless", SHAPELESS, net.minecraft.item.crafting.ShapelessRecipes) After: minecraft:shaped
[00:17:51] [Server thread/DEBUG] [FML/Forge]:   6: RecipeEntry("forge:shapelessore", SHAPELESS, net.minecraftforge.oredict.ShapelessOreRecipe) After: minecraft:shapeless
[00:17:51] [Server thread/DEBUG] [FML/Forge]:   5: RecipeEntry("minecraft:armordyes", SHAPELESS, net.minecraft.item.crafting.RecipesArmorDyes) After: minecraft:shapeless
[00:17:51] [Server thread/DEBUG] [FML/Forge]:   4: RecipeEntry("minecraft:fireworks", SHAPELESS, net.minecraft.item.crafting.RecipeFireworks) After: minecraft:shapeless
[00:17:51] [Server thread/DEBUG] [FML/Forge]:   3: RecipeEntry("minecraft:bookcloning", SHAPELESS, net.minecraft.item.crafting.RecipeBookCloning) After: minecraft:shapeless
[00:17:51] [Server thread/DEBUG] [FML/Forge]:   2: RecipeEntry("minecraft:mapcloning", SHAPELESS, net.minecraft.item.crafting.RecipesMapCloning) After: minecraft:shapeless
[00:17:51] [Server thread/DEBUG] [FML/Forge]:   1: RecipeEntry("After", UNKNOWN, )
[00:17:51] [Server thread/DEBUG] [FML/Forge]: Sorting recipies
[00:17:51] [Server thread/TRACE] [Forge/Forge]: Sent event FMLLoadCompleteEvent to mod Forge
[00:17:51] [Server thread/DEBUG] [FML/]: Bar Step: LoadComplete - Minecraft Forge took 0.010s
[00:17:51] [Server thread/TRACE] [CodeChickenCore/CodeChickenCore]: Sending event FMLLoadCompleteEvent to mod CodeChickenCore
[00:17:51] [Server thread/TRACE] [CodeChickenCore/CodeChickenCore]: Sent event FMLLoadCompleteEvent to mod CodeChickenCore
[00:17:51] [Server thread/DEBUG] [FML/]: Bar Step: LoadComplete - CodeChicken Core took 0.000s
[00:17:51] [Server thread/TRACE] [NotEnoughItems/NotEnoughItems]: Sending event FMLLoadCompleteEvent to mod NotEnoughItems
[00:17:51] [Server thread/TRACE] [NotEnoughItems/NotEnoughItems]: Sent event FMLLoadCompleteEvent to mod NotEnoughItems
[00:17:51] [Server thread/DEBUG] [FML/]: Bar Step: LoadComplete - Not Enough Items took 0.000s
[00:17:51] [Server thread/TRACE] [adventurebackpack/adventurebackpack]: Sending event FMLLoadCompleteEvent to mod adventurebackpack
[00:17:51] [Server thread/TRACE] [adventurebackpack/adventurebackpack]: Sent event FMLLoadCompleteEvent to mod adventurebackpack
[00:17:51] [Server thread/DEBUG] [FML/]: Bar Step: LoadComplete - Adventure Backpack took 0.000s
[00:17:51] [Server thread/TRACE] [BiomeTweaker/BiomeTweaker]: Sending event FMLLoadCompleteEvent to mod BiomeTweaker
[00:17:51] [Server thread/INFO] [BiomeTweaker/BiomeTweaker]: Generating biome status report...
[00:17:51] [Server thread/TRACE] [BiomeTweaker/BiomeTweaker]: Sent event FMLLoadCompleteEvent to mod BiomeTweaker
[00:17:51] [Server thread/DEBUG] [FML/]: Bar Step: LoadComplete - BiomeTweaker took 0.048s
[00:17:51] [Server thread/TRACE] [jinryuujrmcore/jinryuujrmcore]: Sending event FMLLoadCompleteEvent to mod jinryuujrmcore
[00:17:51] [Server thread/TRACE] [jinryuujrmcore/jinryuujrmcore]: Sent event FMLLoadCompleteEvent to mod jinryuujrmcore
[00:17:51] [Server thread/DEBUG] [FML/]: Bar Step: LoadComplete - JinRyuu's JRMCore took 0.000s
[00:17:51] [Server thread/TRACE] [jinryuudragonblockc/jinryuudragonblockc]: Sending event FMLLoadCompleteEvent to mod jinryuudragonblockc
[00:17:51] [Server thread/TRACE] [jinryuudragonblockc/jinryuudragonblockc]: Sent event FMLLoadCompleteEvent to mod jinryuudragonblockc
[00:17:51] [Server thread/DEBUG] [FML/]: Bar Step: LoadComplete - Dragon Block C took 0.000s
[00:17:51] [Server thread/TRACE] [ironfurnaces/ironfurnaces]: Sending event FMLLoadCompleteEvent to mod ironfurnaces
[00:17:51] [Server thread/TRACE] [ironfurnaces/ironfurnaces]: Sent event FMLLoadCompleteEvent to mod ironfurnaces
[00:17:51] [Server thread/DEBUG] [FML/]: Bar Step: LoadComplete - Iron Furnaces took 0.000s
[00:17:51] [Server thread/TRACE] [jinryuubetterrenderaddon/jinryuubetterrenderaddon]: Sending event FMLLoadCompleteEvent to mod jinryuubetterrenderaddon
[00:17:51] [Server thread/TRACE] [jinryuubetterrenderaddon/jinryuubetterrenderaddon]: Sent event FMLLoadCompleteEvent to mod jinryuubetterrenderaddon
[00:17:51] [Server thread/DEBUG] [FML/]: Bar Step: LoadComplete - JinRyuu's Better Render Addon took 0.000s
[00:17:51] [Server thread/TRACE] [journeymap/journeymap]: Sending event FMLLoadCompleteEvent to mod journeymap
[00:17:51] [Server thread/TRACE] [journeymap/journeymap]: Sent event FMLLoadCompleteEvent to mod journeymap
[00:17:51] [Server thread/DEBUG] [FML/]: Bar Step: LoadComplete - JourneyMap took 0.000s
[00:17:51] [Server thread/TRACE] [jinryuuyearsc/jinryuuyearsc]: Sending event FMLLoadCompleteEvent to mod jinryuuyearsc
[00:17:51] [Server thread/TRACE] [jinryuuyearsc/jinryuuyearsc]: Sent event FMLLoadCompleteEvent to mod jinryuuyearsc
[00:17:51] [Server thread/DEBUG] [FML/]: Bar Step: LoadComplete - JinRyuu's Years C took 0.000s
[00:17:51] [Server thread/TRACE] [lootplusplus/lootplusplus]: Sending event FMLLoadCompleteEvent to mod lootplusplus
[00:17:51] [Server thread/TRACE] [lootplusplus/lootplusplus]: Sent event FMLLoadCompleteEvent to mod lootplusplus
[00:17:51] [Server thread/DEBUG] [FML/]: Bar Step: LoadComplete - Loot++ took 0.000s
[00:17:51] [Server thread/DEBUG] [FML/]: Bar Finished: LoadComplete took 0.061s
[00:17:51] [Server thread/DEBUG] [FML/]: Freezing block and item id maps
[00:17:51] [Server thread/DEBUG] [FML/]: Registry consistency check successful
[00:17:51] [Server thread/DEBUG] [FML/]: Registry consistency check successful
[00:17:51] [Server thread/INFO] [FML/]: Forge Mod Loader has successfully loaded 15 mods
[00:17:51] [Server thread/TRACE] [mcp/mcp]: Sending event FMLServerAboutToStartEvent to mod mcp
[00:17:51] [Server thread/TRACE] [mcp/mcp]: Sent event FMLServerAboutToStartEvent to mod mcp
[00:17:51] [Server thread/DEBUG] [FML/]: Bar Step: ServerAboutToStart - Minecraft Coder Pack took 0.000s
[00:17:51] [Server thread/TRACE] [FML/FML]: Sending event FMLServerAboutToStartEvent to mod FML
[00:17:51] [Server thread/TRACE] [FML/FML]: Sent event FMLServerAboutToStartEvent to mod FML
[00:17:51] [Server thread/DEBUG] [FML/]: Bar Step: ServerAboutToStart - Forge Mod Loader took 0.000s
[00:17:51] [Server thread/TRACE] [Forge/Forge]: Sending event FMLServerAboutToStartEvent to mod Forge
[00:17:51] [Server thread/TRACE] [Forge/Forge]: Sent event FMLServerAboutToStartEvent to mod Forge
[00:17:51] [Server thread/DEBUG] [FML/]: Bar Step: ServerAboutToStart - Minecraft Forge took 0.000s
[00:17:51] [Server thread/TRACE] [CodeChickenCore/CodeChickenCore]: Sending event FMLServerAboutToStartEvent to mod CodeChickenCore
[00:17:51] [Server thread/TRACE] [CodeChickenCore/CodeChickenCore]: Sent event FMLServerAboutToStartEvent to mod CodeChickenCore
[00:17:51] [Server thread/DEBUG] [FML/]: Bar Step: ServerAboutToStart - CodeChicken Core took 0.000s
[00:17:51] [Server thread/TRACE] [NotEnoughItems/NotEnoughItems]: Sending event FMLServerAboutToStartEvent to mod NotEnoughItems
[00:17:51] [Server thread/TRACE] [NotEnoughItems/NotEnoughItems]: Sent event FMLServerAboutToStartEvent to mod NotEnoughItems
[00:17:51] [Server thread/DEBUG] [FML/]: Bar Step: ServerAboutToStart - Not Enough Items took 0.001s
[00:17:51] [Server thread/TRACE] [adventurebackpack/adventurebackpack]: Sending event FMLServerAboutToStartEvent to mod adventurebackpack
[00:17:51] [Server thread/TRACE] [adventurebackpack/adventurebackpack]: Sent event FMLServerAboutToStartEvent to mod adventurebackpack
[00:17:51] [Server thread/DEBUG] [FML/]: Bar Step: ServerAboutToStart - Adventure Backpack took 0.000s
[00:17:51] [Server thread/TRACE] [BiomeTweaker/BiomeTweaker]: Sending event FMLServerAboutToStartEvent to mod BiomeTweaker
[00:17:51] [Server thread/TRACE] [BiomeTweaker/BiomeTweaker]: Sent event FMLServerAboutToStartEvent to mod BiomeTweaker
[00:17:51] [Server thread/DEBUG] [FML/]: Bar Step: ServerAboutToStart - BiomeTweaker took 0.000s
[00:17:51] [Server thread/TRACE] [jinryuujrmcore/jinryuujrmcore]: Sending event FMLServerAboutToStartEvent to mod jinryuujrmcore
[00:17:51] [Server thread/TRACE] [jinryuujrmcore/jinryuujrmcore]: Sent event FMLServerAboutToStartEvent to mod jinryuujrmcore
[00:17:51] [Server thread/DEBUG] [FML/]: Bar Step: ServerAboutToStart - JinRyuu's JRMCore took 0.000s
[00:17:51] [Server thread/TRACE] [jinryuudragonblockc/jinryuudragonblockc]: Sending event FMLServerAboutToStartEvent to mod jinryuudragonblockc
[00:17:51] [Server thread/TRACE] [jinryuudragonblockc/jinryuudragonblockc]: Sent event FMLServerAboutToStartEvent to mod jinryuudragonblockc
[00:17:51] [Server thread/DEBUG] [FML/]: Bar Step: ServerAboutToStart - Dragon Block C took 0.000s
[00:17:51] [Server thread/TRACE] [ironfurnaces/ironfurnaces]: Sending event FMLServerAboutToStartEvent to mod ironfurnaces
[00:17:51] [Server thread/TRACE] [ironfurnaces/ironfurnaces]: Sent event FMLServerAboutToStartEvent to mod ironfurnaces
[00:17:51] [Server thread/DEBUG] [FML/]: Bar Step: ServerAboutToStart - Iron Furnaces took 0.000s
[00:17:51] [Server thread/TRACE] [jinryuubetterrenderaddon/jinryuubetterrenderaddon]: Sending event FMLServerAboutToStartEvent to mod jinryuubetterrenderaddon
[00:17:51] [Server thread/TRACE] [jinryuubetterrenderaddon/jinryuubetterrenderaddon]: Sent event FMLServerAboutToStartEvent to mod jinryuubetterrenderaddon
[00:17:51] [Server thread/DEBUG] [FML/]: Bar Step: ServerAboutToStart - JinRyuu's Better Render Addon took 0.000s
[00:17:51] [Server thread/TRACE] [journeymap/journeymap]: Sending event FMLServerAboutToStartEvent to mod journeymap
[00:17:51] [Server thread/TRACE] [journeymap/journeymap]: Sent event FMLServerAboutToStartEvent to mod journeymap
[00:17:51] [Server thread/DEBUG] [FML/]: Bar Step: ServerAboutToStart - JourneyMap took 0.000s
[00:17:51] [Server thread/TRACE] [jinryuuyearsc/jinryuuyearsc]: Sending event FMLServerAboutToStartEvent to mod jinryuuyearsc
[00:17:51] [Server thread/TRACE] [jinryuuyearsc/jinryuuyearsc]: Sent event FMLServerAboutToStartEvent to mod jinryuuyearsc
[00:17:51] [Server thread/DEBUG] [FML/]: Bar Step: ServerAboutToStart - JinRyuu's Years C took 0.000s
[00:17:51] [Server thread/TRACE] [lootplusplus/lootplusplus]: Sending event FMLServerAboutToStartEvent to mod lootplusplus
[00:17:51] [Server thread/TRACE] [lootplusplus/lootplusplus]: Sent event FMLServerAboutToStartEvent to mod lootplusplus
[00:17:51] [Server thread/DEBUG] [FML/]: Bar Step: ServerAboutToStart - Loot++ took 0.034s
[00:17:51] [Server thread/DEBUG] [FML/]: Bar Finished: ServerAboutToStart took 0.039s
[00:17:51] [Server thread/INFO] [FML/]: Injecting existing block and item data into this server instance
[00:17:51] [Server thread/DEBUG] [FML/]: Registry consistency check successful
[00:17:51] [Server thread/INFO] [FML/]: Injecting new block and item data into this server instance.
[00:17:51] [Server thread/INFO] [FML/]: Injected new block/item jinryuujrmcore:tile.Colorable Stone Pattern4_0Stairs: 596 (init) -> 596 (map).
[00:17:51] [Server thread/INFO] [FML/]: Injected new block/item jinryuujrmcore:tile.Colorable Stone Pattern4_2Fence: 582 (init) -> 582 (map).
[00:17:51] [Server thread/INFO] [FML/]: Injected new block/item jinryuujrmcore:tile.Colorable Stone Pattern4_15Slab: 579 (init) -> 579 (map).
[00:17:51] [Server thread/INFO] [FML/]: Injected new block/item ironfurnaces:obsidian_furnace: 181 (init) -> 181 (map).
[00:17:51] [Server thread/INFO] [FML/]: Injected new block/item jinryuudragonblockc:MapleStairs: 737 (init) -> 737 (map).
[00:17:51] [Server thread/INFO] [FML/]: Injected new block/item jinryuujrmcore:tile.BlockBarrier: 676 (init) -> 676 (map).
[00:17:51] [Server thread/INFO] [FML/]: Injected new block/item jinryuujrmcore:tile.Colorable Stone Pattern1_3: 200 (init) -> 200 (map).
[00:17:51] [Server thread/INFO] [FML/]: Injected new block/item jinryuujrmcore:tile.Colorable Stone Pattern3_14Stairs: 546 (init) -> 546 (map).
[00:17:51] [Server thread/INFO] [FML/]: Injected new block/item jinryuujrmcore:tile.Colorable Stone Pattern1_2: 199 (init) -> 199 (map).
[00:17:51] [Server thread/INFO] [FML/]: Injected new block/item jinryuujrmcore:tile.Colorable Stone Pattern1_1: 198 (init) -> 198 (map).
[00:17:51] [Server thread/INFO] [FML/]: Injected new block/item jinryuujrmcore:tile.Colorable Stone Pattern1_0: 197 (init) -> 197 (map).
[00:17:51] [Server thread/INFO] [FML/]: Injected new block/item jinryuujrmcore:tile.Colorable Stone Pattern2_0Slab: 436 (init) -> 436 (map).
[00:17:51] [Server thread/INFO] [FML/]: Injected new block/item jinryuujrmcore:tile.Colorable Stone Pattern1_3Fence: 232 (init) -> 232 (map).
[00:17:51] [Server thread/INFO] [FML/]: Injected new block/item jinryuudragonblockc:SakuraStairs: 735 (init) -> 735 (map).
[00:17:51] [Server thread/INFO] [FML/]: Injected new block/item jinryuujrmcore:tile.Colorable Stone Pattern1_13Stairs: 411 (init) -> 411 (map).
[00:17:51] [Server thread/INFO] [FML/]: Injected new block/item jinryuujrmcore:tile.Colorable Stone Pattern5_15Stairs: 675 (init) -> 675 (map).
[00:17:51] [Server thread/INFO] [FML/]: Injected new block/item jinryuujrmcore:tile.Colorable Stone Pattern3_15Fence: 531 (init) -> 531 (map).
[00:17:51] [Server thread/INFO] [FML/]: Injected new block/item jinryuujrmcore:tile.Colorable Stone Pattern1_9: 206 (init) -> 206 (map).
[00:17:51] [Server thread/INFO] [FML/]: Injected new block/item jinryuujrmcore:tile.Colorable Stone Pattern1_8: 205 (init) -> 205 (map).
[00:17:51] [Server thread/INFO] [FML/]: Injected new block/item jinryuujrmcore:tile.Colorable Stone Pattern1_7: 204 (init) -> 204 (map).
[00:17:51] [Server thread/INFO] [FML/]: Injected new block/item jinryuujrmcore:tile.Colorable Stone Pattern1_6: 203 (init) -> 203 (map).
[00:17:51] [Server thread/INFO] [FML/]: Injected new block/item jinryuudragonblockc:tile.ppBlock: 709 (init) -> 709 (map).
[00:17:51] [Server thread/INFO] [FML/]: Injected new block/item jinryuudragonblockc:DoubleSlab: 739 (init) -> 739 (map).
[00:17:51] [Server thread/INFO] [FML/]: Injected new block/item jinryuujrmcore:tile.Colorable Stone Pattern1_5: 202 (init) -> 202 (map).
[00:17:51] [Server thread/INFO] [FML/]: Injected new block/item jinryuujrmcore:tile.Colorable Stone Pattern1_4: 201 (init) -> 201 (map).
[00:17:51] [Server thread/INFO] [FML/]: Injected new block/item ironfurnaces:crystal_furnace: 182 (init) -> 182 (map).
[00:17:51] [Server thread/INFO] [FML/]: Injected new block/item jinryuujrmcore:tile.Colorable Stone Pattern5_3Fence: 647 (init) -> 647 (map).
[00:17:51] [Server thread/INFO] [FML/]: Injected new block/item jinryuujrmcore:tile.BlockColoredStone2: 193 (init) -> 193 (map).
[00:17:51] [Server thread/INFO] [FML/]: Injected new block/item jinryuujrmcore:tile.Colorable Stone Pattern1_10Fence: 239 (init) -> 239 (map).
[00:17:51] [Server thread/INFO] [FML/]: Injected new block/item jinryuujrmcore:tile.Colorable Stone Pattern2_4Stairs: 472 (init) -> 472 (map).
[00:17:51] [Server thread/INFO] [FML/]: Injected new block/item jinryuujrmcore:tile.Colorable Stone Pattern1_10Slab: 223 (init) -> 223 (map).
[00:17:51] [Server thread/INFO] [FML/]: Injected new block/item jinryuujrmcore:tile.Colorable Stone Pattern5_9Stairs: 669 (init) -> 669 (map).
[00:17:51] [Server thread/INFO] [FML/]: Injected new block/item jinryuujrmcore:tile.Colorable Stone Pattern4_12Stairs: 608 (init) -> 608 (map).
[00:17:51] [Server thread/INFO] [FML/]: Injected new block/item jinryuujrmcore:tile.Colorable Stone Pattern5_10Slab: 638 (init) -> 638 (map).
[00:17:51] [Server thread/INFO] [FML/]: Injected new block/item jinryuujrmcore:tile.Colorable Stone Pattern5_6Slab: 634 (init) -> 634 (map).
[00:17:51] [Server thread/INFO] [FML/]: Injected new block/item jinryuujrmcore:tile.Colorable Stone Pattern2_4Fence: 456 (init) -> 456 (map).
[00:17:51] [Server thread/INFO] [FML/]: Injected new block/item jinryuujrmcore:tile.Colorable Stone Pattern4_9Slab: 573 (init) -> 573 (map).
[00:17:51] [Server thread/INFO] [FML/]: Injected new block/item jinryuujrmcore:tile.Colorable Stone Pattern2_11Stairs: 479 (init) -> 479 (map).
[00:17:51] [Server thread/INFO] [FML/]: Injected new block/item jinryuujrmcore:tile.Colorable Stone Pattern3_11Fence: 527 (init) -> 527 (map).
[00:17:51] [Server thread/INFO] [FML/]: Injected new block/item jinryuujrmcore:tile.Colorable Stone Pattern2_11Slab: 447 (init) -> 447 (map).
[00:17:51] [Server thread/INFO] [FML/]: Injected new block/item jinryuujrmcore:tile.Colorable Stone Pattern4_1Slab: 565 (init) -> 565 (map).
[00:17:51] [Server thread/INFO] [FML/]: Injected new block/item jinryuujrmcore:tile.Colorable Stone Pattern2_7Slab: 443 (init) -> 443 (map).
[00:17:51] [Server thread/INFO] [FML/]: Injected new block/item jinryuujrmcore:tile.Colorable Stone Pattern1_0Stairs: 245 (init) -> 245 (map).
[00:17:51] [Server thread/INFO] [FML/]: Injected new block/item jinryuujrmcore:tile.Colorable Stone Pattern5_10Stairs: 670 (init) -> 670 (map).
[00:17:51] [Server thread/INFO] [FML/]: Injected new block/item jinryuudragonblockc:tile.Dlogore: 695 (init) -> 695 (map).
[00:17:51] [Server thread/INFO] [FML/]: Injected new block/item jinryuujrmcore:tile.Colorable Stone Pattern1_7Stairs: 252 (init) -> 252 (map).
[00:17:51] [Server thread/INFO] [FML/]: Injected new block/item jinryuujrmcore:tile.Colorable Stone Pattern3_5Slab: 505 (init) -> 505 (map).
[00:17:51] [Server thread/INFO] [FML/]: Injected new block/item jinryuujrmcore:tile.Colorable Stone Pattern3_13Slab: 513 (init) -> 513 (map).
[00:17:51] [Server thread/INFO] [FML/]: Injected new block/item jinryuudragonblockc:tile.BlockTCFloor: 679 (init) -> 679 (map).
[00:17:51] [Server thread/INFO] [FML/]: Injected new block/item jinryuujrmcore:tile.Colorable Stone Pattern2_0Fence: 452 (init) -> 452 (map).
[00:17:51] [Server thread/INFO] [FML/]: Injected new block/item jinryuujrmcore:tile.Colorable Stone Pattern1_4Slab: 217 (init) -> 217 (map).
[00:17:51] [Server thread/INFO] [FML/]: Injected new block/item jinryuujrmcore:tile.Colorable Stone Pattern3_1Fence: 517 (init) -> 517 (map).
[00:17:51] [Server thread/INFO] [FML/]: Injected new block/item jinryuujrmcore:tile.Colorable Stone Pattern4_10Fence: 590 (init) -> 590 (map).
[00:17:51] [Server thread/INFO] [FML/]: Injected new block/item jinryuudragonblockc:tile.Lehnoriore: 696 (init) -> 696 (map).
[00:17:51] [Server thread/INFO] [FML/]: Injected new block/item ironfurnaces:diamond_furnace: 179 (init) -> 179 (map).
[00:17:51] [Server thread/INFO] [FML/]: Injected new block/item jinryuujrmcore:tile.Colorable Stone Pattern4_10Stairs: 606 (init) -> 606 (map).
[00:17:51] [Server thread/INFO] [FML/]: Injected new block/item jinryuudragonblockc:Planks: 734 (init) -> 734 (map).
[00:17:51] [Server thread/INFO] [FML/]: Injected new block/item jinryuujrmcore:tile.Colorable Stone Pattern2_8Fence: 460 (init) -> 460 (map).
[00:17:51] [Server thread/INFO] [FML/]: Injected new block/item jinryuujrmcore:tile.Colorable Stone Pattern2_12Fence: 464 (init) -> 464 (map).
[00:17:51] [Server thread/INFO] [FML/]: Injected new block/item jinryuujrmcore:tile.Colorable Stone Pattern4_9Fence: 589 (init) -> 589 (map).
[00:17:51] [Server thread/INFO] [FML/]: Injected new block/item jinryuujrmcore:tile.BlockStairs: 192 (init) -> 192 (map).
[00:17:51] [Server thread/INFO] [FML/]: Injected new block/item jinryuujrmcore:tile.Colorable Stone Pattern5_6Fence: 650 (init) -> 650 (map).
[00:17:51] [Server thread/INFO] [FML/]: Injected new block/item jinryuujrmcore:tile.Colorable Stone Pattern3_6Stairs: 538 (init) -> 538 (map).
[00:17:51] [Server thread/INFO] [FML/]: Injected new block/item jinryuudragonblockc:tile.Dnomaidore: 697 (init) -> 697 (map).
[00:17:51] [Server thread/INFO] [FML/]: Injected new block/item jinryuudragonblockc:tile.SaibaiHatched: 705 (init) -> 705 (map).
[00:17:51] [Server thread/INFO] [FML/]: Injected new block/item jinryuujrmcore:tile.Colorable Stone Pattern5_13Stairs: 673 (init) -> 673 (map).
[00:17:51] [Server thread/INFO] [FML/]: Injected new block/item jinryuudragonblockc:Log: 743 (init) -> 743 (map).
[00:17:51] [Server thread/INFO] [FML/]: Injected new block/item jinryuudragonblockc:MapleFenceGate: 748 (init) -> 748 (map).
[00:17:51] [Server thread/INFO] [FML/]: Injected new block/item jinryuudragonblockc:tile.BlockAlienStone: 681 (init) -> 681 (map).
[00:17:51] [Server thread/INFO] [FML/]: Injected new block/item jinryuujrmcore:tile.Colorable Stone Pattern2_7Fence: 459 (init) -> 459 (map).
[00:17:51] [Server thread/INFO] [FML/]: Injected new block/item jinryuujrmcore:tile.Colorable Stone Pattern5_2Stairs: 662 (init) -> 662 (map).
[00:17:51] [Server thread/INFO] [FML/]: Injected new block/item ironfurnaces:obsidian_furnace_active: 180 (init) -> 180 (map).
[00:17:51] [Server thread/INFO] [FML/]: Injected new block/item adventurebackpack:blockSleepingBag: 166 (init) -> 166 (map).
[00:17:51] [Server thread/INFO] [FML/]: Injected new block/item jinryuujrmcore:tile.Colorable Stone Pattern5_13Fence: 657 (init) -> 657 (map).
[00:17:51] [Server thread/INFO] [FML/]: Injected new block/item jinryuujrmcore:tile.Colorable Stone Pattern1_11Slab: 224 (init) -> 224 (map).
[00:17:51] [Server thread/INFO] [FML/]: Injected new block/item jinryuujrmcore:tile.Colorable Stone Pattern2_6Slab: 442 (init) -> 442 (map).
[00:17:51] [Server thread/INFO] [FML/]: Injected new block/item jinryuujrmcore:tile.Colorable Stone Pattern2_2Stairs: 470 (init) -> 470 (map).
[00:17:51] [Server thread/INFO] [FML/]: Injected new block/item jinryuujrmcore:tile.Colorable Stone Pattern5_7Slab: 635 (init) -> 635 (map).
[00:17:51] [Server thread/INFO] [FML/]: Injected new block/item jinryuujrmcore:tile.Colorable Stone Pattern3_5Fence: 521 (init) -> 521 (map).
[00:17:51] [Server thread/INFO] [FML/]: Injected new block/item jinryuujrmcore:tile.Colorable Stone Pattern2_12Slab: 448 (init) -> 448 (map).
[00:17:51] [Server thread/INFO] [FML/]: Injected new block/item jinryuujrmcore:tile.Colorable Stone Pattern1_11Stairs: 409 (init) -> 409 (map).
[00:17:51] [Server thread/INFO] [FML/]: Injected new block/item jinryuujrmcore:tile.Colorable Stone Pattern4_2Slab: 566 (init) -> 566 (map).
[00:17:51] [Server thread/INFO] [FML/]: Injected new block/item jinryuudragonblockc:tile.BlockTCPort: 678 (init) -> 678 (map).
[00:17:51] [Server thread/INFO] [FML/]: Injected new block/item ironfurnaces:iron_furnace: 169 (init) -> 169 (map).
[00:17:51] [Server thread/INFO] [FML/]: Injected new block/item jinryuujrmcore:tile.Colorable Stone Pattern3_6Slab: 506 (init) -> 506 (map).
[00:17:51] [Server thread/INFO] [FML/]: Injected new block/item jinryuujrmcore:tile.Colorable Stone Pattern5_10: 622 (init) -> 622 (map).
[00:17:51] [Server thread/INFO] [FML/]: Injected new block/item jinryuujrmcore:tile.Colorable Stone Pattern3_8Stairs: 540 (init) -> 540 (map).
[00:17:51] [Server thread/INFO] [FML/]: Injected new block/item jinryuujrmcore:tile.Colorable Stone Pattern2_13Fence: 465 (init) -> 465 (map).
[00:17:51] [Server thread/INFO] [FML/]: Injected new block/item jinryuujrmcore:tile.Colorable Stone Pattern5_15: 627 (init) -> 627 (map).
[00:17:51] [Server thread/INFO] [FML/]: Injected new block/item jinryuujrmcore:tile.Colorable Stone Pattern5_12: 624 (init) -> 624 (map).
[00:17:51] [Server thread/INFO] [FML/]: Injected new block/item jinryuujrmcore:tile.Colorable Stone Pattern5_11: 623 (init) -> 623 (map).
[00:17:51] [Server thread/INFO] [FML/]: Injected new block/item ironfurnaces:gold_furnace: 177 (init) -> 177 (map).
[00:17:51] [Server thread/INFO] [FML/]: Injected new block/item jinryuujrmcore:tile.Colorable Stone Pattern5_14: 626 (init) -> 626 (map).
[00:17:51] [Server thread/INFO] [FML/]: Injected new block/item jinryuujrmcore:tile.Colorable Stone Pattern5_13: 625 (init) -> 625 (map).
[00:17:51] [Server thread/INFO] [FML/]: Injected new block/item jinryuujrmcore:tile.Colorable Stone Pattern5_7Fence: 651 (init) -> 651 (map).
[00:17:51] [Server thread/INFO] [FML/]: Injected new block/item jinryuudragonblockc:tile.BlockNamekStone: 691 (init) -> 691 (map).
[00:17:51] [Server thread/INFO] [FML/]: Injected new block/item jinryuujrmcore:tile.Colorable Stone Pattern3_14Slab: 514 (init) -> 514 (map).
[00:17:51] [Server thread/INFO] [FML/]: Injected new block/item jinryuujrmcore:tile.Colorable Stone Pattern5_4Stairs: 664 (init) -> 664 (map).
[00:17:51] [Server thread/INFO] [FML/]: Injected new block/item jinryuujrmcore:tile.Colorable Stone Pattern2_1Slab: 437 (init) -> 437 (map).
[00:17:51] [Server thread/INFO] [FML/]: Injected new block/item jinryuujrmcore:tile.Colorable Stone Pattern3_11Stairs: 543 (init) -> 543 (map).
[00:17:51] [Server thread/INFO] [FML/]: Injected new block/item jinryuujrmcore:tile.Colorable Stone Pattern2_7Stairs: 475 (init) -> 475 (map).
[00:17:51] [Server thread/INFO] [FML/]: Injected new block/item jinryuujrmcore:tile.Colorable Stone Pattern3_14Fence: 530 (init) -> 530 (map).
[00:17:51] [Server thread/INFO] [FML/]: Injected new block/item jinryuujrmcore:tile.Colorable Stone Pattern4_11Fence: 591 (init) -> 591 (map).
[00:17:51] [Server thread/INFO] [FML/]: Injected new block/item jinryuujrmcore:tile.Colorable Stone Pattern5_15Slab: 643 (init) -> 643 (map).
[00:17:51] [Server thread/INFO] [FML/]: Injected new block/item jinryuujrmcore:tile.Colorable Stone Pattern3_2Fence: 518 (init) -> 518 (map).
[00:17:51] [Server thread/INFO] [FML/]: Injected new block/item jinryuudragonblockc:MahagonyFence: 741 (init) -> 741 (map).
[00:17:51] [Server thread/INFO] [FML/]: Injected new block/item jinryuujrmcore:tile.Colorable Stone Pattern5_9: 621 (init) -> 621 (map).
[00:17:51] [Server thread/INFO] [FML/]: Injected new block/item jinryuujrmcore:tile.Colorable Stone Pattern5_8: 620 (init) -> 620 (map).
[00:17:51] [Server thread/INFO] [FML/]: Injected new block/item jinryuujrmcore:tile.Colorable Stone Pattern4_14: 562 (init) -> 562 (map).
[00:17:51] [Server thread/INFO] [FML/]: Injected new block/item jinryuujrmcore:tile.Colorable Stone Pattern4_15: 563 (init) -> 563 (map).
[00:17:51] [Server thread/INFO] [FML/]: Injected new block/item jinryuujrmcore:tile.Colorable Stone Pattern1_9Stairs: 254 (init) -> 254 (map).
[00:17:51] [Server thread/INFO] [FML/]: Injected new block/item jinryuujrmcore:tile.Colorable Stone Pattern4_10: 558 (init) -> 558 (map).
[00:17:51] [Server thread/INFO] [FML/]: Injected new block/item jinryuujrmcore:tile.Colorable Stone Pattern4_11: 559 (init) -> 559 (map).
[00:17:51] [Server thread/INFO] [FML/]: Injected new block/item jinryuujrmcore:tile.Colorable Stone Pattern1_10Stairs: 255 (init) -> 255 (map).
[00:17:51] [Server thread/INFO] [FML/]: Injected new block/item jinryuujrmcore:tile.Colorable Stone Pattern4_12: 560 (init) -> 560 (map).
[00:17:51] [Server thread/INFO] [FML/]: Injected new block/item jinryuujrmcore:tile.Colorable Stone Pattern4_13: 561 (init) -> 561 (map).
[00:17:51] [Server thread/INFO] [FML/]: Injected new block/item jinryuujrmcore:tile.Colorable Stone Pattern4_7Slab: 571 (init) -> 571 (map).
[00:17:51] [Server thread/INFO] [FML/]: Injected new block/item jinryuujrmcore:tile.Colorable Stone Pattern5_7: 619 (init) -> 619 (map).
[00:17:51] [Server thread/INFO] [FML/]: Injected new block/item jinryuujrmcore:tile.Colorable Stone Pattern5_6: 618 (init) -> 618 (map).
[00:17:51] [Server thread/INFO] [FML/]: Injected new block/item jinryuujrmcore:tile.Colorable Stone Pattern5_5: 617 (init) -> 617 (map).
[00:17:51] [Server thread/INFO] [FML/]: Injected new block/item jinryuujrmcore:tile.Colorable Stone Pattern5_4: 616 (init) -> 616 (map).
[00:17:51] [Server thread/INFO] [FML/]: Injected new block/item jinryuujrmcore:tile.Colorable Stone Pattern5_3: 615 (init) -> 615 (map).
[00:17:51] [Server thread/INFO] [FML/]: Injected new block/item jinryuujrmcore:tile.Colorable Stone Pattern5_2: 614 (init) -> 614 (map).
[00:17:51] [Server thread/INFO] [FML/]: Injected new block/item jinryuujrmcore:tile.Colorable Stone Pattern5_1: 613 (init) -> 613 (map).
[00:17:51] [Server thread/INFO] [FML/]: Injected new block/item jinryuujrmcore:tile.Colorable Stone Pattern5_0: 612 (init) -> 612 (map).
[00:17:51] [Server thread/INFO] [FML/]: Injected new block/item jinryuujrmcore:tile.Colorable Stone Pattern4_13Slab: 577 (init) -> 577 (map).
[00:17:51] [Server thread/INFO] [FML/]: Injected new block/item jinryuujrmcore:tile.Colorable Stone Pattern1_3Stairs: 248 (init) -> 248 (map).
[00:17:51] [Server thread/INFO] [FML/]: Injected new block/item jinryuudragonblockc:tile.BlockDragonBall: 686 (init) -> 686 (map).
[00:17:51] [Server thread/INFO] [FML/]: Injected new block/item jinryuujrmcore:tile.Colorable Stone Pattern3_0Fence: 516 (init) -> 516 (map).
[00:17:51] [Server thread/INFO] [FML/]: Injected new block/item jinryuujrmcore:tile.Colorable Stone Pattern5_0Fence: 644 (init) -> 644 (map).
[00:17:51] [Server thread/INFO] [FML/]: Injected new block/item jinryuujrmcore:tile.Colorable Stone Pattern4_0Slab: 564 (init) -> 564 (map).
[00:17:51] [Server thread/INFO] [FML/]: Injected new block/item jinryuujrmcore:tile.Colorable Stone Pattern2_1Fence: 453 (init) -> 453 (map).
[00:17:51] [Server thread/INFO] [FML/]: Injected new block/item jinryuujrmcore:tile.Colorable Stone Pattern1_9Slab: 222 (init) -> 222 (map).
[00:17:51] [Server thread/INFO] [FML/]: Injected new block/item jinryuujrmcore:tile.Colorable Stone Pattern3_11Slab: 511 (init) -> 511 (map).
[00:17:51] [Server thread/INFO] [FML/]: Injected new block/item jinryuudragonblockc:tile.katchin_block0: 711 (init) -> 711 (map).
[00:17:51] [Server thread/INFO] [FML/]: Injected new block/item jinryuujrmcore:tile.Colorable Stone Pattern5_8Slab: 636 (init) -> 636 (map).
[00:17:51] [Server thread/INFO] [FML/]: Injected new block/item jinryuudragonblockc:SakuraPaperWall: 731 (init) -> 731 (map).
[00:17:51] [Server thread/INFO] [FML/]: Injected new block/item jinryuujrmcore:tile.Colorable Stone Pattern4_9: 557 (init) -> 557 (map).
[00:17:51] [Server thread/INFO] [FML/]: Injected new block/item jinryuujrmcore:tile.Colorable Stone Pattern5_0Stairs: 660 (init) -> 660 (map).
[00:17:51] [Server thread/INFO] [FML/]: Injected new block/item jinryuujrmcore:tile.Colorable Stone Pattern4_5Fence: 585 (init) -> 585 (map).
[00:17:51] [Server thread/INFO] [FML/]: Injected new block/item jinryuudragonblockc:tile.JJayore: 694 (init) -> 694 (map).
[00:17:51] [Server thread/INFO] [FML/]: Injected new block/item jinryuujrmcore:tile.Colorable Stone Pattern4_0: 548 (init) -> 548 (map).
[00:17:51] [Server thread/INFO] [FML/]: Injected new block/item jinryuujrmcore:tile.Colorable Stone Pattern2_15Fence: 467 (init) -> 467 (map).
[00:17:51] [Server thread/INFO] [FML/]: Injected new block/item jinryuudragonblockc:tile.BlockNamekLeaves: 692 (init) -> 692 (map).
[00:17:51] [Server thread/INFO] [FML/]: Injected new block/item jinryuudragonblockc:MahagonyStairs: 736 (init) -> 736 (map).
[00:17:51] [Server thread/INFO] [FML/]: Injected new block/item jinryuujrmcore:tile.Colorable Stone Pattern4_8: 556 (init) -> 556 (map).
[00:17:51] [Server thread/INFO] [FML/]: Injected new block/item jinryuujrmcore:tile.Colorable Stone Pattern4_7: 555 (init) -> 555 (map).
[00:17:51] [Server thread/INFO] [FML/]: Injected new block/item jinryuujrmcore:tile.Colorable Stone Pattern1_6Fence: 235 (init) -> 235 (map).
[00:17:51] [Server thread/INFO] [FML/]: Injected new block/item jinryuujrmcore:tile.Colorable Stone Pattern4_6: 554 (init) -> 554 (map).
[00:17:51] [Server thread/INFO] [FML/]: Injected new block/item jinryuujrmcore:tile.Colorable Stone Pattern4_5: 553 (init) -> 553 (map).
[00:17:51] [Server thread/INFO] [FML/]: Injected new block/item jinryuujrmcore:tile.Colorable Stone Pattern4_4: 552 (init) -> 552 (map).
[00:17:51] [Server thread/INFO] [FML/]: Injected new block/item jinryuujrmcore:tile.Colorable Stone Pattern4_3: 551 (init) -> 551 (map).
[00:17:51] [Server thread/INFO] [FML/]: Injected new block/item jinryuujrmcore:tile.Colorable Stone Pattern4_2: 550 (init) -> 550 (map).
[00:17:51] [Server thread/INFO] [FML/]: Injected new block/item jinryuujrmcore:tile.Colorable Stone Pattern4_1: 549 (init) -> 549 (map).
[00:17:51] [Server thread/INFO] [FML/]: Injected new block/item jinryuujrmcore:tile.Colorable Stone Pattern1_8Stairs: 253 (init) -> 253 (map).
[00:17:51] [Server thread/INFO] [FML/]: Injected new block/item jinryuujrmcore:tile.Colorable Stone Pattern2_9Slab: 445 (init) -> 445 (map).
[00:17:51] [Server thread/INFO] [FML/]: Injected new block/item ironfurnaces:iron_furnace_active: 168 (init) -> 168 (map).
[00:17:51] [Server thread/INFO] [FML/]: Injected new block/item jinryuujrmcore:tile.Colorable Stone Pattern5_1Stairs: 661 (init) -> 661 (map).
[00:17:51] [Server thread/INFO] [FML/]: Injected new block/item jinryuujrmcore:tile.Colorable Stone Pattern5_1Slab: 629 (init) -> 629 (map).
[00:17:51] [Server thread/INFO] [FML/]: Injected new block/item jinryuujrmcore:tile.Colorable Stone Pattern3_7Slab: 507 (init) -> 507 (map).
[00:17:51] [Server thread/INFO] [FML/]: Injected new block/item jinryuujrmcore:tile.Colorable Stone Pattern3_4Fence: 520 (init) -> 520 (map).
[00:17:51] [Server thread/INFO] [FML/]: Injected new block/item jinryuujrmcore:tile.stoneSingleSlab2: 194 (init) -> 194 (map).
[00:17:51] [Server thread/INFO] [FML/]: Injected new block/item jinryuujrmcore:tile.Colorable Stone Pattern2_6Stairs: 474 (init) -> 474 (map).
[00:17:51] [Server thread/INFO] [FML/]: Injected new block/item jinryuujrmcore:tile.Colorable Stone Pattern3_10Stairs: 542 (init) -> 542 (map).
[00:17:51] [Server thread/INFO] [FML/]: Injected new block/item jinryuujrmcore:tile.Colorable Stone Pattern1_2Stairs: 247 (init) -> 247 (map).
[00:17:51] [Server thread/INFO] [FML/]: Injected new block/item jinryuudragonblockc:SakuraFence: 740 (init) -> 740 (map).
[00:17:51] [Server thread/INFO] [FML/]: Injected new block/item jinryuujrmcore:tile.Colorable Stone Pattern1_8Fence: 237 (init) -> 237 (map).
[00:17:51] [Server thread/INFO] [FML/]: Injected new block/item jinryuujrmcore:tile.Colorable Stone Pattern1_5Stairs: 250 (init) -> 250 (map).
[00:17:51] [Server thread/INFO] [FML/]: Injected new block/item jinryuujrmcore:tile.Colorable Stone Pattern3_1: 485 (init) -> 485 (map).
[00:17:51] [Server thread/INFO] [FML/]: Injected new block/item jinryuujrmcore:tile.Colorable Stone Pattern3_0: 484 (init) -> 484 (map).
[00:17:51] [Server thread/INFO] [FML/]: Injected new block/item jinryuujrmcore:tile.Colorable Stone Pattern3_0Slab: 500 (init) -> 500 (map).
[00:17:51] [Server thread/INFO] [FML/]: Injected new block/item jinryuujrmcore:tile.Colorable Stone Pattern1_15Fence: 244 (init) -> 244 (map).
[00:17:51] [Server thread/INFO] [FML/]: Injected new block/item jinryuujrmcore:tile.Colorable Stone Pattern3_9: 493 (init) -> 493 (map).
[00:17:51] [Server thread/INFO] [FML/]: Injected new block/item jinryuujrmcore:tile.Colorable Stone Pattern3_9Slab: 509 (init) -> 509 (map).
[00:17:51] [Server thread/INFO] [FML/]: Injected new block/item jinryuujrmcore:tile.Colorable Stone Pattern3_8: 492 (init) -> 492 (map).
[00:17:51] [Server thread/INFO] [FML/]: Injected new block/item jinryuujrmcore:tile.Colorable Stone Pattern3_7: 491 (init) -> 491 (map).
[00:17:51] [Server thread/INFO] [FML/]: Injected new block/item jinryuujrmcore:tile.Colorable Stone Pattern3_6: 490 (init) -> 490 (map).
[00:17:51] [Server thread/INFO] [FML/]: Injected new block/item jinryuujrmcore:tile.Colorable Stone Pattern3_5: 489 (init) -> 489 (map).
[00:17:51] [Server thread/INFO] [FML/]: Injected new block/item jinryuujrmcore:tile.Colorable Stone Pattern3_9Fence: 525 (init) -> 525 (map).
[00:17:51] [Server thread/INFO] [FML/]: Injected new block/item jinryuujrmcore:tile.Colorable Stone Pattern3_4: 488 (init) -> 488 (map).
[00:17:51] [Server thread/INFO] [FML/]: Injected new block/item jinryuujrmcore:tile.Colorable Stone Pattern3_3: 487 (init) -> 487 (map).
[00:17:51] [Server thread/INFO] [FML/]: Injected new block/item jinryuujrmcore:tile.Colorable Stone Pattern3_2: 486 (init) -> 486 (map).
[00:17:51] [Server thread/INFO] [FML/]: Injected new block/item jinryuujrmcore:tile.Colorable Stone Pattern4_8Slab: 572 (init) -> 572 (map).
[00:17:51] [Server thread/INFO] [FML/]: Injected new block/item jinryuujrmcore:tile.Colorable Stone Pattern3_13: 497 (init) -> 497 (map).
[00:17:51] [Server thread/INFO] [FML/]: Injected new block/item jinryuujrmcore:tile.Colorable Stone Pattern3_14: 498 (init) -> 498 (map).
[00:17:51] [Server thread/INFO] [FML/]: Injected new block/item jinryuujrmcore:tile.Colorable Stone Pattern3_15: 499 (init) -> 499 (map).
[00:17:51] [Server thread/INFO] [FML/]: Injected new block/item jinryuujrmcore:tile.Colorable Stone Pattern1_13Fence: 242 (init) -> 242 (map).
[00:17:51] [Server thread/INFO] [FML/]: Injected new block/item jinryuujrmcore:tile.Colorable Stone Pattern2_8Stairs: 476 (init) -> 476 (map).
[00:17:51] [Server thread/INFO] [FML/]: Injected new block/item jinryuujrmcore:tile.Colorable Stone Pattern3_10: 494 (init) -> 494 (map).
[00:17:51] [Server thread/INFO] [FML/]: Injected new block/item jinryuujrmcore:tile.Colorable Stone Pattern3_11: 495 (init) -> 495 (map).
[00:17:51] [Server thread/INFO] [FML/]: Injected new block/item jinryuujrmcore:tile.Colorable Stone Pattern3_12: 496 (init) -> 496 (map).
[00:17:51] [Server thread/INFO] [FML/]: Injected new block/item jinryuujrmcore:tile.Colorable Stone Pattern3_12Stairs: 544 (init) -> 544 (map).
[00:17:51] [Server thread/INFO] [FML/]: Injected new block/item jinryuujrmcore:tile.Colorable Stone Pattern1_8Slab: 221 (init) -> 221 (map).
[00:17:51] [Server thread/INFO] [FML/]: Injected new block/item jinryuujrmcore:tile.Colorable Stone Pattern4_14Slab: 578 (init) -> 578 (map).
[00:17:51] [Server thread/INFO] [FML/]: Injected new block/item jinryuujrmcore:tile.Colorable Stone Pattern3_15Stairs: 547 (init) -> 547 (map).
[00:17:51] [Server thread/INFO] [FML/]: Injected new block/item jinryuujrmcore:tile.Colorable Stone Pattern4_7Fence: 587 (init) -> 587 (map).
[00:17:51] [Server thread/INFO] [FML/]: Injected new block/item jinryuudragonblockc:tile.katchin_block2: 713 (init) -> 713 (map).
[00:17:51] [Server thread/INFO] [FML/]: Injected new block/item jinryuudragonblockc:tile.katchin_block1: 712 (init) -> 712 (map).
[00:17:51] [Server thread/INFO] [FML/]: Injected new block/item jinryuudragonblockc:tile.JJayblock: 698 (init) -> 698 (map).
[00:17:51] [Server thread/INFO] [FML/]: Injected new block/item jinryuudragonblockc:tile.BlockNamekDragonBall: 684 (init) -> 684 (map).
[00:17:51] [Server thread/INFO] [FML/]: Injected new block/item jinryuujrmcore:tile.Colorable Stone Pattern2_11: 431 (init) -> 431 (map).
[00:17:51] [Server thread/INFO] [FML/]: Injected new block/item jinryuujrmcore:tile.Colorable Stone Pattern2_10: 430 (init) -> 430 (map).
[00:17:51] [Server thread/INFO] [FML/]: Injected new block/item jinryuujrmcore:tile.Colorable Stone Pattern2_15: 435 (init) -> 435 (map).
[00:17:51] [Server thread/INFO] [FML/]: Injected new block/item jinryuudragonblockc:tile.BlockCropMedMoss: 707 (init) -> 707 (map).
[00:17:51] [Server thread/INFO] [FML/]: Injected new block/item jinryuujrmcore:tile.Colorable Stone Pattern2_14: 434 (init) -> 434 (map).
[00:17:51] [Server thread/INFO] [FML/]: Injected new block/item jinryuujrmcore:tile.Colorable Stone Pattern1_4Stairs: 249 (init) -> 249 (map).
[00:17:51] [Server thread/INFO] [FML/]: Injected new block/item jinryuujrmcore:tile.Colorable Stone Pattern2_13: 433 (init) -> 433 (map).
[00:17:51] [Server thread/INFO] [FML/]: Injected new block/item jinryuujrmcore:tile.Colorable Stone Pattern2_12: 432 (init) -> 432 (map).
[00:17:51] [Server thread/INFO] [FML/]: Injected new block/item jinryuujrmcore:tile.Colorable Stone Pattern4_14Fence: 594 (init) -> 594 (map).
[00:17:51] [Server thread/INFO] [FML/]: Injected new block/item jinryuujrmcore:tile.Colorable Stone Pattern2_2: 416 (init) -> 416 (map).
[00:17:51] [Server thread/INFO] [FML/]: Injected new block/item jinryuujrmcore:tile.Colorable Stone Pattern3_12Slab: 512 (init) -> 512 (map).
[00:17:51] [Server thread/INFO] [FML/]: Injected new block/item jinryuujrmcore:tile.Colorable Stone Pattern2_1: 415 (init) -> 415 (map).
[00:17:51] [Server thread/INFO] [FML/]: Injected new block/item jinryuujrmcore:tile.Colorable Stone Pattern2_0: 414 (init) -> 414 (map).
[00:17:51] [Server thread/INFO] [FML/]: Injected new block/item jinryuudragonblockc:tile.ArtGravDevBlock: 706 (init) -> 706 (map).
[00:17:51] [Server thread/INFO] [FML/]: Injected new block/item jinryuujrmcore:tile.Colorable Stone Pattern5_9Slab: 637 (init) -> 637 (map).
[00:17:51] [Server thread/INFO] [FML/]: Injected new block/item jinryuujrmcore:tile.Colorable Stone Pattern2_9: 429 (init) -> 429 (map).
[00:17:51] [Server thread/INFO] [FML/]: Injected new block/item jinryuujrmcore:tile.Colorable Stone Pattern5_11Fence: 655 (init) -> 655 (map).
[00:17:51] [Server thread/INFO] [FML/]: Injected new block/item jinryuujrmcore:tile.Colorable Stone Pattern2_8: 428 (init) -> 428 (map).
[00:17:51] [Server thread/INFO] [FML/]: Injected new block/item jinryuujrmcore:tile.Colorable Stone Pattern3_12Fence: 528 (init) -> 528 (map).
[00:17:51] [Server thread/INFO] [FML/]: Injected new block/item jinryuujrmcore:tile.Colorable Stone Pattern2_7: 427 (init) -> 427 (map).
[00:17:51] [Server thread/INFO] [FML/]: Injected new block/item jinryuujrmcore:tile.Colorable Stone Pattern2_8Slab: 444 (init) -> 444 (map).
[00:17:51] [Server thread/INFO] [FML/]: Injected new block/item jinryuujrmcore:tile.Colorable Stone Pattern2_6: 426 (init) -> 426 (map).
[00:17:51] [Server thread/INFO] [FML/]: Injected new block/item jinryuujrmcore:tile.Colorable Stone Pattern5_0Slab: 628 (init) -> 628 (map).
[00:17:51] [Server thread/INFO] [FML/]: Injected new block/item jinryuujrmcore:tile.Colorable Stone Pattern2_5: 425 (init) -> 425 (map).
[00:17:51] [Server thread/INFO] [FML/]: Injected new block/item jinryuujrmcore:tile.Colorable Stone Pattern2_4: 424 (init) -> 424 (map).
[00:17:51] [Server thread/INFO] [FML/]: Injected new block/item jinryuujrmcore:tile.Colorable Stone Pattern2_3: 423 (init) -> 423 (map).
[00:17:51] [Server thread/INFO] [FML/]: Injected new block/item jinryuujrmcore:tile.Colorable Stone Pattern2_10Fence: 462 (init) -> 462 (map).
[00:17:51] [Server thread/INFO] [FML/]: Injected new block/item jinryuujrmcore:tile.Colorable Stone Pattern4_0Fence: 580 (init) -> 580 (map).
[00:17:51] [Server thread/INFO] [FML/]: Injected new block/item jinryuujrmcore:tile.Colorable Stone Pattern3_13Stairs: 545 (init) -> 545 (map).
[00:17:51] [Server thread/INFO] [FML/]: Injected new block/item jinryuujrmcore:tile.Colorable Stone Pattern2_9Stairs: 477 (init) -> 477 (map).
[00:17:51] [Server thread/INFO] [FML/]: Injected new block/item jinryuujrmcore:tile.Colorable Stone Pattern1_1Fence: 230 (init) -> 230 (map).
[00:17:51] [Server thread/INFO] [FML/]: Injected new block/item jinryuujrmcore:tile.Colorable Stone Pattern2_10Slab: 446 (init) -> 446 (map).
[00:17:51] [Server thread/INFO] [FML/]: Injected new block/item jinryuujrmcore:tile.Colorable Stone Pattern2_2Fence: 454 (init) -> 454 (map).
[00:17:51] [Server thread/INFO] [FML/]: Injected new block/item jinryuujrmcore:tile.Colorable Stone Pattern3_8Slab: 508 (init) -> 508 (map).
[00:17:51] [Server thread/INFO] [FML/]: Injected new block/item jinryuujrmcore:tile.Colorable Stone Pattern3_2Stairs: 534 (init) -> 534 (map).
[00:17:51] [Server thread/INFO] [FML/]: Injected new block/item lootplusplus:command_block_trigger: 186 (init) -> 186 (map).
[00:17:51] [Server thread/INFO] [FML/]: Injected new block/item jinryuujrmcore:tile.BlockFence: 191 (init) -> 191 (map).
[00:17:51] [Server thread/INFO] [FML/]: Injected new block/item jinryuudragonblockc:MahagonyPaperWall: 732 (init) -> 732 (map).
[00:17:51] [Server thread/INFO] [FML/]: Injected new block/item jinryuujrmcore:tile.Colorable Stone Pattern3_1Slab: 501 (init) -> 501 (map).
[00:17:51] [Server thread/INFO] [FML/]: Injected new block/item jinryuujrmcore:tile.Colorable Stone Pattern4_12Fence: 592 (init) -> 592 (map).
[00:17:51] [Server thread/INFO] [FML/]: Injected new block/item jinryuujrmcore:tile.Colorable Stone Pattern2_4Slab: 440 (init) -> 440 (map).
[00:17:51] [Server thread/INFO] [FML/]: Injected new block/item jinryuujrmcore:tile.Colorable Stone Pattern3_3Fence: 519 (init) -> 519 (map).
[00:17:51] [Server thread/INFO] [FML/]: Injected new block/item jinryuujrmcore:tile.Colorable Stone Pattern1_7Slab: 220 (init) -> 220 (map).
[00:17:51] [Server thread/INFO] [FML/]: Injected new block/item jinryuudragonblockc:Maples: 733 (init) -> 733 (map).
[00:17:51] [Server thread/INFO] [FML/]: Injected new block/item jinryuudragonblockc:Leaf: 744 (init) -> 744 (map).
[00:17:51] [Server thread/INFO] [FML/]: Injected new block/item jinryuujrmcore:tile.Colorable Stone Pattern4_4Fence: 584 (init) -> 584 (map).
[00:17:51] [Server thread/INFO] [FML/]: Injected new block/item lootplusplus:loot_chest: 184 (init) -> 184 (map).
[00:17:51] [Server thread/INFO] [FML/]: Injected new block/item jinryuujrmcore:tile.Colorable Stone Pattern3_13Fence: 529 (init) -> 529 (map).
[00:17:51] [Server thread/INFO] [FML/]: Injected new block/item jinryuujrmcore:tile.Colorable Stone Pattern2_15Slab: 451 (init) -> 451 (map).
[00:17:51] [Server thread/INFO] [FML/]: Injected new block/item jinryuujrmcore:tile.Colorable Stone Pattern3_10Slab: 510 (init) -> 510 (map).
[00:17:51] [Server thread/INFO] [FML/]: Injected new block/item jinryuujrmcore:tile.Colorable Stone Pattern1_6Stairs: 251 (init) -> 251 (map).
[00:17:51] [Server thread/INFO] [FML/]: Injected new block/item jinryuujrmcore:tile.Colorable Stone Pattern1_5Fence: 234 (init) -> 234 (map).
[00:17:51] [Server thread/INFO] [FML/]: Injected new block/item jinryuujrmcore:tile.Colorable Stone Pattern2_14Fence: 466 (init) -> 466 (map).
[00:17:51] [Server thread/INFO] [FML/]: Injected new block/item jinryuujrmcore:tile.Colorable Stone Pattern5_5Fence: 649 (init) -> 649 (map).
[00:17:51] [Server thread/INFO] [FML/]: Injected new block/item jinryuudragonblockc:tile.namekian_throneBlock: 710 (init) -> 710 (map).
[00:17:51] [Server thread/INFO] [FML/]: Injected new block/item jinryuudragonblockc:tile.BlockHealingPods: 702 (init) -> 702 (map).
[00:17:51] [Server thread/INFO] [FML/]: Injected new block/item adventurebackpack:blockCampFire: 167 (init) -> 167 (map).
[00:17:51] [Server thread/INFO] [FML/]: Injected new block/item jinryuudragonblockc:tile.BlockNamekGrass: 688 (init) -> 688 (map).
[00:17:51] [Server thread/INFO] [FML/]: Injected new block/item jinryuujrmcore:tile.Colorable Stone Pattern4_12Slab: 576 (init) -> 576 (map).
[00:17:51] [Server thread/INFO] [FML/]: Injected new block/item jinryuujrmcore:tile.Colorable Stone Pattern2_5Stairs: 473 (init) -> 473 (map).
[00:17:51] [Server thread/INFO] [FML/]: Injected new block/item jinryuujrmcore:tile.Colorable Stone Pattern1_12Fence: 241 (init) -> 241 (map).
[00:17:51] [Server thread/INFO] [FML/]: Injected new block/item jinryuujrmcore:tile.Colorable Stone Pattern2_6Fence: 458 (init) -> 458 (map).
[00:17:51] [Server thread/INFO] [FML/]: Injected new block/item jinryuudragonblockc:tile.BlockWildMedMoss: 708 (init) -> 708 (map).
[00:17:51] [Server thread/INFO] [FML/]: Injected new block/item jinryuujrmcore:tile.Colorable Stone Pattern1_1Stairs: 246 (init) -> 246 (map).
[00:17:51] [Server thread/INFO] [FML/]: Injected new block/item jinryuujrmcore:tile.Colorable Stone Pattern1_14Slab: 227 (init) -> 227 (map).
[00:17:51] [Server thread/INFO] [FML/]: Injected new block/item jinryuujrmcore:tile.Colorable Stone Pattern1_10: 207 (init) -> 207 (map).
[00:17:51] [Server thread/INFO] [FML/]: Injected new block/item adventurebackpack:blockBackpack: 165 (init) -> 165 (map).
[00:17:51] [Server thread/INFO] [FML/]: Injected new block/item jinryuujrmcore:tile.Colorable Stone Pattern1_14: 211 (init) -> 211 (map).
[00:17:51] [Server thread/INFO] [FML/]: Injected new block/item jinryuujrmcore:tile.Colorable Stone Pattern1_13: 210 (init) -> 210 (map).
[00:17:51] [Server thread/INFO] [FML/]: Injected new block/item jinryuudragonblockc:MahagonyFenceGate: 747 (init) -> 747 (map).
[00:17:51] [Server thread/INFO] [FML/]: Injected new block/item jinryuujrmcore:tile.Colorable Stone Pattern1_12: 209 (init) -> 209 (map).
[00:17:51] [Server thread/INFO] [FML/]: Injected new block/item jinryuujrmcore:tile.Colorable Stone Pattern1_11: 208 (init) -> 208 (map).
[00:17:51] [Server thread/INFO] [FML/]: Injected new block/item jinryuujrmcore:tile.Colorable Stone Pattern3_7Fence: 523 (init) -> 523 (map).
[00:17:51] [Server thread/INFO] [FML/]: Injected new block/item jinryuujrmcore:tile.Colorable Stone Pattern1_15: 212 (init) -> 212 (map).
[00:17:51] [Server thread/INFO] [FML/]: Injected new block/item jinryuujrmcore:tile.Colorable Stone Pattern5_14Slab: 642 (init) -> 642 (map).
[00:17:51] [Server thread/INFO] [FML/]: Injected new block/item jinryuujrmcore:tile.Colorable Stone Pattern4_5Slab: 569 (init) -> 569 (map).
[00:17:51] [Server thread/INFO] [FML/]: Injected new block/item jinryuujrmcore:tile.BlockFence2: 195 (init) -> 195 (map).
[00:17:51] [Server thread/INFO] [FML/]: Injected new block/item jinryuujrmcore:tile.Colorable Stone Pattern5_5Stairs: 665 (init) -> 665 (map).
[00:17:51] [Server thread/INFO] [FML/]: Injected new block/item jinryuudragonblockc:tile.kachi_katchin_block10: 724 (init) -> 724 (map).
[00:17:51] [Server thread/INFO] [FML/]: Injected new block/item jinryuujrmcore:tile.Colorable Stone Pattern2_0Stairs: 468 (init) -> 468 (map).
[00:17:51] [Server thread/INFO] [FML/]: Injected new block/item jinryuujrmcore:tile.BlockBorder: 677 (init) -> 677 (map).
[00:17:51] [Server thread/INFO] [FML/]: Injected new block/item jinryuujrmcore:tile.Colorable Stone Pattern4_8Fence: 588 (init) -> 588 (map).
[00:17:51] [Server thread/INFO] [FML/]: Injected new block/item jinryuujrmcore:tile.Colorable Stone Pattern5_14Fence: 658 (init) -> 658 (map).
[00:17:51] [Server thread/INFO] [FML/]: Injected new block/item jinryuujrmcore:tile.Colorable Stone Pattern4_6Slab: 570 (init) -> 570 (map).
[00:17:51] [Server thread/INFO] [FML/]: Injected new block/item jinryuujrmcore:tile.Colorable Stone Pattern5_8Fence: 652 (init) -> 652 (map).
[00:17:51] [Server thread/INFO] [FML/]: Injected new block/item lootplusplus:single_entity_spawner: 185 (init) -> 185 (map).
[00:17:51] [Server thread/INFO] [FML/]: Injected new block/item jinryuujrmcore:tile.Colorable Stone Pattern5_3Slab: 631 (init) -> 631 (map).
[00:17:51] [Server thread/INFO] [FML/]: Injected new block/item ironfurnaces:diamond_furnace_active: 178 (init) -> 178 (map).
[00:17:51] [Server thread/INFO] [FML/]: Injected new block/item jinryuujrmcore:tile.Colorable Stone Pattern2_15Stairs: 483 (init) -> 483 (map).
[00:17:51] [Server thread/INFO] [FML/]: Injected new block/item jinryuujrmcore:tile.Colorable Stone Pattern1_6Slab: 219 (init) -> 219 (map).
[00:17:51] [Server thread/INFO] [FML/]: Injected new block/item jinryuujrmcore:tile.Colorable Stone Pattern2_9Fence: 461 (init) -> 461 (map).
[00:17:51] [Server thread/INFO] [FML/]: Injected new block/item jinryuujrmcore:tile.Colorable Stone Pattern1_9Fence: 238 (init) -> 238 (map).
[00:17:51] [Server thread/INFO] [FML/]: Injected new block/item jinryuujrmcore:tile.Colorable Stone Pattern4_13Stairs: 609 (init) -> 609 (map).
[00:17:51] [Server thread/INFO] [FML/]: Injected new block/item ironfurnaces:crystal_furnace_active: 183 (init) -> 183 (map).
[00:17:51] [Server thread/INFO] [FML/]: Injected new block/item jinryuudragonblockc:tile.BlockNamekDragonBallStone: 683 (init) -> 683 (map).
[00:17:51] [Server thread/INFO] [FML/]: Injected new block/item jinryuudragonblockc:tile.Sapling: 693 (init) -> 693 (map).
[00:17:51] [Server thread/INFO] [FML/]: Injected new block/item jinryuudragonblockc:tile.SpacePod01Block: 704 (init) -> 704 (map).
[00:17:51] [Server thread/INFO] [FML/]: Injected new block/item jinryuujrmcore:tile.Colorable Stone Pattern4_1Stairs: 597 (init) -> 597 (map).
[00:17:51] [Server thread/INFO] [FML/]: Injected new block/item jinryuujrmcore:tile.Colorable Stone Pattern3_2Slab: 502 (init) -> 502 (map).
[00:17:51] [Server thread/INFO] [FML/]: Injected new block/item jinryuujrmcore:tile.Colorable Stone Pattern1_14Stairs: 412 (init) -> 412 (map).
[00:17:51] [Server thread/INFO] [FML/]: Injected new block/item jinryuujrmcore:tile.Colorable Stone Pattern2_5Slab: 441 (init) -> 441 (map).
[00:17:51] [Server thread/INFO] [FML/]: Injected new block/item jinryuujrmcore:tile.Colorable Stone Pattern1_0Slab: 213 (init) -> 213 (map).
[00:17:51] [Server thread/INFO] [FML/]: Injected new block/item jinryuujrmcore:tile.Colorable Stone Pattern3_10Fence: 526 (init) -> 526 (map).
[00:17:51] [Server thread/INFO] [FML/]: Injected new block/item jinryuujrmcore:tile.Colorable Stone Pattern3_9Stairs: 541 (init) -> 541 (map).
[00:17:51] [Server thread/INFO] [FML/]: Injected new block/item jinryuujrmcore:tile.Colorable Stone Pattern4_11Slab: 575 (init) -> 575 (map).
[00:17:51] [Server thread/INFO] [FML/]: Injected new block/item jinryuujrmcore:tile.Colorable Stone Pattern5_14Stairs: 674 (init) -> 674 (map).
[00:17:51] [Server thread/INFO] [FML/]: Injected new block/item jinryuudragonblockc:Slab: 738 (init) -> 738 (map).
[00:17:51] [Server thread/INFO] [FML/]: Injected new block/item jinryuujrmcore:tile.Colorable Stone Pattern3_7Stairs: 539 (init) -> 539 (map).
[00:17:51] [Server thread/INFO] [FML/]: Injected new block/item jinryuudragonblockc:tile.BlockHealingPodDoor: 703 (init) -> 703 (map).
[00:17:51] [Server thread/INFO] [FML/]: Injected new block/item jinryuujrmcore:tile.Colorable Stone Pattern3_6Fence: 522 (init) -> 522 (map).
[00:17:51] [Server thread/INFO] [FML/]: Injected new block/item jinryuudragonblockc:MapleFence: 742 (init) -> 742 (map).
[00:17:51] [Server thread/INFO] [FML/]: Injected new block/item jinryuujrmcore:tile.Colorable Stone Pattern5_3Stairs: 663 (init) -> 663 (map).
[00:17:51] [Server thread/INFO] [FML/]: Injected new block/item jinryuujrmcore:tile.Colorable Stone Pattern5_13Slab: 641 (init) -> 641 (map).
[00:17:51] [Server thread/INFO] [FML/]: Injected new block/item jinryuujrmcore:tile.Colorable Stone Pattern4_3Fence: 583 (init) -> 583 (map).
[00:17:51] [Server thread/INFO] [FML/]: Injected new block/item jinryuujrmcore:tile.Colorable Stone Pattern2_3Stairs: 471 (init) -> 471 (map).
[00:17:51] [Server thread/INFO] [FML/]: Injected new block/item jinryuujrmcore:tile.Colorable Stone Pattern4_11Stairs: 607 (init) -> 607 (map).
[00:17:51] [Server thread/INFO] [FML/]: Injected new block/item jinryuujrmcore:tile.Colorable Stone Pattern1_12Stairs: 410 (init) -> 410 (map).
[00:17:51] [Server thread/INFO] [FML/]: Injected new block/item jinryuujrmcore:tile.Colorable Stone Pattern5_1Fence: 645 (init) -> 645 (map).
[00:17:51] [Server thread/INFO] [FML/]: Injected new block/item jinryuujrmcore:tile.stoneSingleSlab: 190 (init) -> 190 (map).
[00:17:51] [Server thread/INFO] [FML/]: Injected new block/item jinryuujrmcore:tile.Colorable Stone Pattern1_15Slab: 228 (init) -> 228 (map).
[00:17:51] [Server thread/INFO] [FML/]: Injected new block/item jinryuudragonblockc:tile.kachi_katchin_block15: 729 (init) -> 729 (map).
[00:17:51] [Server thread/INFO] [FML/]: Injected new block/item jinryuujrmcore:tile.Colorable Stone Pattern1_4Fence: 233 (init) -> 233 (map).
[00:17:51] [Server thread/INFO] [FML/]: Injected new block/item jinryuujrmcore:tile.Colorable Stone Pattern1_11Fence: 240 (init) -> 240 (map).
[00:17:51] [Server thread/INFO] [FML/]: Injected new block/item jinryuudragonblockc:tile.kachi_katchin_block11: 725 (init) -> 725 (map).
[00:17:51] [Server thread/INFO] [FML/]: Injected new block/item jinryuudragonblockc:tile.kachi_katchin_block12: 726 (init) -> 726 (map).
[00:17:51] [Server thread/INFO] [FML/]: Injected new block/item jinryuudragonblockc:tile.kachi_katchin_block13: 727 (init) -> 727 (map).
[00:17:51] [Server thread/INFO] [FML/]: Injected new block/item jinryuujrmcore:tile.Colorable Stone Pattern5_2Slab: 630 (init) -> 630 (map).
[00:17:51] [Server thread/INFO] [FML/]: Injected new block/item jinryuudragonblockc:tile.kachi_katchin_block14: 728 (init) -> 728 (map).
[00:17:51] [Server thread/INFO] [FML/]: Injected new block/item jinryuujrmcore:tile.Colorable Stone Pattern1_2Fence: 231 (init) -> 231 (map).
[00:17:51] [Server thread/INFO] [FML/]: Injected new block/item jinryuujrmcore:tile.Colorable Stone Pattern2_2Slab: 438 (init) -> 438 (map).
[00:17:51] [Server thread/INFO] [FML/]: Injected new block/item jinryuujrmcore:tile.Colorable Stone Pattern5_2Fence: 646 (init) -> 646 (map).
[00:17:51] [Server thread/INFO] [FML/]: Injected new block/item jinryuudragonblockc:Sapling: 745 (init) -> 745 (map).
[00:17:51] [Server thread/INFO] [FML/]: Injected new block/item jinryuudragonblockc:SakuraFenceGate: 746 (init) -> 746 (map).
[00:17:51] [Server thread/INFO] [FML/]: Injected new block/item jinryuujrmcore:tile.Colorable Stone Pattern1_5Slab: 218 (init) -> 218 (map).
[00:17:51] [Server thread/INFO] [FML/]: Injected new block/item jinryuujrmcore:tile.Colorable Stone Pattern5_4Slab: 632 (init) -> 632 (map).
[00:17:51] [Server thread/INFO] [FML/]: Injected new block/item jinryuujrmcore:tile.Colorable Stone Pattern2_3Fence: 455 (init) -> 455 (map).
[00:17:51] [Server thread/INFO] [FML/]: Injected new block/item jinryuujrmcore:tile.Colorable Stone Pattern4_3Stairs: 599 (init) -> 599 (map).
[00:17:51] [Server thread/INFO] [FML/]: Injected new block/item jinryuujrmcore:tile.Colorable Stone Pattern3_5Stairs: 537 (init) -> 537 (map).
[00:17:51] [Server thread/INFO] [FML/]: Injected new block/item jinryuujrmcore:tile.Colorable Stone Pattern5_12Stairs: 672 (init) -> 672 (map).
[00:17:51] [Server thread/INFO] [FML/]: Injected new block/item jinryuujrmcore:tile.Colorable Stone Pattern5_6Stairs: 666 (init) -> 666 (map).
[00:17:51] [Server thread/INFO] [FML/]: Injected new block/item jinryuujrmcore:tile.Colorable Stone Pattern2_13Slab: 449 (init) -> 449 (map).
[00:17:51] [Server thread/INFO] [FML/]: Injected new block/item jinryuujrmcore:tile.Colorable Stone Pattern1_1Slab: 214 (init) -> 214 (map).
[00:17:51] [Server thread/INFO] [FML/]: Injected new block/item jinryuujrmcore:tile.Colorable Stone Pattern1_0Fence: 229 (init) -> 229 (map).
[00:17:51] [Server thread/INFO] [FML/]: Injected new block/item jinryuujrmcore:tile.Colorable Stone Pattern4_1Fence: 581 (init) -> 581 (map).
[00:17:51] [Server thread/INFO] [FML/]: Injected new block/item jinryuujrmcore:tile.Colorable Stone Pattern5_10Fence: 654 (init) -> 654 (map).
[00:17:51] [Server thread/INFO] [FML/]: Injected new block/item jinryuujrmcore:tile.BlockColoredStone: 189 (init) -> 189 (map).
[00:17:51] [Server thread/INFO] [FML/]: Injected new block/item jinryuujrmcore:tile.Colorable Stone Pattern2_1Stairs: 469 (init) -> 469 (map).
[00:17:51] [Server thread/INFO] [FML/]: Injected new block/item jinryuujrmcore:tile.Colorable Stone Pattern3_3Slab: 503 (init) -> 503 (map).
[00:17:51] [Server thread/INFO] [FML/]: Injected new block/item jinryuujrmcore:tile.Colorable Stone Pattern1_15Stairs: 413 (init) -> 413 (map).
[00:17:51] [Server thread/INFO] [FML/]: Injected new block/item jinryuujrmcore:tile.Colorable Stone Pattern4_15Stairs: 611 (init) -> 611 (map).
[00:17:51] [Server thread/INFO] [FML/]: Injected new block/item jinryuujrmcore:tile.Colorable Stone Pattern2_14Stairs: 482 (init) -> 482 (map).
[00:17:51] [Server thread/INFO] [FML/]: Injected new block/item jinryuudragonblockc:Sakura_Block: 730 (init) -> 730 (map).
[00:17:51] [Server thread/INFO] [FML/]: Injected new block/item jinryuujrmcore:tile.Colorable Stone Pattern4_2Stairs: 598 (init) -> 598 (map).
[00:17:51] [Server thread/INFO] [FML/]: Injected new block/item jinryuujrmcore:tile.Colorable Stone Pattern1_12Slab: 225 (init) -> 225 (map).
[00:17:51] [Server thread/INFO] [FML/]: Injected new block/item jinryuujrmcore:tile.Colorable Stone Pattern5_12Slab: 640 (init) -> 640 (map).
[00:17:51] [Server thread/INFO] [FML/]: Injected new block/item jinryuudragonblockc:tile.BlockNamekLog: 689 (init) -> 689 (map).
[00:17:51] [Server thread/INFO] [FML/]: Injected new block/item jinryuujrmcore:tile.Colorable Stone Pattern4_8Stairs: 604 (init) -> 604 (map).
[00:17:51] [Server thread/INFO] [FML/]: Injected new block/item jinryuudragonblockc:tile.Dnomaidblock: 701 (init) -> 701 (map).
[00:17:51] [Server thread/INFO] [FML/]: Injected new block/item jinryuujrmcore:tile.BlockStairs2: 196 (init) -> 196 (map).
[00:17:51] [Server thread/INFO] [FML/]: Injected new block/item jinryuujrmcore:tile.Colorable Stone Pattern2_13Stairs: 481 (init) -> 481 (map).
[00:17:51] [Server thread/INFO] [FML/]: Injected new block/item jinryuujrmcore:tile.Colorable Stone Pattern5_15Fence: 659 (init) -> 659 (map).
[00:17:51] [Server thread/INFO] [FML/]: Injected new block/item jinryuujrmcore:tile.Colorable Stone Pattern1_2Slab: 215 (init) -> 215 (map).
[00:17:51] [Server thread/INFO] [FML/]: Injected new block/item jinryuujrmcore:tile.Colorable Stone Pattern4_3Slab: 567 (init) -> 567 (map).
[00:17:51] [Server thread/INFO] [FML/]: Injected new block/item jinryuujrmcore:tile.Colorable Stone Pattern4_14Stairs: 610 (init) -> 610 (map).
[00:17:51] [Server thread/INFO] [FML/]: Injected new block/item jinryuujrmcore:tile.Colorable Stone Pattern5_12Fence: 656 (init) -> 656 (map).
[00:17:51] [Server thread/INFO] [FML/]: Injected new block/item jinryuujrmcore:tile.Colorable Stone Pattern4_13Fence: 593 (init) -> 593 (map).
[00:17:51] [Server thread/INFO] [FML/]: Injected new block/item jinryuudragonblockc:tile.kachi_katchin_block9: 723 (init) -> 723 (map).
[00:17:51] [Server thread/INFO] [FML/]: Injected new block/item jinryuujrmcore:tile.Colorable Stone Pattern3_4Stairs: 536 (init) -> 536 (map).
[00:17:51] [Server thread/INFO] [FML/]: Injected new block/item jinryuudragonblockc:tile.kachi_katchin_block8: 722 (init) -> 722 (map).
[00:17:51] [Server thread/INFO] [FML/]: Injected new block/item jinryuujrmcore:tile.Colorable Stone Pattern4_9Stairs: 605 (init) -> 605 (map).
[00:17:51] [Server thread/INFO] [FML/]: Injected new block/item jinryuujrmcore:tile.Colorable Stone Pattern5_11Stairs: 671 (init) -> 671 (map).
[00:17:51] [Server thread/INFO] [FML/]: Injected new block/item jinryuujrmcore:tile.Colorable Stone Pattern3_15Slab: 515 (init) -> 515 (map).
[00:17:51] [Server thread/INFO] [FML/]: Injected new block/item jinryuujrmcore:tile.Colorable Stone Pattern4_10Slab: 574 (init) -> 574 (map).
[00:17:51] [Server thread/INFO] [FML/]: Injected new block/item jinryuujrmcore:tile.Colorable Stone Pattern5_7Stairs: 667 (init) -> 667 (map).
[00:17:51] [Server thread/INFO] [FML/]: Injected new block/item jinryuudragonblockc:tile.kachi_katchin_block1: 715 (init) -> 715 (map).
[00:17:51] [Server thread/INFO] [FML/]: Injected new block/item jinryuudragonblockc:tile.kachi_katchin_block0: 714 (init) -> 714 (map).
[00:17:51] [Server thread/INFO] [FML/]: Injected new block/item jinryuudragonblockc:tile.kachi_katchin_block3: 717 (init) -> 717 (map).
[00:17:51] [Server thread/INFO] [FML/]: Injected new block/item jinryuudragonblockc:tile.kachi_katchin_block2: 716 (init) -> 716 (map).
[00:17:51] [Server thread/INFO] [FML/]: Injected new block/item jinryuudragonblockc:tile.kachi_katchin_block5: 719 (init) -> 719 (map).
[00:17:51] [Server thread/INFO] [FML/]: Injected new block/item jinryuudragonblockc:tile.kachi_katchin_block4: 718 (init) -> 718 (map).
[00:17:51] [Server thread/INFO] [FML/]: Injected new block/item jinryuudragonblockc:tile.kachi_katchin_block7: 721 (init) -> 721 (map).
[00:17:51] [Server thread/INFO] [FML/]: Injected new block/item jinryuudragonblockc:tile.kachi_katchin_block6: 720 (init) -> 720 (map).
[00:17:51] [Server thread/INFO] [FML/]: Injected new block/item jinryuujrmcore:tile.Colorable Stone Pattern4_7Stairs: 603 (init) -> 603 (map).
[00:17:51] [Server thread/INFO] [FML/]: Injected new block/item jinryuudragonblockc:tile.BlockYellowCloud: 680 (init) -> 680 (map).
[00:17:51] [Server thread/INFO] [FML/]: Injected new block/item jinryuujrmcore:tile.Colorable Stone Pattern2_11Fence: 463 (init) -> 463 (map).
[00:17:51] [Server thread/INFO] [FML/]: Injected new block/item jinryuujrmcore:tile.Colorable Stone Pattern2_12Stairs: 480 (init) -> 480 (map).
[00:17:51] [Server thread/INFO] [FML/]: Injected new block/item jinryuujrmcore:tile.Colorable Stone Pattern3_8Fence: 524 (init) -> 524 (map).
[00:17:51] [Server thread/INFO] [FML/]: Injected new block/item jinryuujrmcore:tile.Colorable Stone Pattern2_3Slab: 439 (init) -> 439 (map).
[00:17:51] [Server thread/INFO] [FML/]: Injected new block/item jinryuudragonblockc:tile.Dlogblock: 699 (init) -> 699 (map).
[00:17:51] [Server thread/INFO] [FML/]: Injected new block/item jinryuudragonblockc:tile.BlockNamekDirt: 690 (init) -> 690 (map).
[00:17:51] [Server thread/INFO] [FML/]: Injected new block/item jinryuujrmcore:tile.Colorable Stone Pattern5_8Stairs: 668 (init) -> 668 (map).
[00:17:51] [Server thread/INFO] [FML/]: Injected new block/item jinryuujrmcore:tile.Colorable Stone Pattern5_9Fence: 653 (init) -> 653 (map).
[00:17:51] [Server thread/INFO] [FML/]: Injected new block/item jinryuujrmcore:tile.Colorable Stone Pattern5_5Slab: 633 (init) -> 633 (map).
[00:17:51] [Server thread/INFO] [FML/]: Injected new block/item jinryuujrmcore:tile.Colorable Stone Pattern3_3Stairs: 535 (init) -> 535 (map).
[00:17:51] [Server thread/INFO] [FML/]: Injected new block/item jinryuujrmcore:tile.Colorable Stone Pattern2_14Slab: 450 (init) -> 450 (map).
[00:17:51] [Server thread/INFO] [FML/]: Injected new block/item lootplusplus:barrier: 188 (init) -> 188 (map).
[00:17:51] [Server thread/INFO] [FML/]: Injected new block/item jinryuujrmcore:tile.Colorable Stone Pattern4_4Stairs: 600 (init) -> 600 (map).
[00:17:51] [Server thread/INFO] [FML/]: Injected new block/item jinryuujrmcore:tile.Colorable Stone Pattern4_5Stairs: 601 (init) -> 601 (map).
[00:17:51] [Server thread/INFO] [FML/]: Injected new block/item jinryuujrmcore:tile.Colorable Stone Pattern5_11Slab: 639 (init) -> 639 (map).
[00:17:51] [Server thread/INFO] [FML/]: Injected new block/item jinryuujrmcore:tile.Colorable Stone Pattern2_5Fence: 457 (init) -> 457 (map).
[00:17:51] [Server thread/INFO] [FML/]: Injected new block/item jinryuujrmcore:tile.Colorable Stone Pattern3_4Slab: 504 (init) -> 504 (map).
[00:17:51] [Server thread/INFO] [FML/]: Injected new block/item jinryuujrmcore:tile.Colorable Stone Pattern2_10Stairs: 478 (init) -> 478 (map).
[00:17:51] [Server thread/INFO] [FML/]: Injected new block/item jinryuudragonblockc:tile.BlockAlienCobbleStone: 682 (init) -> 682 (map).
[00:17:51] [Server thread/INFO] [FML/]: Injected new block/item ironfurnaces:gold_furnace_active: 176 (init) -> 176 (map).
[00:17:51] [Server thread/INFO] [FML/]: Injected new block/item jinryuujrmcore:tile.Colorable Stone Pattern4_15Fence: 595 (init) -> 595 (map).
[00:17:51] [Server thread/INFO] [FML/]: Injected new block/item jinryuujrmcore:tile.Colorable Stone Pattern3_0Stairs: 532 (init) -> 532 (map).
[00:17:51] [Server thread/INFO] [FML/]: Injected new block/item jinryuujrmcore:tile.Colorable Stone Pattern4_6Stairs: 602 (init) -> 602 (map).
[00:17:51] [Server thread/INFO] [FML/]: Injected new block/item jinryuujrmcore:tile.Colorable Stone Pattern3_1Stairs: 533 (init) -> 533 (map).
[00:17:51] [Server thread/INFO] [FML/]: Injected new block/item jinryuujrmcore:tile.Colorable Stone Pattern4_6Fence: 586 (init) -> 586 (map).
[00:17:51] [Server thread/INFO] [FML/]: Injected new block/item jinryuujrmcore:tile.Colorable Stone Pattern1_13Slab: 226 (init) -> 226 (map).
[00:17:51] [Server thread/INFO] [FML/]: Injected new block/item jinryuujrmcore:tile.Colorable Stone Pattern1_3Slab: 216 (init) -> 216 (map).
[00:17:51] [Server thread/INFO] [FML/]: Injected new block/item jinryuudragonblockc:tile.Lehnoriblock: 700 (init) -> 700 (map).
[00:17:51] [Server thread/INFO] [FML/]: Injected new block/item jinryuudragonblockc:tile.BlockDragonBallStone: 685 (init) -> 685 (map).
[00:17:51] [Server thread/INFO] [FML/]: Injected new block/item jinryuujrmcore:tile.Colorable Stone Pattern1_7Fence: 236 (init) -> 236 (map).
[00:17:51] [Server thread/INFO] [FML/]: Injected new block/item jinryuujrmcore:tile.Colorable Stone Pattern4_4Slab: 568 (init) -> 568 (map).
[00:17:51] [Server thread/INFO] [FML/]: Injected new block/item lootplusplus:command_trigger_block: 187 (init) -> 187 (map).
[00:17:51] [Server thread/INFO] [FML/]: Injected new block/item jinryuudragonblockc:tile.BlockOreWrenai: 687 (init) -> 687 (map).
[00:17:51] [Server thread/INFO] [FML/]: Injected new block/item jinryuujrmcore:tile.Colorable Stone Pattern5_4Fence: 648 (init) -> 648 (map).
[00:17:51] [Server thread/INFO] [FML/]: Injected new block/item jinryuujrmcore:tile.Colorable Stone Pattern1_14Fence: 243 (init) -> 243 (map).
[00:17:51] [Server thread/INFO] [FML/]: Injected new block/item jinryuudragonblockc:majinbuuBoots: 4196 (init) -> 4196 (map).
[00:17:51] [Server thread/INFO] [FML/]: Injected new block/item jinryuudragonblockc:orintempChest: 4247 (init) -> 4247 (map).
[00:17:51] [Server thread/INFO] [FML/]: Injected new block/item jinryuujrmcore:tile.Colorable Stone Pattern4_2Fence: 582 (init) -> 582 (map).
[00:17:51] [Server thread/INFO] [FML/]: Injected new block/item jinryuudragonblockc:MapleStairs: 737 (init) -> 737 (map).
[00:17:51] [Server thread/INFO] [FML/]: Injected new block/item jinryuudragonblockc:yamchaBoots: 4260 (init) -> 4260 (map).
[00:17:51] [Server thread/INFO] [FML/]: Injected new block/item jinryuudragonblockc:JinLeg: 4411 (init) -> 4411 (map).
[00:17:51] [Server thread/INFO] [FML/]: Injected new block/item jinryuujrmcore:tile.Colorable Stone Pattern1_3Fence: 232 (init) -> 232 (map).
[00:17:51] [Server thread/INFO] [FML/]: Injected new block/item jinryuudragonblockc:SakuraStairs: 735 (init) -> 735 (map).
[00:17:51] [Server thread/INFO] [FML/]: Injected new block/item jinryuudragonblockc:Sakura_Hammer: 4446 (init) -> 4446 (map).
[00:17:51] [Server thread/INFO] [FML/]: Injected new block/item jinryuudragonblockc:GiFutureBoots0: 4406 (init) -> 4406 (map).
[00:17:51] [Server thread/INFO] [FML/]: Injected new block/item jinryuudragonblockc:PinkScouterb: 4427 (init) -> 4427 (map).
[00:17:51] [Server thread/INFO] [FML/]: Injected new block/item jinryuudragonblockc:PinkScoutera: 4421 (init) -> 4421 (map).
[00:17:51] [Server thread/INFO] [FML/]: Injected new block/item jinryuudragonblockc:gi1: 4341 (init) -> 4341 (map).
[00:17:51] [Server thread/INFO] [FML/]: Injected new block/item jinryuudragonblockc:gi2: 4342 (init) -> 4342 (map).
[00:17:51] [Server thread/INFO] [FML/]: Injected new block/item jinryuudragonblockc:tile.ppBlock: 709 (init) -> 709 (map).
[00:17:51] [Server thread/INFO] [FML/]: Injected new block/item jinryuudragonblockc:DoubleSlab: 739 (init) -> 739 (map).
[00:17:51] [Server thread/INFO] [FML/]: Injected new block/item jinryuudragonblockc:gi0: 4340 (init) -> 4340 (map).
[00:17:51] [Server thread/INFO] [FML/]: Injected new block/item jinryuudragonblockc:DlogBoots: 4161 (init) -> 4161 (map).
[00:17:51] [Server thread/INFO] [FML/]: Injected new block/item ironfurnaces:crystal_furnace: 182 (init) -> 182 (map).
[00:17:51] [Server thread/INFO] [FML/]: Injected new block/item jinryuudragonblockc:SpacePod01Item: 4118 (init) -> 4118 (map).
[00:17:51] [Server thread/INFO] [FML/]: Injected new block/item jinryuudragonblockc:lordslugLeg: 4242 (init) -> 4242 (map).
[00:17:51] [Server thread/INFO] [FML/]: Injected new block/item jinryuujrmcore:tile.BlockColoredStone2: 193 (init) -> 193 (map).
[00:17:51] [Server thread/INFO] [FML/]: Injected new block/item jinryuujrmcore:tile.Colorable Stone Pattern2_4Stairs: 472 (init) -> 472 (map).
[00:17:51] [Server thread/INFO] [FML/]: Injected new block/item jinryuujrmcore:tile.Colorable Stone Pattern1_10Slab: 223 (init) -> 223 (map).
[00:17:51] [Server thread/INFO] [FML/]: Injected new block/item jinryuudragonblockc:Mahagony_Shovel: 4449 (init) -> 4449 (map).
[00:17:51] [Server thread/INFO] [FML/]: Injected new block/item jinryuujrmcore:tile.Colorable Stone Pattern5_9Stairs: 669 (init) -> 669 (map).
[00:17:51] [Server thread/INFO] [FML/]: Injected new block/item jinryuudragonblockc:brolyBoots: 4231 (init) -> 4231 (map).
[00:17:51] [Server thread/INFO] [FML/]: Injected new block/item jinryuujrmcore:tile.Colorable Stone Pattern3_11Fence: 527 (init) -> 527 (map).
[00:17:51] [Server thread/INFO] [FML/]: Injected new block/item jinryuujrmcore:tile.Colorable Stone Pattern4_1Slab: 565 (init) -> 565 (map).
[00:17:51] [Server thread/INFO] [FML/]: Injected new block/item jinryuujrmcore:tile.Colorable Stone Pattern2_7Slab: 443 (init) -> 443 (map).
[00:17:51] [Server thread/INFO] [FML/]: Injected new block/item jinryuudragonblockc:tile.Dlogore: 695 (init) -> 695 (map).
[00:17:51] [Server thread/INFO] [FML/]: Injected new block/item jinryuujrmcore:tile.Colorable Stone Pattern1_7Stairs: 252 (init) -> 252 (map).
[00:17:51] [Server thread/INFO] [FML/]: Injected new block/item jinryuudragonblockc:c18Leg: 4178 (init) -> 4178 (map).
[00:17:51] [Server thread/INFO] [FML/]: Injected new block/item jinryuujrmcore:tile.Colorable Stone Pattern3_5Slab: 505 (init) -> 505 (map).
[00:17:51] [Server thread/INFO] [FML/]: Injected new block/item jinryuujrmcore:tile.Colorable Stone Pattern3_13Slab: 513 (init) -> 513 (map).
[00:17:51] [Server thread/INFO] [FML/]: Injected new block/item jinryuudragonblockc:tile.BlockTCFloor: 679 (init) -> 679 (map).
[00:17:51] [Server thread/INFO] [FML/]: Injected new block/item jinryuujrmcore:tile.Colorable Stone Pattern2_0Fence: 452 (init) -> 452 (map).
[00:17:51] [Server thread/INFO] [FML/]: Injected new block/item jinryuudragonblockc:c18sLeg: 4295 (init) -> 4295 (map).
[00:17:51] [Server thread/INFO] [FML/]: Injected new block/item jinryuudragonblockc:tile.Lehnoriore: 696 (init) -> 696 (map).
[00:17:51] [Server thread/INFO] [FML/]: Injected new block/item jinryuujrmcore:tile.Colorable Stone Pattern4_10Stairs: 606 (init) -> 606 (map).
[00:17:51] [Server thread/INFO] [FML/]: Injected new block/item jinryuudragonblockc:Planks: 734 (init) -> 734 (map).
[00:17:51] [Server thread/INFO] [FML/]: Injected new block/item jinryuudragonblockc:DlogPick: 4148 (init) -> 4148 (map).
[00:17:51] [Server thread/INFO] [FML/]: Injected new block/item jinryuujrmcore:tile.Colorable Stone Pattern2_8Fence: 460 (init) -> 460 (map).
[00:17:51] [Server thread/INFO] [FML/]: Injected new block/item jinryuudragonblockc:fusiondBoots: 4228 (init) -> 4228 (map).
[00:17:51] [Server thread/INFO] [FML/]: Injected new block/item jinryuudragonblockc:genblueBoots: 4205 (init) -> 4205 (map).
[00:17:51] [Server thread/INFO] [FML/]: Injected new block/item jinryuujrmcore:tile.Colorable Stone Pattern4_9Fence: 589 (init) -> 589 (map).
[00:17:51] [Server thread/INFO] [FML/]: Injected new block/item jinryuudragonblockc:GiNamekLeg0: 4402 (init) -> 4402 (map).
[00:17:51] [Server thread/INFO] [FML/]: Injected new block/item jinryuudragonblockc:blackBoots: 4225 (init) -> 4225 (map).
[00:17:51] [Server thread/INFO] [FML/]: Injected new block/item jinryuujrmcore:tile.Colorable Stone Pattern5_6Fence: 650 (init) -> 650 (map).
[00:17:51] [Server thread/INFO] [FML/]: Injected new block/item jinryuujrmcore:tile.Colorable Stone Pattern3_6Stairs: 538 (init) -> 538 (map).
[00:17:51] [Server thread/INFO] [FML/]: Injected new block/item jinryuudragonblockc:tile.SaibaiHatched: 705 (init) -> 705 (map).
[00:17:51] [Server thread/INFO] [FML/]: Injected new block/item jinryuujrmcore:tile.Colorable Stone Pattern5_13Stairs: 673 (init) -> 673 (map).
[00:17:51] [Server thread/INFO] [FML/]: Injected new block/item jinryuudragonblockc:tile.BlockAlienStone: 681 (init) -> 681 (map).
[00:17:51] [Server thread/INFO] [FML/]: Injected new block/item jinryuujrmcore:tile.Colorable Stone Pattern2_7Fence: 459 (init) -> 459 (map).
[00:17:51] [Server thread/INFO] [FML/]: Injected new block/item jinryuudragonblockc:c18Chest: 4177 (init) -> 4177 (map).
[00:17:51] [Server thread/INFO] [FML/]: Injected new block/item jinryuudragonblockc:ItemSenzu: 4123 (init) -> 4123 (map).
[00:17:51] [Server thread/INFO] [FML/]: Injected new block/item adventurebackpack:blockSleepingBag: 166 (init) -> 166 (map).
[00:17:51] [Server thread/INFO] [FML/]: Injected new block/item jinryuudragonblockc:DnomaidPick: 4149 (init) -> 4149 (map).
[00:17:51] [Server thread/INFO] [FML/]: Injected new block/item jinryuudragonblockc:c18-2Chest: 4300 (init) -> 4300 (map).
[00:17:51] [Server thread/INFO] [FML/]: Injected new block/item jinryuujrmcore:tile.Colorable Stone Pattern1_11Slab: 224 (init) -> 224 (map).
[00:17:51] [Server thread/INFO] [FML/]: Injected new block/item jinryuudragonblockc:c17Chest: 4174 (init) -> 4174 (map).
[00:17:51] [Server thread/INFO] [FML/]: Injected new block/item jinryuujrmcore:tile.Colorable Stone Pattern2_6Slab: 442 (init) -> 442 (map).
[00:17:51] [Server thread/INFO] [FML/]: Injected new block/item jinryuudragonblockc:whisChest: 4291 (init) -> 4291 (map).
[00:17:51] [Server thread/INFO] [FML/]: Injected new block/item jinryuudragonblockc:ItemSmallClub: 4139 (init) -> 4139 (map).
[00:17:51] [Server thread/INFO] [FML/]: Injected new block/item jinryuujrmcore:tile.Colorable Stone Pattern3_5Fence: 521 (init) -> 521 (map).
[00:17:51] [Server thread/INFO] [FML/]: Injected new block/item jinryuudragonblockc:DnomaidSword: 4146 (init) -> 4146 (map).
[00:17:51] [Server thread/INFO] [FML/]: Injected new block/item jinryuudragonblockc:c18-2Leg: 4301 (init) -> 4301 (map).
[00:17:51] [Server thread/INFO] [FML/]: Injected new block/item jinryuudragonblockc:bodysuit1: 4333 (init) -> 4333 (map).
[00:17:51] [Server thread/INFO] [FML/]: Injected new block/item jinryuudragonblockc:bodysuit0: 4332 (init) -> 4332 (map).
[00:17:51] [Server thread/INFO] [FML/]: Injected new block/item jinryuudragonblockc:lordslugChest: 4241 (init) -> 4241 (map).
[00:17:51] [Server thread/INFO] [FML/]: Injected new block/item jinryuudragonblockc:tiensLeg: 4307 (init) -> 4307 (map).
[00:17:51] [Server thread/INFO] [FML/]: Injected new block/item jinryuujrmcore:tile.Colorable Stone Pattern1_11Stairs: 409 (init) -> 409 (map).
[00:17:51] [Server thread/INFO] [FML/]: Injected new block/item jinryuujrmcore:tile.Colorable Stone Pattern4_2Slab: 566 (init) -> 566 (map).
[00:17:51] [Server thread/INFO] [FML/]: Injected new block/item jinryuudragonblockc:kingkaiChest: 4238 (init) -> 4238 (map).
[00:17:51] [Server thread/INFO] [FML/]: Injected new block/item jinryuudragonblockc:gokugtgiLeg: 4274 (init) -> 4274 (map).
[00:17:51] [Server thread/INFO] [FML/]: Injected new block/item jinryuudragonblockc:bodysuit7: 4339 (init) -> 4339 (map).
[00:17:51] [Server thread/INFO] [FML/]: Injected new block/item jinryuudragonblockc:bodysuit6: 4338 (init) -> 4338 (map).
[00:17:51] [Server thread/INFO] [FML/]: Injected new block/item jinryuudragonblockc:tile.BlockTCPort: 678 (init) -> 678 (map).
[00:17:51] [Server thread/INFO] [FML/]: Injected new block/item jinryuudragonblockc:bodysuit5: 4337 (init) -> 4337 (map).
[00:17:51] [Server thread/INFO] [FML/]: Injected new block/item jinryuudragonblockc:bodysuit4: 4336 (init) -> 4336 (map).
[00:17:51] [Server thread/INFO] [FML/]: Injected new block/item adventurebackpack:melonJuiceBottle: 4102 (init) -> 4102 (map).
[00:17:51] [Server thread/INFO] [FML/]: Injected new block/item jinryuudragonblockc:bodysuit3: 4335 (init) -> 4335 (map).
[00:17:51] [Server thread/INFO] [FML/]: Injected new block/item jinryuudragonblockc:bodysuit2: 4334 (init) -> 4334 (map).
[00:17:51] [Server thread/INFO] [FML/]: Injected new block/item jinryuujrmcore:tile.Colorable Stone Pattern3_6Slab: 506 (init) -> 506 (map).
[00:17:51] [Server thread/INFO] [FML/]: Injected new block/item jinryuudragonblockc:brolyLeg: 4230 (init) -> 4230 (map).
[00:17:51] [Server thread/INFO] [FML/]: Injected new block/item jinryuudragonblockc:c16Leg: 4172 (init) -> 4172 (map).
[00:17:51] [Server thread/INFO] [FML/]: Injected new block/item jinryuudragonblockc:whisLeg: 4292 (init) -> 4292 (map).
[00:17:51] [Server thread/INFO] [FML/]: Injected new block/item jinryuujrmcore:tile.Colorable Stone Pattern5_7Fence: 651 (init) -> 651 (map).
[00:17:51] [Server thread/INFO] [FML/]: Injected new block/item jinryuudragonblockc:tile.BlockNamekStone: 691 (init) -> 691 (map).
[00:17:51] [Server thread/INFO] [FML/]: Injected new block/item jinryuujrmcore:tile.Colorable Stone Pattern3_14Slab: 514 (init) -> 514 (map).
[00:17:51] [Server thread/INFO] [FML/]: Injected new block/item jinryuudragonblockc:gi_color_16Chest: 4397 (init) -> 4397 (map).
[00:17:51] [Server thread/INFO] [FML/]: Injected new block/item jinryuujrmcore:tile.Colorable Stone Pattern5_4Stairs: 664 (init) -> 664 (map).
[00:17:51] [Server thread/INFO] [FML/]: Injected new block/item jinryuudragonblockc:ItemZSwordBlade: 4135 (init) -> 4135 (map).
[00:17:51] [Server thread/INFO] [FML/]: Injected new block/item jinryuujrmcore:tile.Colorable Stone Pattern3_11Stairs: 543 (init) -> 543 (map).
[00:17:51] [Server thread/INFO] [FML/]: Injected new block/item jinryuuyearsc:ItemWatch: 4457 (init) -> 4457 (map).
[00:17:51] [Server thread/INFO] [FML/]: Injected new block/item jinryuujrmcore:tile.Colorable Stone Pattern5_15Slab: 643 (init) -> 643 (map).
[00:17:51] [Server thread/INFO] [FML/]: Injected new block/item jinryuudragonblockc:blackLeg: 4224 (init) -> 4224 (map).
[00:17:51] [Server thread/INFO] [FML/]: Injected new block/item jinryuudragonblockc:MahagonyFence: 741 (init) -> 741 (map).
[00:17:51] [Server thread/INFO] [FML/]: Injected new block/item jinryuudragonblockc:genblueLeg: 4204 (init) -> 4204 (map).
[00:17:51] [Server thread/INFO] [FML/]: Injected new block/item jinryuudragonblockc:gi_color_9Head: 4329 (init) -> 4329 (map).
[00:17:51] [Server thread/INFO] [FML/]: Injected new block/item jinryuujrmcore:tile.Colorable Stone Pattern4_14: 562 (init) -> 562 (map).
[00:17:51] [Server thread/INFO] [FML/]: Injected new block/item jinryuujrmcore:tile.Colorable Stone Pattern4_15: 563 (init) -> 563 (map).
[00:17:51] [Server thread/INFO] [FML/]: Injected new block/item jinryuudragonblockc:ItemDinoMeatCooked: 4349 (init) -> 4349 (map).
[00:17:51] [Server thread/INFO] [FML/]: Injected new block/item jinryuujrmcore:tile.Colorable Stone Pattern4_10: 558 (init) -> 558 (map).
[00:17:51] [Server thread/INFO] [FML/]: Injected new block/item jinryuujrmcore:tile.Colorable Stone Pattern4_11: 559 (init) -> 559 (map).
[00:17:51] [Server thread/INFO] [FML/]: Injected new block/item jinryuujrmcore:tile.Colorable Stone Pattern1_10Stairs: 255 (init) -> 255 (map).
[00:17:51] [Server thread/INFO] [FML/]: Injected new block/item jinryuujrmcore:tile.Colorable Stone Pattern4_12: 560 (init) -> 560 (map).
[00:17:51] [Server thread/INFO] [FML/]: Injected new block/item jinryuujrmcore:tile.Colorable Stone Pattern4_13: 561 (init) -> 561 (map).
[00:17:51] [Server thread/INFO] [FML/]: Injected new block/item jinryuudragonblockc:KameBoots1: 4414 (init) -> 4414 (map).
[00:17:51] [Server thread/INFO] [FML/]: Injected new block/item jinryuudragonblockc:Mahagony_Stick: 4437 (init) -> 4437 (map).
[00:17:51] [Server thread/INFO] [FML/]: Injected new block/item jinryuudragonblockc:xenogoku01Leg: 4316 (init) -> 4316 (map).
[00:17:51] [Server thread/INFO] [FML/]: Injected new block/item jinryuudragonblockc:tienLeg: 4198 (init) -> 4198 (map).
[00:17:51] [Server thread/INFO] [FML/]: Injected new block/item jinryuujrmcore:tile.Colorable Stone Pattern1_3Stairs: 248 (init) -> 248 (map).
[00:17:51] [Server thread/INFO] [FML/]: Injected new block/item jinryuujrmcore:tile.Colorable Stone Pattern5_0Fence: 644 (init) -> 644 (map).
[00:17:51] [Server thread/INFO] [FML/]: Injected new block/item jinryuudragonblockc:vegetasLeg: 4289 (init) -> 4289 (map).
[00:17:51] [Server thread/INFO] [FML/]: Injected new block/item jinryuujrmcore:tile.Colorable Stone Pattern4_0Slab: 564 (init) -> 564 (map).
[00:17:51] [Server thread/INFO] [FML/]: Injected new block/item jinryuujrmcore:tile.Colorable Stone Pattern2_1Fence: 453 (init) -> 453 (map).
[00:17:51] [Server thread/INFO] [FML/]: Injected new block/item jinryuujrmcore:tile.Colorable Stone Pattern1_9Slab: 222 (init) -> 222 (map).
[00:17:51] [Server thread/INFO] [FML/]: Injected new block/item jinryuujrmcore:tile.Colorable Stone Pattern3_11Slab: 511 (init) -> 511 (map).
[00:17:51] [Server thread/INFO] [FML/]: Injected new block/item jinryuudragonblockc:majinbuufatLeg: 4192 (init) -> 4192 (map).
[00:17:51] [Server thread/INFO] [FML/]: Injected new block/item jinryuudragonblockc:DlogIngot: 4142 (init) -> 4142 (map).
[00:17:51] [Server thread/INFO] [FML/]: Injected new block/item jinryuudragonblockc:record.DBC5: 4170 (init) -> 4170 (map).
[00:17:51] [Server thread/INFO] [FML/]: Injected new block/item jinryuudragonblockc:record.DBC4: 4169 (init) -> 4169 (map).
[00:17:51] [Server thread/INFO] [FML/]: Injected new block/item jinryuujrmcore:tile.Colorable Stone Pattern4_9: 557 (init) -> 557 (map).
[00:17:51] [Server thread/INFO] [FML/]: Injected new block/item jinryuujrmcore:tile.Colorable Stone Pattern5_0Stairs: 660 (init) -> 660 (map).
[00:17:51] [Server thread/INFO] [FML/]: Injected new block/item jinryuudragonblockc:record.DBC3: 4168 (init) -> 4168 (map).
[00:17:51] [Server thread/INFO] [FML/]: Injected new block/item jinryuudragonblockc:tile.JJayore: 694 (init) -> 694 (map).
[00:17:51] [Server thread/INFO] [FML/]: Injected new block/item jinryuudragonblockc:gi_color_0Leg: 4319 (init) -> 4319 (map).
[00:17:51] [Server thread/INFO] [FML/]: Injected new block/item jinryuujrmcore:tile.Colorable Stone Pattern4_0: 548 (init) -> 548 (map).
[00:17:51] [Server thread/INFO] [FML/]: Injected new block/item jinryuujrmcore:tile.Colorable Stone Pattern2_15Fence: 467 (init) -> 467 (map).
[00:17:51] [Server thread/INFO] [FML/]: Injected new block/item jinryuujrmcore:tile.Colorable Stone Pattern4_8: 556 (init) -> 556 (map).
[00:17:51] [Server thread/INFO] [FML/]: Injected new block/item jinryuudragonblockc:record.DBC2: 4167 (init) -> 4167 (map).
[00:17:51] [Server thread/INFO] [FML/]: Injected new block/item jinryuujrmcore:tile.Colorable Stone Pattern4_7: 555 (init) -> 555 (map).
[00:17:51] [Server thread/INFO] [FML/]: Injected new block/item jinryuudragonblockc:record.DBC1: 4166 (init) -> 4166 (map).
[00:17:51] [Server thread/INFO] [FML/]: Injected new block/item jinryuujrmcore:tile.Colorable Stone Pattern4_6: 554 (init) -> 554 (map).
[00:17:51] [Server thread/INFO] [FML/]: Injected new block/item jinryuujrmcore:tile.Colorable Stone Pattern4_5: 553 (init) -> 553 (map).
[00:17:51] [Server thread/INFO] [FML/]: Injected new block/item jinryuudragonblockc:pridetrooperLeg: 4286 (init) -> 4286 (map).
[00:17:51] [Server thread/INFO] [FML/]: Injected new block/item jinryuujrmcore:tile.Colorable Stone Pattern4_4: 552 (init) -> 552 (map).
[00:17:51] [Server thread/INFO] [FML/]: Injected new block/item jinryuudragonblockc:vanity_d_6: 4434 (init) -> 4434 (map).
[00:17:51] [Server thread/INFO] [FML/]: Injected new block/item jinryuujrmcore:tile.Colorable Stone Pattern4_3: 551 (init) -> 551 (map).
[00:17:51] [Server thread/INFO] [FML/]: Injected new block/item jinryuudragonblockc:pilafHead: 4212 (init) -> 4212 (map).
[00:17:51] [Server thread/INFO] [FML/]: Injected new block/item jinryuudragonblockc:vanity_d_7: 4435 (init) -> 4435 (map).
[00:17:51] [Server thread/INFO] [FML/]: Injected new block/item jinryuujrmcore:tile.Colorable Stone Pattern4_2: 550 (init) -> 550 (map).
[00:17:51] [Server thread/INFO] [FML/]: Injected new block/item jinryuudragonblockc:vanity_d_4: 4432 (init) -> 4432 (map).
[00:17:51] [Server thread/INFO] [FML/]: Injected new block/item jinryuujrmcore:tile.Colorable Stone Pattern4_1: 549 (init) -> 549 (map).
[00:17:51] [Server thread/INFO] [FML/]: Injected new block/item jinryuudragonblockc:vanity_d_5: 4433 (init) -> 4433 (map).
[00:17:51] [Server thread/INFO] [FML/]: Injected new block/item jinryuudragonblockc:vanity_d_2: 4430 (init) -> 4430 (map).
[00:17:51] [Server thread/INFO] [FML/]: Injected new block/item jinryuudragonblockc:vanity_d_3: 4431 (init) -> 4431 (map).
[00:17:51] [Server thread/INFO] [FML/]: Injected new block/item jinryuudragonblockc:vanity_d_0: 4428 (init) -> 4428 (map).
[00:17:51] [Server thread/INFO] [FML/]: Injected new block/item jinryuujrmcore:tile.Colorable Stone Pattern1_8Stairs: 253 (init) -> 253 (map).
[00:17:51] [Server thread/INFO] [FML/]: Injected new block/item jinryuujrmcore:tile.Colorable Stone Pattern2_9Slab: 445 (init) -> 445 (map).
[00:17:51] [Server thread/INFO] [FML/]: Injected new block/item jinryuudragonblockc:supkaiLeg: 4221 (init) -> 4221 (map).
[00:17:51] [Server thread/INFO] [FML/]: Injected new block/item jinryuudragonblockc:vanity_d_1: 4429 (init) -> 4429 (map).
[00:17:51] [Server thread/INFO] [FML/]: Injected new block/item ironfurnaces:iron_furnace_active: 168 (init) -> 168 (map).
[00:17:51] [Server thread/INFO] [FML/]: Injected new block/item jinryuudragonblockc:c19Chest: 4181 (init) -> 4181 (map).
[00:17:51] [Server thread/INFO] [FML/]: Injected new block/item jinryuujrmcore:tile.Colorable Stone Pattern5_1Slab: 629 (init) -> 629 (map).
[00:17:51] [Server thread/INFO] [FML/]: Injected new block/item jinryuujrmcore:tile.Colorable Stone Pattern3_7Slab: 507 (init) -> 507 (map).
[00:17:51] [Server thread/INFO] [FML/]: Injected new block/item jinryuujrmcore:tile.Colorable Stone Pattern3_4Fence: 520 (init) -> 520 (map).
[00:17:51] [Server thread/INFO] [FML/]: Injected new block/item jinryuudragonblockc:DnomaidPants: 4164 (init) -> 4164 (map).
[00:17:51] [Server thread/INFO] [FML/]: Injected new block/item jinryuudragonblockc:supkaiblackBoots: 4263 (init) -> 4263 (map).
[00:17:51] [Server thread/INFO] [FML/]: Injected new block/item jinryuudragonblockc:tienChest: 4197 (init) -> 4197 (map).
[00:17:51] [Server thread/INFO] [FML/]: Injected new block/item jinryuujrmcore:tile.Colorable Stone Pattern1_2Stairs: 247 (init) -> 247 (map).
[00:17:51] [Server thread/INFO] [FML/]: Injected new block/item jinryuudragonblockc:SakuraFence: 740 (init) -> 740 (map).
[00:17:51] [Server thread/INFO] [FML/]: Injected new block/item jinryuudragonblockc:DlogPants: 4160 (init) -> 4160 (map).
[00:17:51] [Server thread/INFO] [FML/]: Injected new block/item jinryuujrmcore:tile.Colorable Stone Pattern1_15Fence: 244 (init) -> 244 (map).
[00:17:51] [Server thread/INFO] [FML/]: Injected new block/item jinryuudragonblockc:ItemBraveSword: 4128 (init) -> 4128 (map).
[00:17:51] [Server thread/INFO] [FML/]: Injected new block/item jinryuudragonblockc:DnomaidBoots: 4165 (init) -> 4165 (map).
[00:17:51] [Server thread/INFO] [FML/]: Injected new block/item jinryuudragonblockc:tracksuitChest: 4264 (init) -> 4264 (map).
[00:17:51] [Server thread/INFO] [FML/]: Injected new block/item jinryuudragonblockc:ItemDragonBlock: 4358 (init) -> 4358 (map).
[00:17:51] [Server thread/INFO] [FML/]: Injected new block/item jinryuujrmcore:tile.Colorable Stone Pattern1_13Fence: 242 (init) -> 242 (map).
[00:17:51] [Server thread/INFO] [FML/]: Injected new block/item jinryuujrmcore:tile.Colorable Stone Pattern2_8Stairs: 476 (init) -> 476 (map).
[00:17:51] [Server thread/INFO] [FML/]: Injected new block/item jinryuujrmcore:tile.Colorable Stone Pattern3_12Stairs: 544 (init) -> 544 (map).
[00:17:51] [Server thread/INFO] [FML/]: Injected new block/item jinryuujrmcore:tile.Colorable Stone Pattern1_8Slab: 221 (init) -> 221 (map).
[00:17:51] [Server thread/INFO] [FML/]: Injected new block/item jinryuudragonblockc:ItemMedMoss: 4122 (init) -> 4122 (map).
[00:17:51] [Server thread/INFO] [FML/]: Injected new block/item jinryuudragonblockc:chichiChest: 4200 (init) -> 4200 (map).
[00:17:51] [Server thread/INFO] [FML/]: Injected new block/item jinryuudragonblockc:ItemWeightHeavySuit: 4356 (init) -> 4356 (map).
[00:17:51] [Server thread/INFO] [FML/]: Injected new block/item jinryuudragonblockc:tile.JJayblock: 698 (init) -> 698 (map).
[00:17:51] [Server thread/INFO] [FML/]: Injected new block/item jinryuudragonblockc:tile.BlockNamekDragonBall: 684 (init) -> 684 (map).
[00:17:51] [Server thread/INFO] [FML/]: Injected new block/item jinryuudragonblockc:kaleChest: 4282 (init) -> 4282 (map).
[00:17:51] [Server thread/INFO] [FML/]: Injected new block/item jinryuudragonblockc:ItemSaibaiSeed: 4124 (init) -> 4124 (map).
[00:17:51] [Server thread/INFO] [FML/]: Injected new block/item jinryuujrmcore:tile.Colorable Stone Pattern2_11: 431 (init) -> 431 (map).
[00:17:51] [Server thread/INFO] [FML/]: Injected new block/item jinryuujrmcore:tile.Colorable Stone Pattern2_10: 430 (init) -> 430 (map).
[00:17:51] [Server thread/INFO] [FML/]: Injected new block/item jinryuujrmcore:tile.Colorable Stone Pattern2_15: 435 (init) -> 435 (map).
[00:17:51] [Server thread/INFO] [FML/]: Injected new block/item jinryuudragonblockc:tile.BlockCropMedMoss: 707 (init) -> 707 (map).
[00:17:51] [Server thread/INFO] [FML/]: Injected new block/item jinryuujrmcore:tile.Colorable Stone Pattern2_14: 434 (init) -> 434 (map).
[00:17:51] [Server thread/INFO] [FML/]: Injected new block/item jinryuujrmcore:tile.Colorable Stone Pattern2_13: 433 (init) -> 433 (map).
[00:17:51] [Server thread/INFO] [FML/]: Injected new block/item jinryuujrmcore:tile.Colorable Stone Pattern2_12: 432 (init) -> 432 (map).
[00:17:51] [Server thread/INFO] [FML/]: Injected new block/item jinryuujrmcore:tile.Colorable Stone Pattern4_14Fence: 594 (init) -> 594 (map).
[00:17:51] [Server thread/INFO] [FML/]: Injected new block/item jinryuujrmcore:tile.Colorable Stone Pattern2_2: 416 (init) -> 416 (map).
[00:17:51] [Server thread/INFO] [FML/]: Injected new block/item jinryuujrmcore:tile.Colorable Stone Pattern3_12Slab: 512 (init) -> 512 (map).
[00:17:51] [Server thread/INFO] [FML/]: Injected new block/item jinryuujrmcore:tile.Colorable Stone Pattern2_1: 415 (init) -> 415 (map).
[00:17:51] [Server thread/INFO] [FML/]: Injected new block/item jinryuujrmcore:tile.Colorable Stone Pattern2_0: 414 (init) -> 414 (map).
[00:17:51] [Server thread/INFO] [FML/]: Injected new block/item jinryuudragonblockc:gokusChest: 4276 (init) -> 4276 (map).
[00:17:51] [Server thread/INFO] [FML/]: Injected new block/item jinryuujrmcore:tile.Colorable Stone Pattern2_9: 429 (init) -> 429 (map).
[00:17:51] [Server thread/INFO] [FML/]: Injected new block/item jinryuujrmcore:tile.Colorable Stone Pattern2_8: 428 (init) -> 428 (map).
[00:17:51] [Server thread/INFO] [FML/]: Injected new block/item jinryuujrmcore:tile.Colorable Stone Pattern3_12Fence: 528 (init) -> 528 (map).
[00:17:51] [Server thread/INFO] [FML/]: Injected new block/item jinryuujrmcore:tile.Colorable Stone Pattern2_7: 427 (init) -> 427 (map).
[00:17:51] [Server thread/INFO] [FML/]: Injected new block/item jinryuujrmcore:tile.Colorable Stone Pattern2_8Slab: 444 (init) -> 444 (map).
[00:17:51] [Server thread/INFO] [FML/]: Injected new block/item jinryuujrmcore:tile.Colorable Stone Pattern2_6: 426 (init) -> 426 (map).
[00:17:51] [Server thread/INFO] [FML/]: Injected new block/item jinryuujrmcore:tile.Colorable Stone Pattern5_0Slab: 628 (init) -> 628 (map).
[00:17:51] [Server thread/INFO] [FML/]: Injected new block/item jinryuujrmcore:tile.Colorable Stone Pattern2_5: 425 (init) -> 425 (map).
[00:17:51] [Server thread/INFO] [FML/]: Injected new block/item jinryuujrmcore:tile.Colorable Stone Pattern2_4: 424 (init) -> 424 (map).
[00:17:51] [Server thread/INFO] [FML/]: Injected new block/item jinryuujrmcore:tile.Colorable Stone Pattern2_3: 423 (init) -> 423 (map).
[00:17:51] [Server thread/INFO] [FML/]: Injected new block/item jinryuujrmcore:tile.Colorable Stone Pattern2_10Fence: 462 (init) -> 462 (map).
[00:17:51] [Server thread/INFO] [FML/]: Injected new block/item jinryuudragonblockc:darburaBoots: 4190 (init) -> 4190 (map).
[00:17:51] [Server thread/INFO] [FML/]: Injected new block/item jinryuudragonblockc:Mahagony_Pickaxe: 4447 (init) -> 4447 (map).
[00:17:51] [Server thread/INFO] [FML/]: Injected new block/item jinryuujrmcore:tile.Colorable Stone Pattern2_9Stairs: 477 (init) -> 477 (map).
[00:17:51] [Server thread/INFO] [FML/]: Injected new block/item jinryuudragonblockc:panChest: 4309 (init) -> 4309 (map).
[00:17:51] [Server thread/INFO] [FML/]: Injected new block/item adventurebackpack:clockworkCrossbow: 4103 (init) -> 4103 (map).
[00:17:51] [Server thread/INFO] [FML/]: Injected new block/item jinryuudragonblockc:supkaiblackChest: 4261 (init) -> 4261 (map).
[00:17:51] [Server thread/INFO] [FML/]: Injected new block/item jinryuujrmcore:tile.Colorable Stone Pattern3_2Stairs: 534 (init) -> 534 (map).
[00:17:51] [Server thread/INFO] [FML/]: Injected new block/item jinryuujrmcore:tile.BlockFence: 191 (init) -> 191 (map).
[00:17:51] [Server thread/INFO] [FML/]: Injected new block/item jinryuudragonblockc:MahagonyPaperWall: 732 (init) -> 732 (map).
[00:17:51] [Server thread/INFO] [FML/]: Injected new block/item jinryuudragonblockc:tienbBoots: 4305 (init) -> 4305 (map).
[00:17:51] [Server thread/INFO] [FML/]: Injected new block/item jinryuudragonblockc:GiNamekTorso0: 4401 (init) -> 4401 (map).
[00:17:51] [Server thread/INFO] [FML/]: Injected new block/item jinryuudragonblockc:pilafChest: 4213 (init) -> 4213 (map).
[00:17:51] [Server thread/INFO] [FML/]: Injected new block/item jinryuudragonblockc:LehnoriPants: 4156 (init) -> 4156 (map).
[00:17:51] [Server thread/INFO] [FML/]: Injected new block/item jinryuudragonblockc:videlChest: 4255 (init) -> 4255 (map).
[00:17:51] [Server thread/INFO] [FML/]: Injected new block/item jinryuudragonblockc:videl2Chest: 4252 (init) -> 4252 (map).
[00:17:51] [Server thread/INFO] [FML/]: Injected new block/item jinryuudragonblockc:KintounItem: 4119 (init) -> 4119 (map).
[00:17:51] [Server thread/INFO] [FML/]: Injected new block/item lootplusplus:dummy_tab_icon_present: 4104 (init) -> 4104 (map).
[00:17:51] [Server thread/INFO] [FML/]: Injected new block/item jinryuudragonblockc:Leaf: 744 (init) -> 744 (map).
[00:17:51] [Server thread/INFO] [FML/]: Injected new block/item jinryuudragonblockc:darburaLeg: 4189 (init) -> 4189 (map).
[00:17:51] [Server thread/INFO] [FML/]: Injected new block/item lootplusplus:loot_chest: 184 (init) -> 184 (map).
[00:17:51] [Server thread/INFO] [FML/]: Injected new block/item jinryuujrmcore:tile.Colorable Stone Pattern1_5Fence: 234 (init) -> 234 (map).
[00:17:51] [Server thread/INFO] [FML/]: Injected new block/item jinryuudragonblockc:tile.BlockHealingPods: 702 (init) -> 702 (map).
[00:17:51] [Server thread/INFO] [FML/]: Injected new block/item jinryuudragonblockc:herculesBoots: 4237 (init) -> 4237 (map).
[00:17:51] [Server thread/INFO] [FML/]: Injected new block/item jinryuujrmcore:tile.Colorable Stone Pattern4_12Slab: 576 (init) -> 576 (map).
[00:17:51] [Server thread/INFO] [FML/]: Injected new block/item adventurebackpack:backpackComponent: 4096 (init) -> 4096 (map).
[00:17:51] [Server thread/INFO] [FML/]: Injected new block/item jinryuujrmcore:tile.Colorable Stone Pattern2_6Fence: 458 (init) -> 458 (map).
[00:17:51] [Server thread/INFO] [FML/]: Injected new block/item jinryuudragonblockc:JinTorso: 4410 (init) -> 4410 (map).
[00:17:51] [Server thread/INFO] [FML/]: Injected new block/item jinryuudragonblockc:LehnoriChest: 4155 (init) -> 4155 (map).
[00:17:51] [Server thread/INFO] [FML/]: Injected new block/item lootplusplus:custom_spawn_egg: 4107 (init) -> 4107 (map).
[00:17:51] [Server thread/INFO] [FML/]: Injected new block/item jinryuudragonblockc:YellowScouterb: 4422 (init) -> 4422 (map).
[00:17:51] [Server thread/INFO] [FML/]: Injected new block/item jinryuujrmcore:tile.Colorable Stone Pattern1_1Stairs: 246 (init) -> 246 (map).
[00:17:51] [Server thread/INFO] [FML/]: Injected new block/item jinryuujrmcore:tile.Colorable Stone Pattern1_14Slab: 227 (init) -> 227 (map).
[00:17:51] [Server thread/INFO] [FML/]: Injected new block/item jinryuudragonblockc:YellowScoutera: 4416 (init) -> 4416 (map).
[00:17:51] [Server thread/INFO] [FML/]: Injected new block/item jinryuujrmcore:tile.Colorable Stone Pattern1_10: 207 (init) -> 207 (map).
[00:17:51] [Server thread/INFO] [FML/]: Injected new block/item jinryuudragonblockc:gi_color_7Chest: 4327 (init) -> 4327 (map).
[00:17:51] [Server thread/INFO] [FML/]: Injected new block/item adventurebackpack:blockBackpack: 165 (init) -> 165 (map).
[00:17:51] [Server thread/INFO] [FML/]: Injected new block/item jinryuujrmcore:tile.Colorable Stone Pattern1_14: 211 (init) -> 211 (map).
[00:17:51] [Server thread/INFO] [FML/]: Injected new block/item jinryuujrmcore:tile.Colorable Stone Pattern1_13: 210 (init) -> 210 (map).
[00:17:51] [Server thread/INFO] [FML/]: Injected new block/item jinryuudragonblockc:MahagonyFenceGate: 747 (init) -> 747 (map).
[00:17:51] [Server thread/INFO] [FML/]: Injected new block/item jinryuujrmcore:tile.Colorable Stone Pattern1_12: 209 (init) -> 209 (map).
[00:17:51] [Server thread/INFO] [FML/]: Injected new block/item jinryuujrmcore:tile.Colorable Stone Pattern1_11: 208 (init) -> 208 (map).
[00:17:51] [Server thread/INFO] [FML/]: Injected new block/item jinryuujrmcore:tile.Colorable Stone Pattern1_15: 212 (init) -> 212 (map).
[00:17:51] [Server thread/INFO] [FML/]: Injected new block/item jinryuujrmcore:tile.Colorable Stone Pattern5_5Stairs: 665 (init) -> 665 (map).
[00:17:51] [Server thread/INFO] [FML/]: Injected new block/item jinryuudragonblockc:tile.kachi_katchin_block10: 724 (init) -> 724 (map).
[00:17:51] [Server thread/INFO] [FML/]: Injected new block/item jinryuudragonblockc:YellowScouter: 4360 (init) -> 4360 (map).
[00:17:51] [Server thread/INFO] [FML/]: Injected new block/item jinryuudragonblockc:ItemChipTier2: 4346 (init) -> 4346 (map).
[00:17:51] [Server thread/INFO] [FML/]: Injected new block/item jinryuudragonblockc:yamchaLeg: 4259 (init) -> 4259 (map).
[00:17:51] [Server thread/INFO] [FML/]: Injected new block/item jinryuudragonblockc:ItemChipTier3: 4347 (init) -> 4347 (map).
[00:17:51] [Server thread/INFO] [FML/]: Injected new block/item jinryuujrmcore:tile.Colorable Stone Pattern5_8Fence: 652 (init) -> 652 (map).
[00:17:51] [Server thread/INFO] [FML/]: Injected new block/item lootplusplus:single_entity_spawner: 185 (init) -> 185 (map).
[00:17:51] [Server thread/INFO] [FML/]: Injected new block/item jinryuudragonblockc:Maple_Hoe: 4455 (init) -> 4455 (map).
[00:17:51] [Server thread/INFO] [FML/]: Injected new block/item jinryuudragonblockc:gi_color_10Chest: 4330 (init) -> 4330 (map).
[00:17:51] [Server thread/INFO] [FML/]: Injected new block/item ironfurnaces:diamond_furnace_active: 178 (init) -> 178 (map).
[00:17:51] [Server thread/INFO] [FML/]: Injected new block/item jinryuudragonblockc:Sakura_Axe: 4442 (init) -> 4442 (map).
[00:17:51] [Server thread/INFO] [FML/]: Injected new block/item adventurebackpack:machete: 4097 (init) -> 4097 (map).
[00:17:51] [Server thread/INFO] [FML/]: Injected new block/item jinryuudragonblockc:majinbuufatChest: 4191 (init) -> 4191 (map).
[00:17:51] [Server thread/INFO] [FML/]: Injected new block/item jinryuudragonblockc:saiyamanChest: 4217 (init) -> 4217 (map).
[00:17:51] [Server thread/INFO] [FML/]: Injected new block/item jinryuujrmcore:tile.Colorable Stone Pattern1_9Fence: 238 (init) -> 238 (map).
[00:17:51] [Server thread/INFO] [FML/]: Injected new block/item jinryuujrmcore:tile.Colorable Stone Pattern4_13Stairs: 609 (init) -> 609 (map).
[00:17:51] [Server thread/INFO] [FML/]: Injected new block/item jinryuudragonblockc:ItemStrongFabric: 4344 (init) -> 4344 (map).
[00:17:51] [Server thread/INFO] [FML/]: Injected new block/item jinryuudragonblockc:c16Boots: 4173 (init) -> 4173 (map).
[00:17:51] [Server thread/INFO] [FML/]: Injected new block/item jinryuudragonblockc:highschoolBoots: 4208 (init) -> 4208 (map).
[00:17:51] [Server thread/INFO] [FML/]: Injected new block/item jinryuudragonblockc:uubLeg: 4251 (init) -> 4251 (map).
[00:17:51] [Server thread/INFO] [FML/]: Injected new block/item jinryuujrmcore:tile.Colorable Stone Pattern1_14Stairs: 412 (init) -> 412 (map).
[00:17:51] [Server thread/INFO] [FML/]: Injected new block/item jinryuujrmcore:tile.Colorable Stone Pattern3_9Stairs: 541 (init) -> 541 (map).
[00:17:51] [Server thread/INFO] [FML/]: Injected new block/item jinryuudragonblockc:gi_color_3Chest: 4323 (init) -> 4323 (map).
[00:17:51] [Server thread/INFO] [FML/]: Injected new block/item jinryuudragonblockc:hitLeg: 4280 (init) -> 4280 (map).
[00:17:51] [Server thread/INFO] [FML/]: Injected new block/item jinryuujrmcore:tile.Colorable Stone Pattern4_11Slab: 575 (init) -> 575 (map).
[00:17:51] [Server thread/INFO] [FML/]: Injected new block/item jinryuudragonblockc:Slab: 738 (init) -> 738 (map).
[00:17:51] [Server thread/INFO] [FML/]: Injected new block/item jinryuudragonblockc:GiFutureTorso0: 4404 (init) -> 4404 (map).
[00:17:51] [Server thread/INFO] [FML/]: Injected new block/item jinryuujrmcore:tile.Colorable Stone Pattern3_7Stairs: 539 (init) -> 539 (map).
[00:17:51] [Server thread/INFO] [FML/]: Injected new block/item jinryuudragonblockc:PurpleScouterb: 4424 (init) -> 4424 (map).
[00:17:51] [Server thread/INFO] [FML/]: Injected new block/item jinryuudragonblockc:PurpleScoutera: 4418 (init) -> 4418 (map).
[00:17:51] [Server thread/INFO] [FML/]: Injected new block/item jinryuudragonblockc:cauliflaBoots: 4272 (init) -> 4272 (map).
[00:17:51] [Server thread/INFO] [FML/]: Injected new block/item jinryuujrmcore:tile.Colorable Stone Pattern5_3Stairs: 663 (init) -> 663 (map).
[00:17:51] [Server thread/INFO] [FML/]: Injected new block/item jinryuujrmcore:tile.Colorable Stone Pattern4_3Fence: 583 (init) -> 583 (map).
[00:17:51] [Server thread/INFO] [FML/]: Injected new block/item jinryuudragonblockc:DnomaidChest: 4163 (init) -> 4163 (map).
[00:17:51] [Server thread/INFO] [FML/]: Injected new block/item jinryuujrmcore:tile.Colorable Stone Pattern4_11Stairs: 607 (init) -> 607 (map).
[00:17:51] [Server thread/INFO] [FML/]: Injected new block/item jinryuudragonblockc:PurpleScouter: 4362 (init) -> 4362 (map).
[00:17:51] [Server thread/INFO] [FML/]: Injected new block/item jinryuujrmcore:tile.Colorable Stone Pattern1_12Stairs: 410 (init) -> 410 (map).
[00:17:51] [Server thread/INFO] [FML/]: Injected new block/item jinryuujrmcore:tile.Colorable Stone Pattern5_1Fence: 645 (init) -> 645 (map).
[00:17:51] [Server thread/INFO] [FML/]: Injected new block/item jinryuudragonblockc:videl3Chest: 4254 (init) -> 4254 (map).
[00:17:51] [Server thread/INFO] [FML/]: Injected new block/item jinryuujrmcore:tile.Colorable Stone Pattern1_15Slab: 228 (init) -> 228 (map).
[00:17:51] [Server thread/INFO] [FML/]: Injected new block/item jinryuudragonblockc:tile.kachi_katchin_block15: 729 (init) -> 729 (map).
[00:17:51] [Server thread/INFO] [FML/]: Injected new block/item jinryuujrmcore:tile.Colorable Stone Pattern1_11Fence: 240 (init) -> 240 (map).
[00:17:51] [Server thread/INFO] [FML/]: Injected new block/item jinryuudragonblockc:tile.kachi_katchin_block11: 725 (init) -> 725 (map).
[00:17:51] [Server thread/INFO] [FML/]: Injected new block/item jinryuudragonblockc:ItemKatana: 4126 (init) -> 4126 (map).
[00:17:51] [Server thread/INFO] [FML/]: Injected new block/item jinryuudragonblockc:tile.kachi_katchin_block12: 726 (init) -> 726 (map).
[00:17:51] [Server thread/INFO] [FML/]: Injected new block/item jinryuudragonblockc:tile.kachi_katchin_block13: 727 (init) -> 727 (map).
[00:17:51] [Server thread/INFO] [FML/]: Injected new block/item jinryuudragonblockc:tile.kachi_katchin_block14: 728 (init) -> 728 (map).
[00:17:51] [Server thread/INFO] [FML/]: Injected new block/item jinryuujrmcore:tile.Colorable Stone Pattern1_2Fence: 231 (init) -> 231 (map).
[00:17:51] [Server thread/INFO] [FML/]: Injected new block/item jinryuudragonblockc:Sapling: 745 (init) -> 745 (map).
[00:17:51] [Server thread/INFO] [FML/]: Injected new block/item jinryuudragonblockc:pridetrooperChest: 4285 (init) -> 4285 (map).
[00:17:51] [Server thread/INFO] [FML/]: Injected new block/item jinryuudragonblockc:vegetasChest: 4288 (init) -> 4288 (map).
[00:17:51] [Server thread/INFO] [FML/]: Injected new block/item jinryuujrmcore:tile.Colorable Stone Pattern2_3Fence: 455 (init) -> 455 (map).
[00:17:51] [Server thread/INFO] [FML/]: Injected new block/item jinryuujrmcore:tile.Colorable Stone Pattern3_5Stairs: 537 (init) -> 537 (map).
[00:17:51] [Server thread/INFO] [FML/]: Injected new block/item jinryuudragonblockc:ItemZSwordHandle: 4132 (init) -> 4132 (map).
[00:17:51] [Server thread/INFO] [FML/]: Injected new block/item jinryuujrmcore:tile.Colorable Stone Pattern5_6Stairs: 666 (init) -> 666 (map).
[00:17:51] [Server thread/INFO] [FML/]: Injected new block/item jinryuujrmcore:tile.Colorable Stone Pattern1_15Stairs: 413 (init) -> 413 (map).
[00:17:51] [Server thread/INFO] [FML/]: Injected new block/item jinryuujrmcore:tile.Colorable Stone Pattern4_15Stairs: 611 (init) -> 611 (map).
[00:17:51] [Server thread/INFO] [FML/]: Injected new block/item jinryuudragonblockc:Sakura_Block: 730 (init) -> 730 (map).
[00:17:51] [Server thread/INFO] [FML/]: Injected new block/item jinryuudragonblockc:c17sChest: 4312 (init) -> 4312 (map).
[00:17:51] [Server thread/INFO] [FML/]: Injected new block/item jinryuujrmcore:tile.Colorable Stone Pattern1_12Slab: 225 (init) -> 225 (map).
[00:17:51] [Server thread/INFO] [FML/]: Injected new block/item jinryuudragonblockc:kaleLeg: 4283 (init) -> 4283 (map).
[00:17:51] [Server thread/INFO] [FML/]: Injected new block/item jinryuudragonblockc:GreenScoutera: 4420 (init) -> 4420 (map).
[00:17:51] [Server thread/INFO] [FML/]: Injected new block/item jinryuudragonblockc:GreenScouterb: 4426 (init) -> 4426 (map).
[00:17:51] [Server thread/INFO] [FML/]: Injected new block/item jinryuujrmcore:tile.BlockStairs2: 196 (init) -> 196 (map).
[00:17:51] [Server thread/INFO] [FML/]: Injected new block/item jinryuudragonblockc:xenogoku01Chest: 4315 (init) -> 4315 (map).
[00:17:51] [Server thread/INFO] [FML/]: Injected new block/item jinryuujrmcore:tile.Colorable Stone Pattern5_15Fence: 659 (init) -> 659 (map).
[00:17:51] [Server thread/INFO] [FML/]: Injected new block/item jinryuudragonblockc:majinbuuLeg: 4195 (init) -> 4195 (map).
[00:17:51] [Server thread/INFO] [FML/]: Injected new block/item jinryuudragonblockc:gokugtgiChest: 4273 (init) -> 4273 (map).
[00:17:51] [Server thread/INFO] [FML/]: Injected new block/item jinryuudragonblockc:c18sChest: 4294 (init) -> 4294 (map).
[00:17:51] [Server thread/INFO] [FML/]: Injected new block/item jinryuujrmcore:tile.Colorable Stone Pattern4_14Stairs: 610 (init) -> 610 (map).
[00:17:51] [Server thread/INFO] [FML/]: Injected new block/item jinryuudragonblockc:mrpopoLeg: 4245 (init) -> 4245 (map).
[00:17:51] [Server thread/INFO] [FML/]: Injected new block/item jinryuujrmcore:tile.Colorable Stone Pattern5_12Fence: 656 (init) -> 656 (map).
[00:17:51] [Server thread/INFO] [FML/]: Injected new block/item jinryuujrmcore:tile.Colorable Stone Pattern4_13Fence: 593 (init) -> 593 (map).
[00:17:51] [Server thread/INFO] [FML/]: Injected new block/item jinryuudragonblockc:tile.kachi_katchin_block9: 723 (init) -> 723 (map).
[00:17:51] [Server thread/INFO] [FML/]: Injected new block/item jinryuujrmcore:tile.Colorable Stone Pattern3_4Stairs: 536 (init) -> 536 (map).
[00:17:51] [Server thread/INFO] [FML/]: Injected new block/item jinryuudragonblockc:tile.kachi_katchin_block8: 722 (init) -> 722 (map).
[00:17:51] [Server thread/INFO] [FML/]: Injected new block/item jinryuudragonblockc:supkaiBoots: 4222 (init) -> 4222 (map).
[00:17:51] [Server thread/INFO] [FML/]: Injected new block/item jinryuujrmcore:tile.Colorable Stone Pattern3_15Slab: 515 (init) -> 515 (map).
[00:17:51] [Server thread/INFO] [FML/]: Injected new block/item jinryuujrmcore:tile.Colorable Stone Pattern4_10Slab: 574 (init) -> 574 (map).
[00:17:51] [Server thread/INFO] [FML/]: Injected new block/item jinryuujrmcore:tile.Colorable Stone Pattern5_7Stairs: 667 (init) -> 667 (map).
[00:17:51] [Server thread/INFO] [FML/]: Injected new block/item jinryuudragonblockc:tile.kachi_katchin_block1: 715 (init) -> 715 (map).
[00:17:51] [Server thread/INFO] [FML/]: Injected new block/item jinryuudragonblockc:tile.kachi_katchin_block0: 714 (init) -> 714 (map).
[00:17:51] [Server thread/INFO] [FML/]: Injected new block/item jinryuudragonblockc:DnomaidIngot: 4143 (init) -> 4143 (map).
[00:17:51] [Server thread/INFO] [FML/]: Injected new block/item jinryuudragonblockc:tile.kachi_katchin_block3: 717 (init) -> 717 (map).
[00:17:51] [Server thread/INFO] [FML/]: Injected new block/item jinryuudragonblockc:tile.kachi_katchin_block2: 716 (init) -> 716 (map).
[00:17:51] [Server thread/INFO] [FML/]: Injected new block/item jinryuudragonblockc:tile.kachi_katchin_block5: 719 (init) -> 719 (map).
[00:17:51] [Server thread/INFO] [FML/]: Injected new block/item jinryuudragonblockc:tile.kachi_katchin_block4: 718 (init) -> 718 (map).
[00:17:51] [Server thread/INFO] [FML/]: Injected new block/item jinryuudragonblockc:LehnoriPick: 4150 (init) -> 4150 (map).
[00:17:51] [Server thread/INFO] [FML/]: Injected new block/item jinryuudragonblockc:tile.kachi_katchin_block7: 721 (init) -> 721 (map).
[00:17:51] [Server thread/INFO] [FML/]: Injected new block/item jinryuudragonblockc:tile.kachi_katchin_block6: 720 (init) -> 720 (map).
[00:17:51] [Server thread/INFO] [FML/]: Injected new block/item jinryuudragonblockc:tile.BlockYellowCloud: 680 (init) -> 680 (map).
[00:17:51] [Server thread/INFO] [FML/]: Injected new block/item jinryuujrmcore:tile.Colorable Stone Pattern3_8Fence: 524 (init) -> 524 (map).
[00:17:51] [Server thread/INFO] [FML/]: Injected new block/item jinryuudragonblockc:GiFighterTorso2: 4407 (init) -> 4407 (map).
[00:17:51] [Server thread/INFO] [FML/]: Injected new block/item jinryuudragonblockc:GiFighterTorso1: 4398 (init) -> 4398 (map).
[00:17:51] [Server thread/INFO] [FML/]: Injected new block/item jinryuudragonblockc:ItemNamekDragonBlock: 4359 (init) -> 4359 (map).
[00:17:51] [Server thread/INFO] [FML/]: Injected new block/item jinryuudragonblockc:tile.BlockNamekDirt: 690 (init) -> 690 (map).
[00:17:51] [Server thread/INFO] [FML/]: Injected new block/item jinryuudragonblockc:DlogSword: 4145 (init) -> 4145 (map).
[00:17:51] [Server thread/INFO] [FML/]: Injected new block/item jinryuujrmcore:tile.Colorable Stone Pattern5_8Stairs: 668 (init) -> 668 (map).
[00:17:51] [Server thread/INFO] [FML/]: Injected new block/item jinryuudragonblockc:gi_color_0Chest: 4318 (init) -> 4318 (map).
[00:17:51] [Server thread/INFO] [FML/]: Injected new block/item jinryuudragonblockc:demonclanChest: 4232 (init) -> 4232 (map).
[00:17:51] [Server thread/INFO] [FML/]: Injected new block/item jinryuudragonblockc:superc17Chest: 4297 (init) -> 4297 (map).
[00:17:51] [Server thread/INFO] [FML/]: Injected new block/item jinryuujrmcore:tile.Colorable Stone Pattern3_3Stairs: 535 (init) -> 535 (map).
[00:17:51] [Server thread/INFO] [FML/]: Injected new block/item jinryuudragonblockc:GiFighterTorso3: 4415 (init) -> 4415 (map).
[00:17:51] [Server thread/INFO] [FML/]: Injected new block/item jinryuudragonblockc:ItemDinoMeatCookedBig: 4351 (init) -> 4351 (map).
[00:17:51] [Server thread/INFO] [FML/]: Injected new block/item jinryuudragonblockc:gi_color_13Chest: 4394 (init) -> 4394 (map).
[00:17:51] [Server thread/INFO] [FML/]: Injected new block/item jinryuudragonblockc:DnomaidHelmet: 4162 (init) -> 4162 (map).
[00:17:51] [Server thread/INFO] [FML/]: Injected new block/item jinryuudragonblockc:tile.BlockAlienCobbleStone: 682 (init) -> 682 (map).
[00:17:51] [Server thread/INFO] [FML/]: Injected new block/item jinryuudragonblockc:LehnoriIngot: 4141 (init) -> 4141 (map).
[00:17:51] [Server thread/INFO] [FML/]: Injected new block/item jinryuudragonblockc:hitBoots: 4281 (init) -> 4281 (map).
[00:17:51] [Server thread/INFO] [FML/]: Injected new block/item jinryuudragonblockc:GiFutureLeg0: 4405 (init) -> 4405 (map).
[00:17:51] [Server thread/INFO] [FML/]: Injected new block/item jinryuujrmcore:tile.Colorable Stone Pattern3_0Stairs: 532 (init) -> 532 (map).
[00:17:51] [Server thread/INFO] [FML/]: Injected new block/item jinryuudragonblockc:cabbaBoots: 4269 (init) -> 4269 (map).
[00:17:51] [Server thread/INFO] [FML/]: Injected new block/item jinryuudragonblockc:Sakura_Hoe: 4444 (init) -> 4444 (map).
[00:17:51] [Server thread/INFO] [FML/]: Injected new block/item jinryuudragonblockc:Sakura_Pickaxe: 4441 (init) -> 4441 (map).
[00:17:51] [Server thread/INFO] [FML/]: Injected new block/item jinryuujrmcore:tile.Colorable Stone Pattern3_1Stairs: 533 (init) -> 533 (map).
[00:17:51] [Server thread/INFO] [FML/]: Injected new block/item jinryuujrmcore:tile.Colorable Stone Pattern4_6Fence: 586 (init) -> 586 (map).
[00:17:51] [Server thread/INFO] [FML/]: Injected new block/item jinryuudragonblockc:mrpopoChest: 4244 (init) -> 4244 (map).
[00:17:51] [Server thread/INFO] [FML/]: Injected new block/item jinryuudragonblockc:tiensBoots: 4308 (init) -> 4308 (map).
[00:17:51] [Server thread/INFO] [FML/]: Injected new block/item jinryuujrmcore:tile.Colorable Stone Pattern1_13Slab: 226 (init) -> 226 (map).
[00:17:51] [Server thread/INFO] [FML/]: Injected new block/item jinryuudragonblockc:ItemJanembaEssence: 4138 (init) -> 4138 (map).
[00:17:51] [Server thread/INFO] [FML/]: Injected new block/item jinryuudragonblockc:tile.BlockDragonBallStone: 685 (init) -> 685 (map).
[00:17:51] [Server thread/INFO] [FML/]: Injected new block/item lootplusplus:command_trigger_block: 187 (init) -> 187 (map).
[00:17:51] [Server thread/INFO] [FML/]: Injected new block/item jinryuudragonblockc:DlogChest: 4159 (init) -> 4159 (map).
[00:17:51] [Server thread/INFO] [FML/]: Injected new block/item jinryuudragonblockc:tile.BlockOreWrenai: 687 (init) -> 687 (map).
[00:17:51] [Server thread/INFO] [FML/]: Injected new block/item jinryuudragonblockc:Maple_Axe: 4453 (init) -> 4453 (map).
[00:17:51] [Server thread/INFO] [FML/]: Injected new block/item jinryuujrmcore:tile.Colorable Stone Pattern5_4Fence: 648 (init) -> 648 (map).
[00:17:51] [Server thread/INFO] [FML/]: Injected new block/item jinryuujrmcore:tile.Colorable Stone Pattern1_14Fence: 243 (init) -> 243 (map).
[00:17:51] [Server thread/INFO] [FML/]: Injected new block/item jinryuujrmcore:tile.Colorable Stone Pattern4_0Stairs: 596 (init) -> 596 (map).
[00:17:51] [Server thread/INFO] [FML/]: Injected new block/item jinryuujrmcore:tile.Colorable Stone Pattern4_15Slab: 579 (init) -> 579 (map).
[00:17:51] [Server thread/INFO] [FML/]: Injected new block/item ironfurnaces:obsidian_furnace: 181 (init) -> 181 (map).
[00:17:51] [Server thread/INFO] [FML/]: Injected new block/item jinryuudragonblockc:kingkaiBoots: 4240 (init) -> 4240 (map).
[00:17:51] [Server thread/INFO] [FML/]: Injected new block/item jinryuujrmcore:tile.BlockBarrier: 676 (init) -> 676 (map).
[00:17:51] [Server thread/INFO] [FML/]: Injected new block/item jinryuudragonblockc:LehnoriSword: 4147 (init) -> 4147 (map).
[00:17:51] [Server thread/INFO] [FML/]: Injected new block/item jinryuujrmcore:tile.Colorable Stone Pattern1_3: 200 (init) -> 200 (map).
[00:17:51] [Server thread/INFO] [FML/]: Injected new block/item jinryuujrmcore:tile.Colorable Stone Pattern3_14Stairs: 546 (init) -> 546 (map).
[00:17:51] [Server thread/INFO] [FML/]: Injected new block/item jinryuujrmcore:tile.Colorable Stone Pattern1_2: 199 (init) -> 199 (map).
[00:17:51] [Server thread/INFO] [FML/]: Injected new block/item jinryuujrmcore:tile.Colorable Stone Pattern1_1: 198 (init) -> 198 (map).
[00:17:51] [Server thread/INFO] [FML/]: Injected new block/item jinryuujrmcore:tile.Colorable Stone Pattern1_0: 197 (init) -> 197 (map).
[00:17:51] [Server thread/INFO] [FML/]: Injected new block/item jinryuujrmcore:tile.Colorable Stone Pattern2_0Slab: 436 (init) -> 436 (map).
[00:17:51] [Server thread/INFO] [FML/]: Injected new block/item jinryuudragonblockc:saiyamanHead: 4216 (init) -> 4216 (map).
[00:17:51] [Server thread/INFO] [FML/]: Injected new block/item jinryuujrmcore:tile.Colorable Stone Pattern1_13Stairs: 411 (init) -> 411 (map).
[00:17:51] [Server thread/INFO] [FML/]: Injected new block/item jinryuujrmcore:tile.Colorable Stone Pattern5_15Stairs: 675 (init) -> 675 (map).
[00:17:51] [Server thread/INFO] [FML/]: Injected new block/item jinryuudragonblockc:uubChest: 4250 (init) -> 4250 (map).
[00:17:51] [Server thread/INFO] [FML/]: Injected new block/item jinryuujrmcore:tile.Colorable Stone Pattern3_15Fence: 531 (init) -> 531 (map).
[00:17:51] [Server thread/INFO] [FML/]: Injected new block/item jinryuujrmcore:tile.Colorable Stone Pattern1_9: 206 (init) -> 206 (map).
[00:17:51] [Server thread/INFO] [FML/]: Injected new block/item jinryuujrmcore:tile.Colorable Stone Pattern1_8: 205 (init) -> 205 (map).
[00:17:51] [Server thread/INFO] [FML/]: Injected new block/item jinryuujrmcore:tile.Colorable Stone Pattern1_7: 204 (init) -> 204 (map).
[00:17:51] [Server thread/INFO] [FML/]: Injected new block/item jinryuujrmcore:tile.Colorable Stone Pattern1_6: 203 (init) -> 203 (map).
[00:17:51] [Server thread/INFO] [FML/]: Injected new block/item jinryuudragonblockc:Sakura_Branch: 4439 (init) -> 4439 (map).
[00:17:51] [Server thread/INFO] [FML/]: Injected new block/item jinryuujrmcore:tile.Colorable Stone Pattern1_5: 202 (init) -> 202 (map).
[00:17:51] [Server thread/INFO] [FML/]: Injected new block/item jinryuujrmcore:tile.Colorable Stone Pattern1_4: 201 (init) -> 201 (map).
[00:17:51] [Server thread/INFO] [FML/]: Injected new block/item jinryuujrmcore:tile.Colorable Stone Pattern5_3Fence: 647 (init) -> 647 (map).
[00:17:51] [Server thread/INFO] [FML/]: Injected new block/item jinryuudragonblockc:JJay: 4144 (init) -> 4144 (map).
[00:17:51] [Server thread/INFO] [FML/]: Injected new block/item jinryuujrmcore:tile.Colorable Stone Pattern1_10Fence: 239 (init) -> 239 (map).
[00:17:51] [Server thread/INFO] [FML/]: Injected new block/item jinryuudragonblockc:c18sBoots: 4296 (init) -> 4296 (map).
[00:17:51] [Server thread/INFO] [FML/]: Injected new block/item jinryuudragonblockc:gi_color_5Chest: 4325 (init) -> 4325 (map).
[00:17:51] [Server thread/INFO] [FML/]: Injected new block/item jinryuujrmcore:tile.Colorable Stone Pattern4_12Stairs: 608 (init) -> 608 (map).
[00:17:51] [Server thread/INFO] [FML/]: Injected new block/item jinryuujrmcore:tile.Colorable Stone Pattern5_10Slab: 638 (init) -> 638 (map).
[00:17:51] [Server thread/INFO] [FML/]: Injected new block/item jinryuujrmcore:tile.Colorable Stone Pattern5_6Slab: 634 (init) -> 634 (map).
[00:17:51] [Server thread/INFO] [FML/]: Injected new block/item jinryuujrmcore:tile.Colorable Stone Pattern2_4Fence: 456 (init) -> 456 (map).
[00:17:51] [Server thread/INFO] [FML/]: Injected new block/item jinryuudragonblockc:ItemZSword: 4129 (init) -> 4129 (map).
[00:17:51] [Server thread/INFO] [FML/]: Injected new block/item jinryuujrmcore:tile.Colorable Stone Pattern4_9Slab: 573 (init) -> 573 (map).
[00:17:51] [Server thread/INFO] [FML/]: Injected new block/item jinryuudragonblockc:supkaiChest: 4220 (init) -> 4220 (map).
[00:17:51] [Server thread/INFO] [FML/]: Injected new block/item jinryuujrmcore:tile.Colorable Stone Pattern2_11Stairs: 479 (init) -> 479 (map).
[00:17:51] [Server thread/INFO] [FML/]: Injected new block/item jinryuujrmcore:tile.Colorable Stone Pattern2_11Slab: 447 (init) -> 447 (map).
[00:17:51] [Server thread/INFO] [FML/]: Injected new block/item jinryuudragonblockc:genblueChest: 4203 (init) -> 4203 (map).
[00:17:51] [Server thread/INFO] [FML/]: Injected new block/item jinryuudragonblockc:panBoots: 4311 (init) -> 4311 (map).
[00:17:51] [Server thread/INFO] [FML/]: Injected new block/item jinryuujrmcore:tile.Colorable Stone Pattern1_0Stairs: 245 (init) -> 245 (map).
[00:17:51] [Server thread/INFO] [FML/]: Injected new block/item jinryuujrmcore:tile.Colorable Stone Pattern5_10Stairs: 670 (init) -> 670 (map).
[00:17:51] [Server thread/INFO] [FML/]: Injected new block/item jinryuudragonblockc:karingaBoots: 4211 (init) -> 4211 (map).
[00:17:51] [Server thread/INFO] [FML/]: Injected new block/item jinryuudragonblockc:mrpopoBoots: 4246 (init) -> 4246 (map).
[00:17:51] [Server thread/INFO] [FML/]: Injected new block/item jinryuudragonblockc:PinkScouter: 4365 (init) -> 4365 (map).
[00:17:51] [Server thread/INFO] [FML/]: Injected new block/item jinryuudragonblockc:demonclanBoots: 4234 (init) -> 4234 (map).
[00:17:51] [Server thread/INFO] [FML/]: Injected new block/item jinryuudragonblockc:cabbaLeg: 4268 (init) -> 4268 (map).
[00:17:51] [Server thread/INFO] [FML/]: Injected new block/item jinryuujrmcore:tile.Colorable Stone Pattern1_4Slab: 217 (init) -> 217 (map).
[00:17:51] [Server thread/INFO] [FML/]: Injected new block/item jinryuujrmcore:tile.Colorable Stone Pattern3_1Fence: 517 (init) -> 517 (map).
[00:17:51] [Server thread/INFO] [FML/]: Injected new block/item jinryuudragonblockc:gi_color_2Boots: 4322 (init) -> 4322 (map).
[00:17:51] [Server thread/INFO] [FML/]: Injected new block/item jinryuujrmcore:tile.Colorable Stone Pattern4_10Fence: 590 (init) -> 590 (map).
[00:17:51] [Server thread/INFO] [FML/]: Injected new block/item ironfurnaces:diamond_furnace: 179 (init) -> 179 (map).
[00:17:51] [Server thread/INFO] [FML/]: Injected new block/item jinryuudragonblockc:c20Boots: 4187 (init) -> 4187 (map).
[00:17:51] [Server thread/INFO] [FML/]: Injected new block/item jinryuudragonblockc:c17Leg: 4175 (init) -> 4175 (map).
[00:17:51] [Server thread/INFO] [FML/]: Injected new block/item jinryuudragonblockc:saiyamanLeg: 4218 (init) -> 4218 (map).
[00:17:51] [Server thread/INFO] [FML/]: Injected new block/item jinryuudragonblockc:Mahagony_Axe: 4448 (init) -> 4448 (map).
[00:17:51] [Server thread/INFO] [FML/]: Injected new block/item jinryuudragonblockc:gokusBoots: 4278 (init) -> 4278 (map).
[00:17:51] [Server thread/INFO] [FML/]: Injected new block/item jinryuujrmcore:tile.Colorable Stone Pattern2_12Fence: 464 (init) -> 464 (map).
[00:17:51] [Server thread/INFO] [FML/]: Injected new block/item jinryuudragonblockc:ItemWeightCape: 4355 (init) -> 4355 (map).
[00:17:51] [Server thread/INFO] [FML/]: Injected new block/item jinryuujrmcore:tile.BlockStairs: 192 (init) -> 192 (map).
[00:17:51] [Server thread/INFO] [FML/]: Injected new block/item jinryuudragonblockc:hitChest: 4279 (init) -> 4279 (map).
[00:17:51] [Server thread/INFO] [FML/]: Injected new block/item jinryuudragonblockc:tile.Dnomaidore: 697 (init) -> 697 (map).
[00:17:51] [Server thread/INFO] [FML/]: Injected new block/item jinryuudragonblockc:Log: 743 (init) -> 743 (map).
[00:17:51] [Server thread/INFO] [FML/]: Injected new block/item jinryuudragonblockc:kingkaiLeg: 4239 (init) -> 4239 (map).
[00:17:51] [Server thread/INFO] [FML/]: Injected new block/item jinryuudragonblockc:MapleFenceGate: 748 (init) -> 748 (map).
[00:17:51] [Server thread/INFO] [FML/]: Injected new block/item jinryuudragonblockc:demonclanLeg: 4233 (init) -> 4233 (map).
[00:17:51] [Server thread/INFO] [FML/]: Injected new block/item jinryuujrmcore:tile.Colorable Stone Pattern5_2Stairs: 662 (init) -> 662 (map).
[00:17:51] [Server thread/INFO] [FML/]: Injected new block/item ironfurnaces:obsidian_furnace_active: 180 (init) -> 180 (map).
[00:17:51] [Server thread/INFO] [FML/]: Injected new block/item jinryuujrmcore:tile.Colorable Stone Pattern5_13Fence: 657 (init) -> 657 (map).
[00:17:51] [Server thread/INFO] [FML/]: Injected new block/item jinryuudragonblockc:yamchaChest: 4258 (init) -> 4258 (map).
[00:17:51] [Server thread/INFO] [FML/]: Injected new block/item jinryuudragonblockc:panLeg: 4310 (init) -> 4310 (map).
[00:17:51] [Server thread/INFO] [FML/]: Injected new block/item jinryuujrmcore:tile.Colorable Stone Pattern2_2Stairs: 470 (init) -> 470 (map).
[00:17:51] [Server thread/INFO] [FML/]: Injected new block/item jinryuudragonblockc:RedScouterb: 4423 (init) -> 4423 (map).
[00:17:51] [Server thread/INFO] [FML/]: Injected new block/item jinryuudragonblockc:RedScoutera: 4417 (init) -> 4417 (map).
[00:17:51] [Server thread/INFO] [FML/]: Injected new block/item jinryuujrmcore:tile.Colorable Stone Pattern5_7Slab: 635 (init) -> 635 (map).
[00:17:51] [Server thread/INFO] [FML/]: Injected new block/item jinryuudragonblockc:tracksuitBoots: 4266 (init) -> 4266 (map).
[00:17:51] [Server thread/INFO] [FML/]: Injected new block/item jinryuudragonblockc:gokusLeg: 4277 (init) -> 4277 (map).
[00:17:51] [Server thread/INFO] [FML/]: Injected new block/item jinryuujrmcore:tile.Colorable Stone Pattern2_12Slab: 448 (init) -> 448 (map).
[00:17:51] [Server thread/INFO] [FML/]: Injected new block/item ironfurnaces:iron_furnace: 169 (init) -> 169 (map).
[00:17:51] [Server thread/INFO] [FML/]: Injected new block/item jinryuujrmcore:tile.Colorable Stone Pattern5_10: 622 (init) -> 622 (map).
[00:17:51] [Server thread/INFO] [FML/]: Injected new block/item jinryuudragonblockc:pilafLeg: 4214 (init) -> 4214 (map).
[00:17:51] [Server thread/INFO] [FML/]: Injected new block/item jinryuujrmcore:tile.Colorable Stone Pattern3_8Stairs: 540 (init) -> 540 (map).
[00:17:51] [Server thread/INFO] [FML/]: Injected new block/item jinryuujrmcore:tile.Colorable Stone Pattern2_13Fence: 465 (init) -> 465 (map).
[00:17:51] [Server thread/INFO] [FML/]: Injected new block/item jinryuujrmcore:tile.Colorable Stone Pattern5_15: 627 (init) -> 627 (map).
[00:17:51] [Server thread/INFO] [FML/]: Injected new block/item jinryuujrmcore:tile.Colorable Stone Pattern5_12: 624 (init) -> 624 (map).
[00:17:51] [Server thread/INFO] [FML/]: Injected new block/item jinryuujrmcore:tile.Colorable Stone Pattern5_11: 623 (init) -> 623 (map).
[00:17:51] [Server thread/INFO] [FML/]: Injected new block/item ironfurnaces:gold_furnace: 177 (init) -> 177 (map).
[00:17:51] [Server thread/INFO] [FML/]: Injected new block/item jinryuujrmcore:tile.Colorable Stone Pattern5_14: 626 (init) -> 626 (map).
[00:17:51] [Server thread/INFO] [FML/]: Injected new block/item jinryuujrmcore:tile.Colorable Stone Pattern5_13: 625 (init) -> 625 (map).
[00:17:51] [Server thread/INFO] [FML/]: Injected new block/item jinryuudragonblockc:superc17Leg: 4298 (init) -> 4298 (map).
[00:17:51] [Server thread/INFO] [FML/]: Injected new block/item jinryuujrmcore:tile.Colorable Stone Pattern2_1Slab: 437 (init) -> 437 (map).
[00:17:51] [Server thread/INFO] [FML/]: Injected new block/item jinryuudragonblockc:superc17Boots: 4299 (init) -> 4299 (map).
[00:17:51] [Server thread/INFO] [FML/]: Injected new block/item jinryuudragonblockc:ItemDimensionSword: 4137 (init) -> 4137 (map).
[00:17:51] [Server thread/INFO] [FML/]: Injected new block/item jinryuudragonblockc:BattleArmorBoots08: 4390 (init) -> 4390 (map).
[00:17:51] [Server thread/INFO] [FML/]: Injected new block/item jinryuudragonblockc:BattleArmorBoots07: 4388 (init) -> 4388 (map).
[00:17:51] [Server thread/INFO] [FML/]: Injected new block/item jinryuujrmcore:tile.Colorable Stone Pattern2_7Stairs: 475 (init) -> 475 (map).
[00:17:51] [Server thread/INFO] [FML/]: Injected new block/item jinryuujrmcore:tile.Colorable Stone Pattern3_14Fence: 530 (init) -> 530 (map).
[00:17:51] [Server thread/INFO] [FML/]: Injected new block/item jinryuudragonblockc:lordslugBoots: 4243 (init) -> 4243 (map).
[00:17:51] [Server thread/INFO] [FML/]: Injected new block/item jinryuudragonblockc:BattleArmorBoots09: 4393 (init) -> 4393 (map).
[00:17:51] [Server thread/INFO] [FML/]: Injected new block/item jinryuujrmcore:tile.Colorable Stone Pattern4_11Fence: 591 (init) -> 591 (map).
[00:17:51] [Server thread/INFO] [FML/]: Injected new block/item jinryuudragonblockc:ItemPP: 4140 (init) -> 4140 (map).
[00:17:51] [Server thread/INFO] [FML/]: Injected new block/item jinryuudragonblockc:BattleArmorBoots04: 4380 (init) -> 4380 (map).
[00:17:51] [Server thread/INFO] [FML/]: Injected new block/item jinryuujrmcore:tile.Colorable Stone Pattern3_2Fence: 518 (init) -> 518 (map).
[00:17:51] [Server thread/INFO] [FML/]: Injected new block/item jinryuudragonblockc:BattleArmorBoots03: 4377 (init) -> 4377 (map).
[00:17:51] [Server thread/INFO] [FML/]: Injected new block/item jinryuujrmcore:tile.Colorable Stone Pattern5_9: 621 (init) -> 621 (map).
[00:17:51] [Server thread/INFO] [FML/]: Injected new block/item jinryuudragonblockc:BattleArmorBoots06: 4386 (init) -> 4386 (map).
[00:17:51] [Server thread/INFO] [FML/]: Injected new block/item jinryuujrmcore:tile.Colorable Stone Pattern5_8: 620 (init) -> 620 (map).
[00:17:51] [Server thread/INFO] [FML/]: Injected new block/item jinryuudragonblockc:gi_color_6Chest: 4326 (init) -> 4326 (map).
[00:17:51] [Server thread/INFO] [FML/]: Injected new block/item jinryuudragonblockc:BattleArmorBoots05: 4383 (init) -> 4383 (map).
[00:17:51] [Server thread/INFO] [FML/]: Injected new block/item jinryuudragonblockc:BattleArmorBoots00: 4368 (init) -> 4368 (map).
[00:17:51] [Server thread/INFO] [FML/]: Injected new block/item jinryuudragonblockc:BattleArmorBoots02: 4374 (init) -> 4374 (map).
[00:17:51] [Server thread/INFO] [FML/]: Injected new block/item jinryuujrmcore:tile.Colorable Stone Pattern1_9Stairs: 254 (init) -> 254 (map).
[00:17:51] [Server thread/INFO] [FML/]: Injected new block/item jinryuudragonblockc:BattleArmorBoots01: 4371 (init) -> 4371 (map).
[00:17:51] [Server thread/INFO] [FML/]: Injected new block/item jinryuudragonblockc:c18-2Boots: 4302 (init) -> 4302 (map).
[00:17:51] [Server thread/INFO] [FML/]: Injected new block/item jinryuudragonblockc:ItemDragonRadar: 4357 (init) -> 4357 (map).
[00:17:51] [Server thread/INFO] [FML/]: Injected new block/item jinryuudragonblockc:cauliflaChest: 4270 (init) -> 4270 (map).
[00:17:51] [Server thread/INFO] [FML/]: Injected new block/item jinryuujrmcore:tile.Colorable Stone Pattern4_7Slab: 571 (init) -> 571 (map).
[00:17:51] [Server thread/INFO] [FML/]: Injected new block/item adventurebackpack:adventureBackpack: 4100 (init) -> 4100 (map).
[00:17:51] [Server thread/INFO] [FML/]: Injected new block/item jinryuujrmcore:tile.Colorable Stone Pattern5_7: 619 (init) -> 619 (map).
[00:17:51] [Server thread/INFO] [FML/]: Injected new block/item jinryuujrmcore:tile.Colorable Stone Pattern5_6: 618 (init) -> 618 (map).
[00:17:51] [Server thread/INFO] [FML/]: Injected new block/item jinryuujrmcore:tile.Colorable Stone Pattern5_5: 617 (init) -> 617 (map).
[00:17:51] [Server thread/INFO] [FML/]: Injected new block/item jinryuujrmcore:tile.Colorable Stone Pattern5_4: 616 (init) -> 616 (map).
[00:17:51] [Server thread/INFO] [FML/]: Injected new block/item jinryuujrmcore:tile.Colorable Stone Pattern5_3: 615 (init) -> 615 (map).
[00:17:51] [Server thread/INFO] [FML/]: Injected new block/item jinryuujrmcore:tile.Colorable Stone Pattern5_2: 614 (init) -> 614 (map).
[00:17:51] [Server thread/INFO] [FML/]: Injected new block/item jinryuudragonblockc:kaleBoots: 4284 (init) -> 4284 (map).
[00:17:51] [Server thread/INFO] [FML/]: Injected new block/item jinryuujrmcore:tile.Colorable Stone Pattern5_1: 613 (init) -> 613 (map).
[00:17:51] [Server thread/INFO] [FML/]: Injected new block/item adventurebackpack:adventureHat: 4098 (init) -> 4098 (map).
[00:17:51] [Server thread/INFO] [FML/]: Injected new block/item jinryuujrmcore:tile.Colorable Stone Pattern5_0: 612 (init) -> 612 (map).
[00:17:51] [Server thread/INFO] [FML/]: Injected new block/item jinryuujrmcore:tile.Colorable Stone Pattern4_13Slab: 577 (init) -> 577 (map).
[00:17:51] [Server thread/INFO] [FML/]: Injected new block/item jinryuudragonblockc:tile.BlockDragonBall: 686 (init) -> 686 (map).
[00:17:51] [Server thread/INFO] [FML/]: Injected new block/item jinryuujrmcore:tile.Colorable Stone Pattern3_0Fence: 516 (init) -> 516 (map).
[00:17:51] [Server thread/INFO] [FML/]: Injected new block/item jinryuudragonblockc:darburaChest: 4188 (init) -> 4188 (map).
[00:17:51] [Server thread/INFO] [FML/]: Injected new block/item jinryuudragonblockc:c20Head: 4184 (init) -> 4184 (map).
[00:17:51] [Server thread/INFO] [FML/]: Injected new block/item jinryuudragonblockc:orintempBoots: 4249 (init) -> 4249 (map).
[00:17:51] [Server thread/INFO] [FML/]: Injected new block/item jinryuudragonblockc:orintempLeg: 4248 (init) -> 4248 (map).
[00:17:51] [Server thread/INFO] [FML/]: Injected new block/item jinryuudragonblockc:fusiondChest: 4226 (init) -> 4226 (map).
[00:17:51] [Server thread/INFO] [FML/]: Injected new block/item jinryuudragonblockc:tile.katchin_block0: 711 (init) -> 711 (map).
[00:17:51] [Server thread/INFO] [FML/]: Injected new block/item jinryuujrmcore:tile.Colorable Stone Pattern5_8Slab: 636 (init) -> 636 (map).
[00:17:51] [Server thread/INFO] [FML/]: Injected new block/item jinryuudragonblockc:SakuraPaperWall: 731 (init) -> 731 (map).
[00:17:51] [Server thread/INFO] [FML/]: Injected new block/item jinryuudragonblockc:saiyamanBoots: 4219 (init) -> 4219 (map).
[00:17:51] [Server thread/INFO] [FML/]: Injected new block/item jinryuudragonblockc:GiFighterBoots1: 4400 (init) -> 4400 (map).
[00:17:51] [Server thread/INFO] [FML/]: Injected new block/item jinryuudragonblockc:GiFighterBoots2: 4409 (init) -> 4409 (map).
[00:17:51] [Server thread/INFO] [FML/]: Injected new block/item jinryuujrmcore:tile.Colorable Stone Pattern4_5Fence: 585 (init) -> 585 (map).
[00:17:51] [Server thread/INFO] [FML/]: Injected new block/item jinryuudragonblockc:supkaiblackLeg: 4262 (init) -> 4262 (map).
[00:17:51] [Server thread/INFO] [FML/]: Injected new block/item jinryuudragonblockc:tile.BlockNamekLeaves: 692 (init) -> 692 (map).
[00:17:51] [Server thread/INFO] [FML/]: Injected new block/item jinryuudragonblockc:MahagonyStairs: 736 (init) -> 736 (map).
[00:17:51] [Server thread/INFO] [FML/]: Injected new block/item jinryuujrmcore:tile.Colorable Stone Pattern1_6Fence: 235 (init) -> 235 (map).
[00:17:51] [Server thread/INFO] [FML/]: Injected new block/item jinryuujrmcore:tile.Colorable Stone Pattern5_1Stairs: 661 (init) -> 661 (map).
[00:17:51] [Server thread/INFO] [FML/]: Injected new block/item jinryuudragonblockc:gi_color_4Chest: 4324 (init) -> 4324 (map).
[00:17:51] [Server thread/INFO] [FML/]: Injected new block/item jinryuujrmcore:tile.stoneSingleSlab2: 194 (init) -> 194 (map).
[00:17:51] [Server thread/INFO] [FML/]: Injected new block/item jinryuujrmcore:tile.Colorable Stone Pattern2_6Stairs: 474 (init) -> 474 (map).
[00:17:51] [Server thread/INFO] [FML/]: Injected new block/item jinryuudragonblockc:majinbuuChest: 4194 (init) -> 4194 (map).
[00:17:51] [Server thread/INFO] [FML/]: Injected new block/item jinryuujrmcore:tile.Colorable Stone Pattern3_10Stairs: 542 (init) -> 542 (map).
[00:17:51] [Server thread/INFO] [FML/]: Injected new block/item jinryuujrmcore:tile.Colorable Stone Pattern1_8Fence: 237 (init) -> 237 (map).
[00:17:51] [Server thread/INFO] [FML/]: Injected new block/item jinryuudragonblockc:ItemWeightShell: 4352 (init) -> 4352 (map).
[00:17:51] [Server thread/INFO] [FML/]: Injected new block/item lootplusplus:dummy_tab_icon_record: 4105 (init) -> 4105 (map).
[00:17:51] [Server thread/INFO] [FML/]: Injected new block/item jinryuujrmcore:tile.Colorable Stone Pattern1_5Stairs: 250 (init) -> 250 (map).
[00:17:51] [Server thread/INFO] [FML/]: Injected new block/item jinryuujrmcore:tile.Colorable Stone Pattern3_1: 485 (init) -> 485 (map).
[00:17:51] [Server thread/INFO] [FML/]: Injected new block/item jinryuujrmcore:tile.Colorable Stone Pattern3_0: 484 (init) -> 484 (map).
[00:17:51] [Server thread/INFO] [FML/]: Injected new block/item jinryuujrmcore:tile.Colorable Stone Pattern3_0Slab: 500 (init) -> 500 (map).
[00:17:51] [Server thread/INFO] [FML/]: Injected new block/item jinryuudragonblockc:BlueScouterb: 4425 (init) -> 4425 (map).
[00:17:51] [Server thread/INFO] [FML/]: Injected new block/item jinryuudragonblockc:KintounBlackItem: 4120 (init) -> 4120 (map).
[00:17:51] [Server thread/INFO] [FML/]: Injected new block/item jinryuudragonblockc:BlueScoutera: 4419 (init) -> 4419 (map).
[00:17:51] [Server thread/INFO] [FML/]: Injected new block/item jinryuudragonblockc:c17Boots: 4176 (init) -> 4176 (map).
[00:17:51] [Server thread/INFO] [FML/]: Injected new block/item jinryuujrmcore:tile.Colorable Stone Pattern3_9: 493 (init) -> 493 (map).
[00:17:51] [Server thread/INFO] [FML/]: Injected new block/item jinryuujrmcore:tile.Colorable Stone Pattern3_9Slab: 509 (init) -> 509 (map).
[00:17:51] [Server thread/INFO] [FML/]: Injected new block/item jinryuujrmcore:tile.Colorable Stone Pattern3_8: 492 (init) -> 492 (map).
[00:17:51] [Server thread/INFO] [FML/]: Injected new block/item jinryuujrmcore:tile.Colorable Stone Pattern3_7: 491 (init) -> 491 (map).
[00:17:51] [Server thread/INFO] [FML/]: Injected new block/item jinryuujrmcore:tile.Colorable Stone Pattern3_6: 490 (init) -> 490 (map).
[00:17:51] [Server thread/INFO] [FML/]: Injected new block/item jinryuujrmcore:tile.Colorable Stone Pattern3_5: 489 (init) -> 489 (map).
[00:17:51] [Server thread/INFO] [FML/]: Injected new block/item jinryuujrmcore:tile.Colorable Stone Pattern3_9Fence: 525 (init) -> 525 (map).
[00:17:51] [Server thread/INFO] [FML/]: Injected new block/item jinryuujrmcore:tile.Colorable Stone Pattern3_4: 488 (init) -> 488 (map).
[00:17:51] [Server thread/INFO] [FML/]: Injected new block/item jinryuujrmcore:tile.Colorable Stone Pattern3_3: 487 (init) -> 487 (map).
[00:17:51] [Server thread/INFO] [FML/]: Injected new block/item jinryuujrmcore:tile.Colorable Stone Pattern3_2: 486 (init) -> 486 (map).
[00:17:51] [Server thread/INFO] [FML/]: Injected new block/item jinryuudragonblockc:Maple_Pickaxe: 4452 (init) -> 4452 (map).
[00:17:51] [Server thread/INFO] [FML/]: Injected new block/item jinryuujrmcore:tile.Colorable Stone Pattern4_8Slab: 572 (init) -> 572 (map).
[00:17:51] [Server thread/INFO] [FML/]: Injected new block/item jinryuudragonblockc:tienBoots: 4199 (init) -> 4199 (map).
[00:17:51] [Server thread/INFO] [FML/]: Injected new block/item jinryuudragonblockc:c20Leg: 4186 (init) -> 4186 (map).
[00:17:51] [Server thread/INFO] [FML/]: Injected new block/item jinryuujrmcore:tile.Colorable Stone Pattern3_13: 497 (init) -> 497 (map).
[00:17:51] [Server thread/INFO] [FML/]: Injected new block/item jinryuujrmcore:tile.Colorable Stone Pattern3_14: 498 (init) -> 498 (map).
[00:17:51] [Server thread/INFO] [FML/]: Injected new block/item jinryuujrmcore:tile.Colorable Stone Pattern3_15: 499 (init) -> 499 (map).
[00:17:51] [Server thread/INFO] [FML/]: Injected new block/item jinryuujrmcore:tile.Colorable Stone Pattern3_10: 494 (init) -> 494 (map).
[00:17:51] [Server thread/INFO] [FML/]: Injected new block/item jinryuujrmcore:tile.Colorable Stone Pattern3_11: 495 (init) -> 495 (map).
[00:17:51] [Server thread/INFO] [FML/]: Injected new block/item jinryuujrmcore:tile.Colorable Stone Pattern3_12: 496 (init) -> 496 (map).
[00:17:51] [Server thread/INFO] [FML/]: Injected new block/item jinryuudragonblockc:gi_color_1Leg: 4321 (init) -> 4321 (map).
[00:17:51] [Server thread/INFO] [FML/]: Injected new block/item jinryuudragonblockc:ItemBraveSwordHandle: 4131 (init) -> 4131 (map).
[00:17:51] [Server thread/INFO] [FML/]: Injected new block/item jinryuujrmcore:tile.Colorable Stone Pattern4_14Slab: 578 (init) -> 578 (map).
[00:17:51] [Server thread/INFO] [FML/]: Injected new block/item jinryuujrmcore:tile.Colorable Stone Pattern3_15Stairs: 547 (init) -> 547 (map).
[00:17:51] [Server thread/INFO] [FML/]: Injected new block/item jinryuujrmcore:ItemBarberSnC: 4109 (init) -> 4109 (map).
[00:17:51] [Server thread/INFO] [FML/]: Injected new block/item jinryuujrmcore:tile.Colorable Stone Pattern4_7Fence: 587 (init) -> 587 (map).
[00:17:51] [Server thread/INFO] [FML/]: Injected new block/item jinryuudragonblockc:ItemKatchin: 4127 (init) -> 4127 (map).
[00:17:51] [Server thread/INFO] [FML/]: Injected new block/item jinryuudragonblockc:tile.katchin_block2: 713 (init) -> 713 (map).
[00:17:51] [Server thread/INFO] [FML/]: Injected new block/item jinryuudragonblockc:tile.katchin_block1: 712 (init) -> 712 (map).
[00:17:51] [Server thread/INFO] [FML/]: Injected new block/item jinryuudragonblockc:LehnoriBoots: 4157 (init) -> 4157 (map).
[00:17:51] [Server thread/INFO] [FML/]: Injected new block/item jinryuudragonblockc:c19Boots: 4183 (init) -> 4183 (map).
[00:17:51] [Server thread/INFO] [FML/]: Injected new block/item jinryuudragonblockc:Sakura_Sword: 4445 (init) -> 4445 (map).
[00:17:51] [Server thread/INFO] [FML/]: Injected new block/item jinryuujrmcore:tile.Colorable Stone Pattern1_4Stairs: 249 (init) -> 249 (map).
[00:17:51] [Server thread/INFO] [FML/]: Injected new block/item jinryuudragonblockc:BattleArmorChest00: 4366 (init) -> 4366 (map).
[00:17:51] [Server thread/INFO] [FML/]: Injected new block/item jinryuudragonblockc:tile.ArtGravDevBlock: 706 (init) -> 706 (map).
[00:17:51] [Server thread/INFO] [FML/]: Injected new block/item jinryuudragonblockc:BattleArmorChest01: 4369 (init) -> 4369 (map).
[00:17:51] [Server thread/INFO] [FML/]: Injected new block/item jinryuudragonblockc:BattleArmorChest02: 4372 (init) -> 4372 (map).
[00:17:51] [Server thread/INFO] [FML/]: Injected new block/item jinryuujrmcore:tile.Colorable Stone Pattern5_9Slab: 637 (init) -> 637 (map).
[00:17:51] [Server thread/INFO] [FML/]: Injected new block/item jinryuudragonblockc:BattleArmorChest07: 4387 (init) -> 4387 (map).
[00:17:51] [Server thread/INFO] [FML/]: Injected new block/item jinryuujrmcore:tile.Colorable Stone Pattern5_11Fence: 655 (init) -> 655 (map).
[00:17:51] [Server thread/INFO] [FML/]: Injected new block/item jinryuudragonblockc:BattleArmorChest08: 4389 (init) -> 4389 (map).
[00:17:51] [Server thread/INFO] [FML/]: Injected new block/item jinryuudragonblockc:BattleArmorChest09: 4391 (init) -> 4391 (map).
[00:17:51] [Server thread/INFO] [FML/]: Injected new block/item jinryuudragonblockc:BattleArmorChest03: 4375 (init) -> 4375 (map).
[00:17:51] [Server thread/INFO] [FML/]: Injected new block/item jinryuudragonblockc:ItemWeightShirt: 4353 (init) -> 4353 (map).
[00:17:51] [Server thread/INFO] [FML/]: Injected new block/item jinryuudragonblockc:BattleArmorChest04: 4378 (init) -> 4378 (map).
[00:17:51] [Server thread/INFO] [FML/]: Injected new block/item jinryuudragonblockc:BattleArmorChest05: 4381 (init) -> 4381 (map).
[00:17:51] [Server thread/INFO] [FML/]: Injected new block/item jinryuudragonblockc:Sakura_Shovel: 4443 (init) -> 4443 (map).
[00:17:51] [Server thread/INFO] [FML/]: Injected new block/item jinryuudragonblockc:BattleArmorChest06: 4384 (init) -> 4384 (map).
[00:17:51] [Server thread/INFO] [FML/]: Injected new block/item jinryuudragonblockc:ItemKatanaSwordBlade: 4133 (init) -> 4133 (map).
[00:17:51] [Server thread/INFO] [FML/]: Injected new block/item jinryuudragonblockc:Mahagony_Hoe: 4450 (init) -> 4450 (map).
[00:17:51] [Server thread/INFO] [FML/]: Injected new block/item jinryuujrmcore:tile.Colorable Stone Pattern4_0Fence: 580 (init) -> 580 (map).
[00:17:51] [Server thread/INFO] [FML/]: Injected new block/item jinryuudragonblockc:ItemKatanaHandle: 4130 (init) -> 4130 (map).
[00:17:51] [Server thread/INFO] [FML/]: Injected new block/item jinryuudragonblockc:ItemBucketMedLiq: 4121 (init) -> 4121 (map).
[00:17:51] [Server thread/INFO] [FML/]: Injected new block/item jinryuujrmcore:tile.Colorable Stone Pattern3_13Stairs: 545 (init) -> 545 (map).
[00:17:51] [Server thread/INFO] [FML/]: Injected new block/item jinryuujrmcore:tile.Colorable Stone Pattern1_1Fence: 230 (init) -> 230 (map).
[00:17:51] [Server thread/INFO] [FML/]: Injected new block/item jinryuudragonblockc:c19Leg: 4182 (init) -> 4182 (map).
[00:17:51] [Server thread/INFO] [FML/]: Injected new block/item jinryuudragonblockc:Maple_Sword: 4456 (init) -> 4456 (map).
[00:17:51] [Server thread/INFO] [FML/]: Injected new block/item jinryuujrmcore:tile.Colorable Stone Pattern2_10Slab: 446 (init) -> 446 (map).
[00:17:51] [Server thread/INFO] [FML/]: Injected new block/item jinryuujrmcore:tile.Colorable Stone Pattern2_2Fence: 454 (init) -> 454 (map).
[00:17:51] [Server thread/INFO] [FML/]: Injected new block/item jinryuujrmcore:tile.Colorable Stone Pattern3_8Slab: 508 (init) -> 508 (map).
[00:17:51] [Server thread/INFO] [FML/]: Injected new block/item lootplusplus:command_block_trigger: 186 (init) -> 186 (map).
[00:17:51] [Server thread/INFO] [FML/]: Injected new block/item jinryuudragonblockc:xenogoku01Boots: 4317 (init) -> 4317 (map).
[00:17:51] [Server thread/INFO] [FML/]: Injected new block/item jinryuujrmcore:tile.Colorable Stone Pattern3_1Slab: 501 (init) -> 501 (map).
[00:17:51] [Server thread/INFO] [FML/]: Injected new block/item jinryuujrmcore:tile.Colorable Stone Pattern4_12Fence: 592 (init) -> 592 (map).
[00:17:51] [Server thread/INFO] [FML/]: Injected new block/item jinryuujrmcore:tile.Colorable Stone Pattern2_4Slab: 440 (init) -> 440 (map).
[00:17:51] [Server thread/INFO] [FML/]: Injected new block/item jinryuujrmcore:tile.Colorable Stone Pattern3_3Fence: 519 (init) -> 519 (map).
[00:17:51] [Server thread/INFO] [FML/]: Injected new block/item jinryuudragonblockc:DlogHelmet: 4158 (init) -> 4158 (map).
[00:17:51] [Server thread/INFO] [FML/]: Injected new block/item jinryuujrmcore:tile.Colorable Stone Pattern1_7Slab: 220 (init) -> 220 (map).
[00:17:51] [Server thread/INFO] [FML/]: Injected new block/item jinryuudragonblockc:Maples: 733 (init) -> 733 (map).
[00:17:51] [Server thread/INFO] [FML/]: Injected new block/item jinryuudragonblockc:karingaLeg: 4210 (init) -> 4210 (map).
[00:17:51] [Server thread/INFO] [FML/]: Injected new block/item jinryuudragonblockc:ItemWarenaiFabric: 4343 (init) -> 4343 (map).
[00:17:51] [Server thread/INFO] [FML/]: Injected new block/item jinryuujrmcore:tile.Colorable Stone Pattern4_4Fence: 584 (init) -> 584 (map).
[00:17:51] [Server thread/INFO] [FML/]: Injected new block/item jinryuujrmcore:tile.Colorable Stone Pattern3_13Fence: 529 (init) -> 529 (map).
[00:17:51] [Server thread/INFO] [FML/]: Injected new block/item jinryuujrmcore:tile.Colorable Stone Pattern2_15Slab: 451 (init) -> 451 (map).
[00:17:51] [Server thread/INFO] [FML/]: Injected new block/item jinryuujrmcore:tile.Colorable Stone Pattern3_10Slab: 510 (init) -> 510 (map).
[00:17:51] [Server thread/INFO] [FML/]: Injected new block/item jinryuujrmcore:tile.Colorable Stone Pattern1_6Stairs: 251 (init) -> 251 (map).
[00:17:51] [Server thread/INFO] [FML/]: Injected new block/item jinryuujrmcore:tile.Colorable Stone Pattern2_14Fence: 466 (init) -> 466 (map).
[00:17:51] [Server thread/INFO] [FML/]: Injected new block/item jinryuudragonblockc:majinbuufatBoots: 4193 (init) -> 4193 (map).
[00:17:51] [Server thread/INFO] [FML/]: Injected new block/item jinryuudragonblockc:vegetasBoots: 4290 (init) -> 4290 (map).
[00:17:51] [Server thread/INFO] [FML/]: Injected new block/item jinryuujrmcore:tile.Colorable Stone Pattern5_5Fence: 649 (init) -> 649 (map).
[00:17:51] [Server thread/INFO] [FML/]: Injected new block/item jinryuudragonblockc:tile.namekian_throneBlock: 710 (init) -> 710 (map).
[00:17:51] [Server thread/INFO] [FML/]: Injected new block/item jinryuudragonblockc:GreenScouter: 4364 (init) -> 4364 (map).
[00:17:51] [Server thread/INFO] [FML/]: Injected new block/item jinryuudragonblockc:Maple_Stick: 4438 (init) -> 4438 (map).
[00:17:51] [Server thread/INFO] [FML/]: Injected new block/item adventurebackpack:blockCampFire: 167 (init) -> 167 (map).
[00:17:51] [Server thread/INFO] [FML/]: Injected new block/item jinryuudragonblockc:tile.BlockNamekGrass: 688 (init) -> 688 (map).
[00:17:51] [Server thread/INFO] [FML/]: Injected new block/item jinryuujrmcore:tile.Colorable Stone Pattern2_5Stairs: 473 (init) -> 473 (map).
[00:17:51] [Server thread/INFO] [FML/]: Injected new block/item jinryuujrmcore:tile.Colorable Stone Pattern1_12Fence: 241 (init) -> 241 (map).
[00:17:51] [Server thread/INFO] [FML/]: Injected new block/item adventurebackpack:backpackHose: 4101 (init) -> 4101 (map).
[00:17:51] [Server thread/INFO] [FML/]: Injected new block/item jinryuudragonblockc:Sakura_Stick: 4436 (init) -> 4436 (map).
[00:17:51] [Server thread/INFO] [FML/]: Injected new block/item jinryuudragonblockc:tile.BlockWildMedMoss: 708 (init) -> 708 (map).
[00:17:51] [Server thread/INFO] [FML/]: Injected new block/item jinryuudragonblockc:gi_color_14Chest: 4395 (init) -> 4395 (map).
[00:17:51] [Server thread/INFO] [FML/]: Injected new block/item jinryuudragonblockc:videlLeg: 4256 (init) -> 4256 (map).
[00:17:51] [Server thread/INFO] [FML/]: Injected new block/item jinryuudragonblockc:ItemAlienTechChipTier1: 4345 (init) -> 4345 (map).
[00:17:51] [Server thread/INFO] [FML/]: Injected new block/item jinryuudragonblockc:c16Chest: 4171 (init) -> 4171 (map).
[00:17:51] [Server thread/INFO] [FML/]: Injected new block/item jinryuujrmcore:tile.Colorable Stone Pattern3_7Fence: 523 (init) -> 523 (map).
[00:17:51] [Server thread/INFO] [FML/]: Injected new block/item jinryuujrmcore:jrmc_vanity_2: 4113 (init) -> 4113 (map).
[00:17:51] [Server thread/INFO] [FML/]: Injected new block/item jinryuujrmcore:jrmc_vanity_1: 4112 (init) -> 4112 (map).
[00:17:51] [Server thread/INFO] [FML/]: Injected new block/item jinryuujrmcore:jrmc_vanity_0: 4111 (init) -> 4111 (map).
[00:17:51] [Server thread/INFO] [FML/]: Injected new block/item jinryuudragonblockc:GiFighterLeg2: 4408 (init) -> 4408 (map).
[00:17:51] [Server thread/INFO] [FML/]: Injected new block/item jinryuujrmcore:jrmc_vanity_6: 4117 (init) -> 4117 (map).
[00:17:51] [Server thread/INFO] [FML/]: Injected new block/item jinryuujrmcore:jrmc_vanity_5: 4116 (init) -> 4116 (map).
[00:17:51] [Server thread/INFO] [FML/]: Injected new block/item jinryuudragonblockc:GiFighterLeg1: 4399 (init) -> 4399 (map).
[00:17:51] [Server thread/INFO] [FML/]: Injected new block/item jinryuujrmcore:tile.Colorable Stone Pattern5_14Slab: 642 (init) -> 642 (map).
[00:17:51] [Server thread/INFO] [FML/]: Injected new block/item jinryuujrmcore:jrmc_vanity_4: 4115 (init) -> 4115 (map).
[00:17:51] [Server thread/INFO] [FML/]: Injected new block/item jinryuudragonblockc:pridetrooperBoots: 4287 (init) -> 4287 (map).
[00:17:51] [Server thread/INFO] [FML/]: Injected new block/item jinryuujrmcore:jrmc_vanity_3: 4114 (init) -> 4114 (map).
[00:17:51] [Server thread/INFO] [FML/]: Injected new block/item jinryuujrmcore:tile.Colorable Stone Pattern4_5Slab: 569 (init) -> 569 (map).
[00:17:51] [Server thread/INFO] [FML/]: Injected new block/item jinryuujrmcore:tile.BlockFence2: 195 (init) -> 195 (map).
[00:17:51] [Server thread/INFO] [FML/]: Injected new block/item jinryuudragonblockc:tienbLeg: 4304 (init) -> 4304 (map).
[00:17:51] [Server thread/INFO] [FML/]: Injected new block/item jinryuujrmcore:tile.Colorable Stone Pattern2_0Stairs: 468 (init) -> 468 (map).
[00:17:51] [Server thread/INFO] [FML/]: Injected new block/item jinryuujrmcore:tile.BlockBorder: 677 (init) -> 677 (map).
[00:17:51] [Server thread/INFO] [FML/]: Injected new block/item jinryuudragonblockc:BlueScouter: 4363 (init) -> 4363 (map).
[00:17:51] [Server thread/INFO] [FML/]: Injected new block/item jinryuujrmcore:tile.Colorable Stone Pattern4_8Fence: 588 (init) -> 588 (map).
[00:17:51] [Server thread/INFO] [FML/]: Injected new block/item jinryuujrmcore:tile.Colorable Stone Pattern5_14Fence: 658 (init) -> 658 (map).
[00:17:51] [Server thread/INFO] [FML/]: Injected new block/item jinryuujrmcore:tile.Colorable Stone Pattern4_6Slab: 570 (init) -> 570 (map).
[00:17:51] [Server thread/INFO] [FML/]: Injected new block/item jinryuudragonblockc:gi_color_8Head: 4328 (init) -> 4328 (map).
[00:17:51] [Server thread/INFO] [FML/]: Injected new block/item jinryuudragonblockc:tracksuitLeg: 4265 (init) -> 4265 (map).
[00:17:51] [Server thread/INFO] [FML/]: Injected new block/item jinryuujrmcore:tile.Colorable Stone Pattern5_3Slab: 631 (init) -> 631 (map).
[00:17:51] [Server thread/INFO] [FML/]: Injected new block/item jinryuudragonblockc:c17sBoots: 4314 (init) -> 4314 (map).
[00:17:51] [Server thread/INFO] [FML/]: Injected new block/item jinryuujrmcore:tile.Colorable Stone Pattern2_15Stairs: 483 (init) -> 483 (map).
[00:17:51] [Server thread/INFO] [FML/]: Injected new block/item jinryuudragonblockc:DnomaidAxe: 4152 (init) -> 4152 (map).
[00:17:51] [Server thread/INFO] [FML/]: Injected new block/item jinryuudragonblockc:gi_color_11Chest: 4331 (init) -> 4331 (map).
[00:17:51] [Server thread/INFO] [FML/]: Injected new block/item jinryuujrmcore:tile.Colorable Stone Pattern1_6Slab: 219 (init) -> 219 (map).
[00:17:51] [Server thread/INFO] [FML/]: Injected new block/item jinryuujrmcore:tile.Colorable Stone Pattern2_9Fence: 461 (init) -> 461 (map).
[00:17:51] [Server thread/INFO] [FML/]: Injected new block/item ironfurnaces:crystal_furnace_active: 183 (init) -> 183 (map).
[00:17:51] [Server thread/INFO] [FML/]: Injected new block/item jinryuudragonblockc:tile.BlockNamekDragonBallStone: 683 (init) -> 683 (map).
[00:17:51] [Server thread/INFO] [FML/]: Injected new block/item jinryuudragonblockc:tile.Sapling: 693 (init) -> 693 (map).
[00:17:51] [Server thread/INFO] [FML/]: Injected new block/item jinryuudragonblockc:tile.SpacePod01Block: 704 (init) -> 704 (map).
[00:17:51] [Server thread/INFO] [FML/]: Injected new block/item jinryuujrmcore:tile.Colorable Stone Pattern4_1Stairs: 597 (init) -> 597 (map).
[00:17:51] [Server thread/INFO] [FML/]: Injected new block/item jinryuujrmcore:tile.Colorable Stone Pattern3_2Slab: 502 (init) -> 502 (map).
[00:17:51] [Server thread/INFO] [FML/]: Injected new block/item jinryuudragonblockc:fusiondLeg: 4227 (init) -> 4227 (map).
[00:17:51] [Server thread/INFO] [FML/]: Injected new block/item jinryuujrmcore:tile.Colorable Stone Pattern2_5Slab: 441 (init) -> 441 (map).
[00:17:51] [Server thread/INFO] [FML/]: Injected new block/item jinryuujrmcore:tile.Colorable Stone Pattern1_0Slab: 213 (init) -> 213 (map).
[00:17:51] [Server thread/INFO] [FML/]: Injected new block/item jinryuudragonblockc:ItemWarenai: 4125 (init) -> 4125 (map).
[00:17:51] [Server thread/INFO] [FML/]: Injected new block/item jinryuudragonblockc:herculesChest: 4235 (init) -> 4235 (map).
[00:17:51] [Server thread/INFO] [FML/]: Injected new block/item jinryuujrmcore:tile.Colorable Stone Pattern3_10Fence: 526 (init) -> 526 (map).
[00:17:51] [Server thread/INFO] [FML/]: Injected new block/item jinryuudragonblockc:Mahagony_Sword: 4451 (init) -> 4451 (map).
[00:17:51] [Server thread/INFO] [FML/]: Injected new block/item lootplusplus:command_trigger_item: 4108 (init) -> 4108 (map).
[00:17:51] [Server thread/INFO] [FML/]: Injected new block/item jinryuudragonblockc:c20Chest: 4185 (init) -> 4185 (map).
[00:17:51] [Server thread/INFO] [FML/]: Injected new block/item jinryuudragonblockc:gi_color_0Boots: 4320 (init) -> 4320 (map).
[00:17:51] [Server thread/INFO] [FML/]: Injected new block/item jinryuujrmcore:tile.Colorable Stone Pattern5_14Stairs: 674 (init) -> 674 (map).
[00:17:51] [Server thread/INFO] [FML/]: Injected new block/item jinryuudragonblockc:tile.BlockHealingPodDoor: 703 (init) -> 703 (map).
[00:17:51] [Server thread/INFO] [FML/]: Injected new block/item jinryuujrmcore:tile.Colorable Stone Pattern3_6Fence: 522 (init) -> 522 (map).
[00:17:51] [Server thread/INFO] [FML/]: Injected new block/item jinryuudragonblockc:MapleFence: 742 (init) -> 742 (map).
[00:17:51] [Server thread/INFO] [FML/]: Injected new block/item jinryuujrmcore:tile.Colorable Stone Pattern5_13Slab: 641 (init) -> 641 (map).
[00:17:51] [Server thread/INFO] [FML/]: Injected new block/item jinryuujrmcore:tile.Colorable Stone Pattern2_3Stairs: 471 (init) -> 471 (map).
[00:17:51] [Server thread/INFO] [FML/]: Injected new block/item jinryuujrmcore:tile.stoneSingleSlab: 190 (init) -> 190 (map).
[00:17:51] [Server thread/INFO] [FML/]: Injected new block/item jinryuudragonblockc:chichiBoots: 4202 (init) -> 4202 (map).
[00:17:51] [Server thread/INFO] [FML/]: Injected new block/item jinryuudragonblockc:ItemBraveSwordBlade: 4134 (init) -> 4134 (map).
[00:17:51] [Server thread/INFO] [FML/]: Injected new block/item jinryuujrmcore:tile.Colorable Stone Pattern1_4Fence: 233 (init) -> 233 (map).
[00:17:51] [Server thread/INFO] [FML/]: Injected new block/item jinryuujrmcore:tile.Colorable Stone Pattern5_2Slab: 630 (init) -> 630 (map).
[00:17:51] [Server thread/INFO] [FML/]: Injected new block/item jinryuujrmcore:tile.Colorable Stone Pattern2_2Slab: 438 (init) -> 438 (map).
[00:17:51] [Server thread/INFO] [FML/]: Injected new block/item jinryuujrmcore:tile.Colorable Stone Pattern5_2Fence: 646 (init) -> 646 (map).
[00:17:51] [Server thread/INFO] [FML/]: Injected new block/item jinryuudragonblockc:cabbaChest: 4267 (init) -> 4267 (map).
[00:17:51] [Server thread/INFO] [FML/]: Injected new block/item jinryuudragonblockc:SakuraFenceGate: 746 (init) -> 746 (map).
[00:17:51] [Server thread/INFO] [FML/]: Injected new block/item jinryuudragonblockc:gi_color_15Chest: 4396 (init) -> 4396 (map).
[00:17:51] [Server thread/INFO] [FML/]: Injected new block/item jinryuujrmcore:tile.Colorable Stone Pattern1_5Slab: 218 (init) -> 218 (map).
[00:17:51] [Server thread/INFO] [FML/]: Injected new block/item jinryuujrmcore:tile.Colorable Stone Pattern5_4Slab: 632 (init) -> 632 (map).
[00:17:51] [Server thread/INFO] [FML/]: Injected new block/item jinryuudragonblockc:JinBoots: 4412 (init) -> 4412 (map).
[00:17:51] [Server thread/INFO] [FML/]: Injected new block/item jinryuudragonblockc:videl2Boots: 4253 (init) -> 4253 (map).
[00:17:51] [Server thread/INFO] [FML/]: Injected new block/item jinryuujrmcore:tile.Colorable Stone Pattern4_3Stairs: 599 (init) -> 599 (map).
[00:17:51] [Server thread/INFO] [FML/]: Injected new block/item jinryuujrmcore:tile.Colorable Stone Pattern5_12Stairs: 672 (init) -> 672 (map).
[00:17:51] [Server thread/INFO] [FML/]: Injected new block/item jinryuudragonblockc:karingaChest: 4209 (init) -> 4209 (map).
[00:17:51] [Server thread/INFO] [FML/]: Injected new block/item jinryuujrmcore:tile.Colorable Stone Pattern2_13Slab: 449 (init) -> 449 (map).
[00:17:51] [Server thread/INFO] [FML/]: Injected new block/item jinryuujrmcore:tile.Colorable Stone Pattern1_1Slab: 214 (init) -> 214 (map).
[00:17:51] [Server thread/INFO] [FML/]: Injected new block/item jinryuujrmcore:tile.Colorable Stone Pattern1_0Fence: 229 (init) -> 229 (map).
[00:17:51] [Server thread/INFO] [FML/]: Injected new block/item jinryuujrmcore:tile.Colorable Stone Pattern4_1Fence: 581 (init) -> 581 (map).
[00:17:51] [Server thread/INFO] [FML/]: Injected new block/item jinryuudragonblockc:herculesLeg: 4236 (init) -> 4236 (map).
[00:17:51] [Server thread/INFO] [FML/]: Injected new block/item jinryuujrmcore:tile.Colorable Stone Pattern5_10Fence: 654 (init) -> 654 (map).
[00:17:51] [Server thread/INFO] [FML/]: Injected new block/item jinryuujrmcore:ItemFabric: 4110 (init) -> 4110 (map).
[00:17:51] [Server thread/INFO] [FML/]: Injected new block/item jinryuudragonblockc:tiensChest: 4306 (init) -> 4306 (map).
[00:17:51] [Server thread/INFO] [FML/]: Injected new block/item jinryuujrmcore:tile.BlockColoredStone: 189 (init) -> 189 (map).
[00:17:51] [Server thread/INFO] [FML/]: Injected new block/item jinryuujrmcore:tile.Colorable Stone Pattern2_1Stairs: 469 (init) -> 469 (map).
[00:17:51] [Server thread/INFO] [FML/]: Injected new block/item jinryuujrmcore:tile.Colorable Stone Pattern3_3Slab: 503 (init) -> 503 (map).
[00:17:51] [Server thread/INFO] [FML/]: Injected new block/item jinryuudragonblockc:ItemDinoMeatBig: 4350 (init) -> 4350 (map).
[00:17:51] [Server thread/INFO] [FML/]: Injected new block/item jinryuujrmcore:tile.Colorable Stone Pattern2_14Stairs: 482 (init) -> 482 (map).
[00:17:51] [Server thread/INFO] [FML/]: Injected new block/item jinryuudragonblockc:c19Head: 4180 (init) -> 4180 (map).
[00:17:51] [Server thread/INFO] [FML/]: Injected new block/item lootplusplus:loot_item: 4106 (init) -> 4106 (map).
[00:17:51] [Server thread/INFO] [FML/]: Injected new block/item jinryuudragonblockc:cauliflaLeg: 4271 (init) -> 4271 (map).
[00:17:51] [Server thread/INFO] [FML/]: Injected new block/item jinryuujrmcore:tile.Colorable Stone Pattern4_2Stairs: 598 (init) -> 598 (map).
[00:17:51] [Server thread/INFO] [FML/]: Injected new block/item jinryuudragonblockc:tienbChest: 4303 (init) -> 4303 (map).
[00:17:51] [Server thread/INFO] [FML/]: Injected new block/item jinryuudragonblockc:blackChest: 4223 (init) -> 4223 (map).
[00:17:51] [Server thread/INFO] [FML/]: Injected new block/item jinryuudragonblockc:videlBoots: 4257 (init) -> 4257 (map).
[00:17:51] [Server thread/INFO] [FML/]: Injected new block/item jinryuudragonblockc:BattleArmorLegs09: 4392 (init) -> 4392 (map).
[00:17:51] [Server thread/INFO] [FML/]: Injected new block/item jinryuujrmcore:tile.Colorable Stone Pattern5_12Slab: 640 (init) -> 640 (map).
[00:17:51] [Server thread/INFO] [FML/]: Injected new block/item jinryuudragonblockc:chichiLeg: 4201 (init) -> 4201 (map).
[00:17:51] [Server thread/INFO] [FML/]: Injected new block/item jinryuudragonblockc:pilafBoots: 4215 (init) -> 4215 (map).
[00:17:51] [Server thread/INFO] [FML/]: Injected new block/item jinryuudragonblockc:tile.BlockNamekLog: 689 (init) -> 689 (map).
[00:17:51] [Server thread/INFO] [FML/]: Injected new block/item jinryuudragonblockc:BattleArmorLegs00: 4367 (init) -> 4367 (map).
[00:17:51] [Server thread/INFO] [FML/]: Injected new block/item jinryuujrmcore:tile.Colorable Stone Pattern4_8Stairs: 604 (init) -> 604 (map).
[00:17:51] [Server thread/INFO] [FML/]: Injected new block/item jinryuudragonblockc:tile.Dnomaidblock: 701 (init) -> 701 (map).
[00:17:51] [Server thread/INFO] [FML/]: Injected new block/item jinryuudragonblockc:BattleArmorLegs02: 4373 (init) -> 4373 (map).
[00:17:51] [Server thread/INFO] [FML/]: Injected new block/item jinryuudragonblockc:BattleArmorLegs01: 4370 (init) -> 4370 (map).
[00:17:51] [Server thread/INFO] [FML/]: Injected new block/item jinryuudragonblockc:BattleArmorLegs04: 4379 (init) -> 4379 (map).
[00:17:51] [Server thread/INFO] [FML/]: Injected new block/item jinryuudragonblockc:BattleArmorLegs03: 4376 (init) -> 4376 (map).
[00:17:51] [Server thread/INFO] [FML/]: Injected new block/item jinryuudragonblockc:ItemWeightHandLeg: 4354 (init) -> 4354 (map).
[00:17:51] [Server thread/INFO] [FML/]: Injected new block/item jinryuudragonblockc:BattleArmorLegs06: 4385 (init) -> 4385 (map).
[00:17:51] [Server thread/INFO] [FML/]: Injected new block/item jinryuudragonblockc:BattleArmorLegs05: 4382 (init) -> 4382 (map).
[00:17:51] [Server thread/INFO] [FML/]: Injected new block/item jinryuujrmcore:tile.Colorable Stone Pattern2_13Stairs: 481 (init) -> 481 (map).
[00:17:51] [Server thread/INFO] [FML/]: Injected new block/item jinryuujrmcore:tile.Colorable Stone Pattern1_2Slab: 215 (init) -> 215 (map).
[00:17:51] [Server thread/INFO] [FML/]: Injected new block/item jinryuudragonblockc:brolyChest: 4229 (init) -> 4229 (map).
[00:17:51] [Server thread/INFO] [FML/]: Injected new block/item jinryuujrmcore:tile.Colorable Stone Pattern4_3Slab: 567 (init) -> 567 (map).
[00:17:51] [Server thread/INFO] [FML/]: Injected new block/item jinryuudragonblockc:LehnoriHelmet: 4154 (init) -> 4154 (map).
[00:17:51] [Server thread/INFO] [FML/]: Injected new block/item jinryuudragonblockc:highschoolChest: 4206 (init) -> 4206 (map).
[00:17:51] [Server thread/INFO] [FML/]: Injected new block/item jinryuudragonblockc:whisBoots: 4293 (init) -> 4293 (map).
[00:17:51] [Server thread/INFO] [FML/]: Injected new block/item jinryuujrmcore:tile.Colorable Stone Pattern4_9Stairs: 605 (init) -> 605 (map).
[00:17:51] [Server thread/INFO] [FML/]: Injected new block/item jinryuujrmcore:tile.Colorable Stone Pattern5_11Stairs: 671 (init) -> 671 (map).
[00:17:51] [Server thread/INFO] [FML/]: Injected new block/item jinryuudragonblockc:Maple_Shovel: 4454 (init) -> 4454 (map).
[00:17:51] [Server thread/INFO] [FML/]: Injected new block/item jinryuujrmcore:tile.Colorable Stone Pattern4_7Stairs: 603 (init) -> 603 (map).
[00:17:51] [Server thread/INFO] [FML/]: Injected new block/item jinryuujrmcore:tile.Colorable Stone Pattern2_11Fence: 463 (init) -> 463 (map).
[00:17:51] [Server thread/INFO] [FML/]: Injected new block/item jinryuujrmcore:tile.Colorable Stone Pattern2_12Stairs: 480 (init) -> 480 (map).
[00:17:51] [Server thread/INFO] [FML/]: Injected new block/item jinryuudragonblockc:c18Boots: 4179 (init) -> 4179 (map).
[00:17:51] [Server thread/INFO] [FML/]: Injected new block/item jinryuudragonblockc:ItemEvilSpear: 4136 (init) -> 4136 (map).
[00:17:51] [Server thread/INFO] [FML/]: Injected new block/item jinryuujrmcore:tile.Colorable Stone Pattern2_3Slab: 439 (init) -> 439 (map).
[00:17:51] [Server thread/INFO] [FML/]: Injected new block/item jinryuudragonblockc:tile.Dlogblock: 699 (init) -> 699 (map).
[00:17:51] [Server thread/INFO] [FML/]: Injected new block/item jinryuudragonblockc:DlogAxe: 4151 (init) -> 4151 (map).
[00:17:51] [Server thread/INFO] [FML/]: Injected new block/item jinryuujrmcore:tile.Colorable Stone Pattern5_9Fence: 653 (init) -> 653 (map).
[00:17:51] [Server thread/INFO] [FML/]: Injected new block/item jinryuujrmcore:tile.Colorable Stone Pattern5_5Slab: 633 (init) -> 633 (map).
[00:17:51] [Server thread/INFO] [FML/]: Injected new block/item jinryuudragonblockc:Mahagony_Branch: 4440 (init) -> 4440 (map).
[00:17:51] [Server thread/INFO] [FML/]: Injected new block/item jinryuudragonblockc:RedScouter: 4361 (init) -> 4361 (map).
[00:17:51] [Server thread/INFO] [FML/]: Injected new block/item jinryuujrmcore:tile.Colorable Stone Pattern2_14Slab: 450 (init) -> 450 (map).
[00:17:51] [Server thread/INFO] [FML/]: Injected new block/item jinryuudragonblockc:highschoolLeg: 4207 (init) -> 4207 (map).
[00:17:51] [Server thread/INFO] [FML/]: Injected new block/item lootplusplus:barrier: 188 (init) -> 188 (map).
[00:17:51] [Server thread/INFO] [FML/]: Injected new block/item jinryuujrmcore:tile.Colorable Stone Pattern4_4Stairs: 600 (init) -> 600 (map).
[00:17:51] [Server thread/INFO] [FML/]: Injected new block/item jinryuujrmcore:tile.Colorable Stone Pattern4_5Stairs: 601 (init) -> 601 (map).
[00:17:51] [Server thread/INFO] [FML/]: Injected new block/item jinryuujrmcore:tile.Colorable Stone Pattern5_11Slab: 639 (init) -> 639 (map).
[00:17:51] [Server thread/INFO] [FML/]: Injected new block/item jinryuujrmcore:tile.Colorable Stone Pattern2_5Fence: 457 (init) -> 457 (map).
[00:17:51] [Server thread/INFO] [FML/]: Injected new block/item jinryuujrmcore:tile.Colorable Stone Pattern3_4Slab: 504 (init) -> 504 (map).
[00:17:51] [Server thread/INFO] [FML/]: Injected new block/item jinryuujrmcore:tile.Colorable Stone Pattern2_10Stairs: 478 (init) -> 478 (map).
[00:17:51] [Server thread/INFO] [FML/]: Injected new block/item adventurebackpack:pistonBoots: 4099 (init) -> 4099 (map).
[00:17:51] [Server thread/INFO] [FML/]: Injected new block/item jinryuudragonblockc:LehnoriAxe: 4153 (init) -> 4153 (map).
[00:17:51] [Server thread/INFO] [FML/]: Injected new block/item ironfurnaces:gold_furnace_active: 176 (init) -> 176 (map).
[00:17:51] [Server thread/INFO] [FML/]: Injected new block/item jinryuudragonblockc:gokugtgiBoots: 4275 (init) -> 4275 (map).
[00:17:51] [Server thread/INFO] [FML/]: Injected new block/item jinryuujrmcore:tile.Colorable Stone Pattern4_15Fence: 595 (init) -> 595 (map).
[00:17:51] [Server thread/INFO] [FML/]: Injected new block/item jinryuudragonblockc:ItemDinoMeat: 4348 (init) -> 4348 (map).
[00:17:51] [Server thread/INFO] [FML/]: Injected new block/item jinryuujrmcore:tile.Colorable Stone Pattern4_6Stairs: 602 (init) -> 602 (map).
[00:17:51] [Server thread/INFO] [FML/]: Injected new block/item jinryuudragonblockc:KameTorso1: 4413 (init) -> 4413 (map).
[00:17:51] [Server thread/INFO] [FML/]: Injected new block/item jinryuudragonblockc:GiNamekBoots0: 4403 (init) -> 4403 (map).
[00:17:51] [Server thread/INFO] [FML/]: Injected new block/item jinryuujrmcore:tile.Colorable Stone Pattern1_3Slab: 216 (init) -> 216 (map).
[00:17:51] [Server thread/INFO] [FML/]: Injected new block/item jinryuudragonblockc:tile.Lehnoriblock: 700 (init) -> 700 (map).
[00:17:51] [Server thread/INFO] [FML/]: Injected new block/item jinryuujrmcore:tile.Colorable Stone Pattern1_7Fence: 236 (init) -> 236 (map).
[00:17:51] [Server thread/INFO] [FML/]: Injected new block/item jinryuujrmcore:tile.Colorable Stone Pattern4_4Slab: 568 (init) -> 568 (map).
[00:17:51] [Server thread/INFO] [FML/]: Injected new block/item jinryuudragonblockc:c17sLeg: 4313 (init) -> 4313 (map).
[00:17:51] [Server thread/DEBUG] [FML/]: Registry consistency check successful
[00:17:51] [Server thread/TRACE] [mcp/mcp]: Sending event FMLModIdMappingEvent to mod mcp
[00:17:51] [Server thread/TRACE] [mcp/mcp]: Sent event FMLModIdMappingEvent to mod mcp
[00:17:51] [Server thread/DEBUG] [FML/]: Bar Step: ModIdMapping - Minecraft Coder Pack took 0.001s
[00:17:51] [Server thread/TRACE] [FML/FML]: Sending event FMLModIdMappingEvent to mod FML
[00:17:51] [Server thread/TRACE] [FML/FML]: Sent event FMLModIdMappingEvent to mod FML
[00:17:51] [Server thread/DEBUG] [FML/]: Bar Step: ModIdMapping - Forge Mod Loader took 0.000s
[00:17:51] [Server thread/TRACE] [Forge/Forge]: Sending event FMLModIdMappingEvent to mod Forge
[00:17:51] [Server thread/TRACE] [Forge/Forge]: Sent event FMLModIdMappingEvent to mod Forge
[00:17:51] [Server thread/DEBUG] [FML/]: Bar Step: ModIdMapping - Minecraft Forge took 0.001s
[00:17:51] [Server thread/TRACE] [CodeChickenCore/CodeChickenCore]: Sending event FMLModIdMappingEvent to mod CodeChickenCore
[00:17:51] [Server thread/TRACE] [CodeChickenCore/CodeChickenCore]: Sent event FMLModIdMappingEvent to mod CodeChickenCore
[00:17:51] [Server thread/DEBUG] [FML/]: Bar Step: ModIdMapping - CodeChicken Core took 0.001s
[00:17:51] [Server thread/TRACE] [NotEnoughItems/NotEnoughItems]: Sending event FMLModIdMappingEvent to mod NotEnoughItems
[00:17:51] [Server thread/TRACE] [NotEnoughItems/NotEnoughItems]: Sent event FMLModIdMappingEvent to mod NotEnoughItems
[00:17:51] [Server thread/DEBUG] [FML/]: Bar Step: ModIdMapping - Not Enough Items took 0.000s
[00:17:51] [Server thread/TRACE] [adventurebackpack/adventurebackpack]: Sending event FMLModIdMappingEvent to mod adventurebackpack
[00:17:51] [Server thread/TRACE] [adventurebackpack/adventurebackpack]: Sent event FMLModIdMappingEvent to mod adventurebackpack
[00:17:51] [Server thread/DEBUG] [FML/]: Bar Step: ModIdMapping - Adventure Backpack took 0.000s
[00:17:51] [Server thread/TRACE] [BiomeTweaker/BiomeTweaker]: Sending event FMLModIdMappingEvent to mod BiomeTweaker
[00:17:51] [Server thread/TRACE] [BiomeTweaker/BiomeTweaker]: Sent event FMLModIdMappingEvent to mod BiomeTweaker
[00:17:51] [Server thread/DEBUG] [FML/]: Bar Step: ModIdMapping - BiomeTweaker took 0.000s
[00:17:51] [Server thread/TRACE] [jinryuujrmcore/jinryuujrmcore]: Sending event FMLModIdMappingEvent to mod jinryuujrmcore
[00:17:51] [Server thread/TRACE] [jinryuujrmcore/jinryuujrmcore]: Sent event FMLModIdMappingEvent to mod jinryuujrmcore
[00:17:51] [Server thread/DEBUG] [FML/]: Bar Step: ModIdMapping - JinRyuu's JRMCore took 0.000s
[00:17:51] [Server thread/TRACE] [jinryuudragonblockc/jinryuudragonblockc]: Sending event FMLModIdMappingEvent to mod jinryuudragonblockc
[00:17:51] [Server thread/TRACE] [jinryuudragonblockc/jinryuudragonblockc]: Sent event FMLModIdMappingEvent to mod jinryuudragonblockc
[00:17:51] [Server thread/DEBUG] [FML/]: Bar Step: ModIdMapping - Dragon Block C took 0.000s
[00:17:51] [Server thread/TRACE] [ironfurnaces/ironfurnaces]: Sending event FMLModIdMappingEvent to mod ironfurnaces
[00:17:51] [Server thread/TRACE] [ironfurnaces/ironfurnaces]: Sent event FMLModIdMappingEvent to mod ironfurnaces
[00:17:51] [Server thread/DEBUG] [FML/]: Bar Step: ModIdMapping - Iron Furnaces took 0.001s
[00:17:51] [Server thread/TRACE] [jinryuubetterrenderaddon/jinryuubetterrenderaddon]: Sending event FMLModIdMappingEvent to mod jinryuubetterrenderaddon
[00:17:51] [Server thread/TRACE] [jinryuubetterrenderaddon/jinryuubetterrenderaddon]: Sent event FMLModIdMappingEvent to mod jinryuubetterrenderaddon
[00:17:51] [Server thread/DEBUG] [FML/]: Bar Step: ModIdMapping - JinRyuu's Better Render Addon took 0.000s
[00:17:51] [Server thread/TRACE] [journeymap/journeymap]: Sending event FMLModIdMappingEvent to mod journeymap
[00:17:51] [Server thread/TRACE] [journeymap/journeymap]: Sent event FMLModIdMappingEvent to mod journeymap
[00:17:51] [Server thread/DEBUG] [FML/]: Bar Step: ModIdMapping - JourneyMap took 0.000s
[00:17:51] [Server thread/TRACE] [jinryuuyearsc/jinryuuyearsc]: Sending event FMLModIdMappingEvent to mod jinryuuyearsc
[00:17:51] [Server thread/TRACE] [jinryuuyearsc/jinryuuyearsc]: Sent event FMLModIdMappingEvent to mod jinryuuyearsc
[00:17:51] [Server thread/DEBUG] [FML/]: Bar Step: ModIdMapping - JinRyuu's Years C took 0.000s
[00:17:51] [Server thread/TRACE] [lootplusplus/lootplusplus]: Sending event FMLModIdMappingEvent to mod lootplusplus
[00:17:51] [Server thread/TRACE] [lootplusplus/lootplusplus]: Sent event FMLModIdMappingEvent to mod lootplusplus
[00:17:51] [Server thread/DEBUG] [FML/]: Bar Step: ModIdMapping - Loot++ took 0.000s
[00:17:51] [Server thread/DEBUG] [FML/]: Bar Finished: ModIdMapping took 0.007s
[00:17:51] [Server thread/INFO] [FML/]: Applying holder lookups
[00:17:51] [Server thread/INFO] [FML/]: Holder lookups applied
[00:17:51] [Server thread/DEBUG] [FML/]: Loading persistent fluid defaults from world
[00:17:51] [Server thread/DEBUG] [FML/]: The fluid minecraft:lava has been selected as the default fluid for lava
[00:17:51] [Server thread/DEBUG] [FML/]: The fluid minecraft:water has been selected as the default fluid for water
[00:17:51] [Server thread/INFO] [FML/]: Loading dimension 0 (world) (net.minecraft.server.dedicated.DedicatedServer@125cb326)
[00:17:51] [Server thread/INFO] [FML/]: Loading dimension 21 (world) (net.minecraft.server.dedicated.DedicatedServer@125cb326)
[00:17:51] [Server thread/DEBUG] [NotEnoughItems/]: Loading NEI Server
[00:17:51] [Server thread/INFO] [FML/]: Loading dimension 20 (world) (net.minecraft.server.dedicated.DedicatedServer@125cb326)
[00:17:51] [Server thread/INFO] [FML/]: Loading dimension 24 (world) (net.minecraft.server.dedicated.DedicatedServer@125cb326)
[00:17:51] [Server thread/INFO] [FML/]: Loading dimension 23 (world) (net.minecraft.server.dedicated.DedicatedServer@125cb326)
[00:17:51] [Server thread/INFO] [FML/]: Loading dimension 1 (world) (net.minecraft.server.dedicated.DedicatedServer@125cb326)
[00:17:51] [Server thread/INFO] [FML/]: Loading dimension -1 (world) (net.minecraft.server.dedicated.DedicatedServer@125cb326)
[00:17:51] [Server thread/INFO] [FML/]: Loading dimension 22 (world) (net.minecraft.server.dedicated.DedicatedServer@125cb326)
[00:17:52] [Server thread/TRACE] [mcp/mcp]: Sending event FMLServerStartingEvent to mod mcp
[00:17:52] [Server thread/TRACE] [mcp/mcp]: Sent event FMLServerStartingEvent to mod mcp
[00:17:52] [Server thread/DEBUG] [FML/]: Bar Step: ServerStarting - Minecraft Coder Pack took 0.000s
[00:17:52] [Server thread/TRACE] [FML/FML]: Sending event FMLServerStartingEvent to mod FML
[00:17:52] [Server thread/TRACE] [FML/FML]: Sent event FMLServerStartingEvent to mod FML
[00:17:52] [Server thread/DEBUG] [FML/]: Bar Step: ServerStarting - Forge Mod Loader took 0.000s
[00:17:52] [Server thread/TRACE] [Forge/Forge]: Sending event FMLServerStartingEvent to mod Forge
[00:17:52] [Server thread/TRACE] [Forge/Forge]: Sent event FMLServerStartingEvent to mod Forge
[00:17:52] [Server thread/DEBUG] [FML/]: Bar Step: ServerStarting - Minecraft Forge took 0.002s
[00:17:52] [Server thread/TRACE] [CodeChickenCore/CodeChickenCore]: Sending event FMLServerStartingEvent to mod CodeChickenCore
[00:17:52] [Server thread/TRACE] [CodeChickenCore/CodeChickenCore]: Sent event FMLServerStartingEvent to mod CodeChickenCore
[00:17:52] [Server thread/DEBUG] [FML/]: Bar Step: ServerStarting - CodeChicken Core took 0.000s
[00:17:52] [Server thread/TRACE] [NotEnoughItems/NotEnoughItems]: Sending event FMLServerStartingEvent to mod NotEnoughItems
[00:17:52] [Server thread/TRACE] [NotEnoughItems/NotEnoughItems]: Sent event FMLServerStartingEvent to mod NotEnoughItems
[00:17:52] [Server thread/DEBUG] [FML/]: Bar Step: ServerStarting - Not Enough Items took 0.000s
[00:17:52] [Server thread/TRACE] [adventurebackpack/adventurebackpack]: Sending event FMLServerStartingEvent to mod adventurebackpack
[00:17:52] [Server thread/TRACE] [adventurebackpack/adventurebackpack]: Sent event FMLServerStartingEvent to mod adventurebackpack
[00:17:52] [Server thread/DEBUG] [FML/]: Bar Step: ServerStarting - Adventure Backpack took 0.000s
[00:17:52] [Server thread/TRACE] [BiomeTweaker/BiomeTweaker]: Sending event FMLServerStartingEvent to mod BiomeTweaker
[00:17:52] [Server thread/TRACE] [BiomeTweaker/BiomeTweaker]: Sent event FMLServerStartingEvent to mod BiomeTweaker
[00:17:52] [Server thread/DEBUG] [FML/]: Bar Step: ServerStarting - BiomeTweaker took 0.008s
[00:17:52] [Server thread/TRACE] [jinryuujrmcore/jinryuujrmcore]: Sending event FMLServerStartingEvent to mod jinryuujrmcore
[00:17:52] [Server thread/TRACE] [jinryuujrmcore/jinryuujrmcore]: Sent event FMLServerStartingEvent to mod jinryuujrmcore
[00:17:52] [Server thread/DEBUG] [FML/]: Bar Step: ServerStarting - JinRyuu's JRMCore took 0.057s
[00:17:52] [Server thread/TRACE] [jinryuudragonblockc/jinryuudragonblockc]: Sending event FMLServerStartingEvent to mod jinryuudragonblockc
[00:17:52] [Server thread/TRACE] [jinryuudragonblockc/jinryuudragonblockc]: Sent event FMLServerStartingEvent to mod jinryuudragonblockc
[00:17:52] [Server thread/DEBUG] [FML/]: Bar Step: ServerStarting - Dragon Block C took 0.016s
[00:17:52] [Server thread/TRACE] [ironfurnaces/ironfurnaces]: Sending event FMLServerStartingEvent to mod ironfurnaces
[00:17:52] [Server thread/TRACE] [ironfurnaces/ironfurnaces]: Sent event FMLServerStartingEvent to mod ironfurnaces
[00:17:52] [Server thread/DEBUG] [FML/]: Bar Step: ServerStarting - Iron Furnaces took 0.000s
[00:17:52] [Server thread/TRACE] [jinryuubetterrenderaddon/jinryuubetterrenderaddon]: Sending event FMLServerStartingEvent to mod jinryuubetterrenderaddon
[00:17:52] [Server thread/TRACE] [jinryuubetterrenderaddon/jinryuubetterrenderaddon]: Sent event FMLServerStartingEvent to mod jinryuubetterrenderaddon
[00:17:52] [Server thread/DEBUG] [FML/]: Bar Step: ServerStarting - JinRyuu's Better Render Addon took 0.000s
[00:17:52] [Server thread/TRACE] [journeymap/journeymap]: Sending event FMLServerStartingEvent to mod journeymap
[00:17:52] [Server thread/TRACE] [journeymap/journeymap]: Sent event FMLServerStartingEvent to mod journeymap
[00:17:52] [Server thread/DEBUG] [FML/]: Bar Step: ServerStarting - JourneyMap took 0.002s
[00:17:52] [Server thread/TRACE] [jinryuuyearsc/jinryuuyearsc]: Sending event FMLServerStartingEvent to mod jinryuuyearsc
[00:17:52] [Server thread/TRACE] [jinryuuyearsc/jinryuuyearsc]: Sent event FMLServerStartingEvent to mod jinryuuyearsc
[00:17:52] [Server thread/DEBUG] [FML/]: Bar Step: ServerStarting - JinRyuu's Years C took 0.003s
[00:17:52] [Server thread/TRACE] [lootplusplus/lootplusplus]: Sending event FMLServerStartingEvent to mod lootplusplus
[00:17:52] [Server thread/TRACE] [lootplusplus/lootplusplus]: Sent event FMLServerStartingEvent to mod lootplusplus
[00:17:52] [Server thread/DEBUG] [FML/]: Bar Step: ServerStarting - Loot++ took 0.154s
[00:17:52] [Server thread/DEBUG] [FML/]: Bar Finished: ServerStarting took 0.245s
[00:17:52] [Server thread/TRACE] [mcp/mcp]: Sending event FMLServerStartedEvent to mod mcp
[00:17:52] [Server thread/TRACE] [mcp/mcp]: Sent event FMLServerStartedEvent to mod mcp
[00:17:52] [Server thread/DEBUG] [FML/]: Bar Step: ServerStarted - Minecraft Coder Pack took 0.000s
[00:17:52] [Server thread/TRACE] [FML/FML]: Sending event FMLServerStartedEvent to mod FML
[00:17:52] [Server thread/TRACE] [FML/FML]: Sent event FMLServerStartedEvent to mod FML
[00:17:52] [Server thread/DEBUG] [FML/]: Bar Step: ServerStarted - Forge Mod Loader took 0.000s
[00:17:52] [Server thread/TRACE] [Forge/Forge]: Sending event FMLServerStartedEvent to mod Forge
[00:17:52] [Server thread/TRACE] [Forge/Forge]: Sent event FMLServerStartedEvent to mod Forge
[00:17:52] [Server thread/DEBUG] [FML/]: Bar Step: ServerStarted - Minecraft Forge took 0.000s
[00:17:52] [Server thread/TRACE] [CodeChickenCore/CodeChickenCore]: Sending event FMLServerStartedEvent to mod CodeChickenCore
[00:17:52] [Server thread/TRACE] [CodeChickenCore/CodeChickenCore]: Sent event FMLServerStartedEvent to mod CodeChickenCore
[00:17:52] [Server thread/DEBUG] [FML/]: Bar Step: ServerStarted - CodeChicken Core took 0.000s
[00:17:52] [Server thread/TRACE] [NotEnoughItems/NotEnoughItems]: Sending event FMLServerStartedEvent to mod NotEnoughItems
[00:17:52] [Server thread/TRACE] [NotEnoughItems/NotEnoughItems]: Sent event FMLServerStartedEvent to mod NotEnoughItems
[00:17:52] [Server thread/DEBUG] [FML/]: Bar Step: ServerStarted - Not Enough Items took 0.000s
[00:17:52] [Server thread/TRACE] [adventurebackpack/adventurebackpack]: Sending event FMLServerStartedEvent to mod adventurebackpack
[00:17:52] [Server thread/TRACE] [adventurebackpack/adventurebackpack]: Sent event FMLServerStartedEvent to mod adventurebackpack
[00:17:52] [Server thread/DEBUG] [FML/]: Bar Step: ServerStarted - Adventure Backpack took 0.000s
[00:17:52] [Server thread/TRACE] [BiomeTweaker/BiomeTweaker]: Sending event FMLServerStartedEvent to mod BiomeTweaker
[00:17:52] [Server thread/TRACE] [BiomeTweaker/BiomeTweaker]: Sent event FMLServerStartedEvent to mod BiomeTweaker
[00:17:52] [Server thread/DEBUG] [FML/]: Bar Step: ServerStarted - BiomeTweaker took 0.000s
[00:17:52] [Server thread/TRACE] [jinryuujrmcore/jinryuujrmcore]: Sending event FMLServerStartedEvent to mod jinryuujrmcore
[00:17:52] [Server thread/TRACE] [jinryuujrmcore/jinryuujrmcore]: Sent event FMLServerStartedEvent to mod jinryuujrmcore
[00:17:52] [Server thread/DEBUG] [FML/]: Bar Step: ServerStarted - JinRyuu's JRMCore took 0.000s
[00:17:52] [Server thread/TRACE] [jinryuudragonblockc/jinryuudragonblockc]: Sending event FMLServerStartedEvent to mod jinryuudragonblockc
[00:17:52] [Server thread/TRACE] [jinryuudragonblockc/jinryuudragonblockc]: Sent event FMLServerStartedEvent to mod jinryuudragonblockc
[00:17:52] [Server thread/DEBUG] [FML/]: Bar Step: ServerStarted - Dragon Block C took 0.000s
[00:17:52] [Server thread/TRACE] [ironfurnaces/ironfurnaces]: Sending event FMLServerStartedEvent to mod ironfurnaces
[00:17:52] [Server thread/TRACE] [ironfurnaces/ironfurnaces]: Sent event FMLServerStartedEvent to mod ironfurnaces
[00:17:52] [Server thread/DEBUG] [FML/]: Bar Step: ServerStarted - Iron Furnaces took 0.000s
[00:17:52] [Server thread/TRACE] [jinryuubetterrenderaddon/jinryuubetterrenderaddon]: Sending event FMLServerStartedEvent to mod jinryuubetterrenderaddon
[00:17:52] [Server thread/TRACE] [jinryuubetterrenderaddon/jinryuubetterrenderaddon]: Sent event FMLServerStartedEvent to mod jinryuubetterrenderaddon
[00:17:52] [Server thread/DEBUG] [FML/]: Bar Step: ServerStarted - JinRyuu's Better Render Addon took 0.000s
[00:17:52] [Server thread/TRACE] [journeymap/journeymap]: Sending event FMLServerStartedEvent to mod journeymap
[00:17:52] [Server thread/INFO] [journeymap/journeymap]: /workspaces/ye/servidor_minecraft/config/JourneyMapServer/world.cfg not found!
[00:17:52] [Server thread/INFO] [journeymap/journeymap]: Attempting to create new config file for: world
[00:17:52] [Server thread/INFO] [journeymap/journeymap]: World ID: 8759593e-a32a-4d11-bce5-927c1ffd4f7f
[00:17:52] [Server thread/TRACE] [journeymap/journeymap]: Sent event FMLServerStartedEvent to mod journeymap
[00:17:52] [Server thread/DEBUG] [FML/]: Bar Step: ServerStarted - JourneyMap took 0.005s
[00:17:52] [Server thread/TRACE] [jinryuuyearsc/jinryuuyearsc]: Sending event FMLServerStartedEvent to mod jinryuuyearsc
[00:17:52] [Server thread/TRACE] [jinryuuyearsc/jinryuuyearsc]: Sent event FMLServerStartedEvent to mod jinryuuyearsc
[00:17:52] [Server thread/DEBUG] [FML/]: Bar Step: ServerStarted - JinRyuu's Years C took 0.000s
[00:17:52] [Server thread/TRACE] [lootplusplus/lootplusplus]: Sending event FMLServerStartedEvent to mod lootplusplus
[00:17:52] [Server thread/TRACE] [lootplusplus/lootplusplus]: Sent event FMLServerStartedEvent to mod lootplusplus
[00:17:52] [Server thread/DEBUG] [FML/]: Bar Step: ServerStarted - Loot++ took 0.000s
[00:17:52] [Server thread/DEBUG] [FML/]: Bar Finished: ServerStarted took 0.009s
[00:18:37] [Server thread/DEBUG] [FML/]: Gathering id map for writing to world save world
[00:19:22] [Server thread/DEBUG] [FML/]: Gathering id map for writing to world save world
[00:19:55] [Server thread/DEBUG] [CCL ASM/]: NEI: Applying workbench fix
[00:19:55] [Netty IO #1/TRACE] [FML/]: $ClientHello->FMLHandshakeServerState$2:HELLO
[00:19:55] [Netty IO #1/INFO] [FML/]: Client protocol version 2
[00:19:55] [Netty IO #1/TRACE] [FML/]: $ModList:35 mods->FMLHandshakeServerState$2:HELLO
[00:19:55] [Netty IO #1/INFO] [FML/]: Client attempting to join with 35 mods : lucky@5.1.0,NotEnoughItems@1.0.5.120,unimixins-compat@0.1.22,Forge@10.13.4.1614,ironfurnaces@1.2.4,jinryuuyearsc@1.2.5,ninjinentities@1.0,CodeChickenCore@1.0.7.48,DBCSkins@1.0.4,lootplusplus@0.19_for_1.7,mixinbooterlegacy@1.2.1,bspkrsCore@6.16,mcp@9.05,unimixins-mixin@0.1.22,DamageIndicatorsMod@3.2.0,journeymap@5.2.3,mixingasm@0.3,gtnhmixins@2.2.0,mixinextras@0.1.22,FML@7.10.99.99,spongemixins@2.0.1,customnpcs@1.10.1,adventurebackpack@1.7.10-0.8b,worldedit@6.0-beta-01,npcdbc@1.1.1,abm@0.3.2,jinryuudragonblockc@1.4.85,etfuturum@2.6.2,luxxygtaf@0.1,unimixins@0.1.22,gasstation@0.5.1,coretweaks@0.3.3.2,BiomeTweaker@2.0.182,jinryuujrmcore@1.3.51,jinryuubetterrenderaddon@1.6.52
[00:19:55] [Netty IO #1/INFO] [journeymap/]: CLIENT
[00:19:55] [Netty IO #1/INFO] [FML/]: Attempting connection with missing mods [] at CLIENT
[00:19:55] [Netty IO #1/TRACE] [FML/]: $HandshakeAck:{2}->FMLHandshakeServerState$3:WAITINGCACK
[00:19:56] [Netty IO #1/TRACE] [FML/]: $HandshakeAck:{3}->FMLHandshakeServerState$4:COMPLETE
[00:19:56] [Server thread/INFO] [FML/]: [Server thread] Server side modded connection established
[00:19:56] [Server thread/ERROR] [FML/]: Failed to load extended properties for JRMCEP.  This is a mod issue.
[00:19:56] [Server thread/INFO] [STDERR/]: [java.lang.Throwable$WrappedPrintStream:println:749]: java.lang.NullPointerException
[00:19:56] [Server thread/INFO] [STDERR/]: [java.lang.Throwable$WrappedPrintStream:println:749]: 	at JinRyuu.JRMCore.i.InventoryCustomPlayer.readFromNBT(InventoryCustomPlayer.java:144)
[00:19:56] [Server thread/INFO] [STDERR/]: [java.lang.Throwable$WrappedPrintStream:println:749]: 	at JinRyuu.JRMCore.i.ExtendedPlayer.loadNBTData(ExtendedPlayer.java:123)
[00:19:56] [Server thread/INFO] [STDERR/]: [java.lang.Throwable$WrappedPrintStream:println:749]: 	at net.minecraft.entity.Entity.func_70020_e(Entity.java:1419)
[00:19:56] [Server thread/INFO] [STDERR/]: [java.lang.Throwable$WrappedPrintStream:println:749]: 	at net.minecraft.world.storage.SaveHandler.func_75752_b(SaveHandler.java:287)
[00:19:56] [Server thread/INFO] [STDERR/]: [java.lang.Throwable$WrappedPrintStream:println:749]: 	at net.minecraft.server.management.ServerConfigurationManager.func_72380_a(ServerConfigurationManager.java:263)
[00:19:56] [Server thread/INFO] [STDERR/]: [java.lang.Throwable$WrappedPrintStream:println:749]: 	at net.minecraft.server.management.ServerConfigurationManager.initializeConnectionToPlayer(ServerConfigurationManager.java:114)
[00:19:56] [Server thread/INFO] [STDERR/]: [java.lang.Throwable$WrappedPrintStream:println:749]: 	at cpw.mods.fml.common.network.handshake.NetworkDispatcher.completeServerSideConnection(NetworkDispatcher.java:190)
[00:19:56] [Server thread/INFO] [STDERR/]: [java.lang.Throwable$WrappedPrintStream:println:749]: 	at cpw.mods.fml.common.network.handshake.NetworkDispatcher.completeHandshake(NetworkDispatcher.java:463)
[00:19:56] [Server thread/INFO] [STDERR/]: [java.lang.Throwable$WrappedPrintStream:println:749]: 	at cpw.mods.fml.common.network.internal.HandshakeCompletionHandler.channelRead0(HandshakeCompletionHandler.java:17)
[00:19:56] [Server thread/INFO] [STDERR/]: [java.lang.Throwable$WrappedPrintStream:println:749]: 	at cpw.mods.fml.common.network.internal.HandshakeCompletionHandler.channelRead0(HandshakeCompletionHandler.java:11)
[00:19:56] [Server thread/INFO] [STDERR/]: [java.lang.Throwable$WrappedPrintStream:println:749]: 	at io.netty.channel.SimpleChannelInboundHandler.channelRead(SimpleChannelInboundHandler.java:98)
[00:19:56] [Server thread/INFO] [STDERR/]: [java.lang.Throwable$WrappedPrintStream:println:749]: 	at io.netty.channel.DefaultChannelHandlerContext.invokeChannelRead(DefaultChannelHandlerContext.java:337)
[00:19:56] [Server thread/INFO] [STDERR/]: [java.lang.Throwable$WrappedPrintStream:println:749]: 	at io.netty.channel.DefaultChannelHandlerContext.fireChannelRead(DefaultChannelHandlerContext.java:323)
[00:19:56] [Server thread/INFO] [STDERR/]: [java.lang.Throwable$WrappedPrintStream:println:749]: 	at io.netty.handler.codec.MessageToMessageDecoder.channelRead(MessageToMessageDecoder.java:103)
[00:19:56] [Server thread/INFO] [STDERR/]: [java.lang.Throwable$WrappedPrintStream:println:749]: 	at io.netty.handler.codec.MessageToMessageCodec.channelRead(MessageToMessageCodec.java:111)
[00:19:56] [Server thread/INFO] [STDERR/]: [java.lang.Throwable$WrappedPrintStream:println:749]: 	at io.netty.channel.DefaultChannelHandlerContext.invokeChannelRead(DefaultChannelHandlerContext.java:337)
[00:19:56] [Server thread/INFO] [STDERR/]: [java.lang.Throwable$WrappedPrintStream:println:749]: 	at io.netty.channel.DefaultChannelHandlerContext.fireChannelRead(DefaultChannelHandlerContext.java:323)
[00:19:56] [Server thread/INFO] [STDERR/]: [java.lang.Throwable$WrappedPrintStream:println:749]: 	at io.netty.channel.DefaultChannelPipeline.fireChannelRead(DefaultChannelPipeline.java:785)
[00:19:56] [Server thread/INFO] [STDERR/]: [java.lang.Throwable$WrappedPrintStream:println:749]: 	at io.netty.channel.embedded.EmbeddedChannel.writeInbound(EmbeddedChannel.java:169)
[00:19:56] [Server thread/INFO] [STDERR/]: [java.lang.Throwable$WrappedPrintStream:println:749]: 	at cpw.mods.fml.common.network.internal.FMLProxyPacket.func_148833_a(FMLProxyPacket.java:77)
[00:19:56] [Server thread/INFO] [STDERR/]: [java.lang.Throwable$WrappedPrintStream:println:749]: 	at net.minecraft.network.NetworkManager.func_74428_b(NetworkManager.java:212)
[00:19:56] [Server thread/INFO] [STDERR/]: [java.lang.Throwable$WrappedPrintStream:println:749]: 	at net.minecraft.network.NetworkSystem.func_151269_c(NetworkSystem.java:165)
[00:19:56] [Server thread/INFO] [STDERR/]: [java.lang.Throwable$WrappedPrintStream:println:749]: 	at net.minecraft.server.MinecraftServer.func_71190_q(MinecraftServer.java:659)
[00:19:56] [Server thread/INFO] [STDERR/]: [java.lang.Throwable$WrappedPrintStream:println:749]: 	at net.minecraft.server.dedicated.DedicatedServer.func_71190_q(DedicatedServer.java:334)
[00:19:56] [Server thread/INFO] [STDERR/]: [java.lang.Throwable$WrappedPrintStream:println:749]: 	at net.minecraft.server.MinecraftServer.func_71217_p(MinecraftServer.java:547)
[00:19:56] [Server thread/INFO] [STDERR/]: [java.lang.Throwable$WrappedPrintStream:println:749]: 	at net.minecraft.server.MinecraftServer.run(MinecraftServer.java:427)
[00:19:56] [Server thread/INFO] [STDERR/]: [java.lang.Throwable$WrappedPrintStream:println:749]: 	at net.minecraft.server.MinecraftServer$2.run(MinecraftServer.java:685)
[00:19:56] [Server thread/INFO] [Adventure Backpack/]: Joined EntityPlayer of name: MrRafa
[00:19:56] [Netty IO #1/TRACE] [FML/]: $HandshakeAck:{4}->FMLHandshakeServerState$5:DONE
[00:19:56] [Server thread/DEBUG] [NotEnoughItems/]: Loading Player: MrRafa
[00:19:56] [Server thread/DEBUG] [NotEnoughItems/]: Sending serverside check to: MrRafa
[00:19:56] [Netty IO #1/TRACE] [FML/]: $HandshakeAck:{5}->FMLHandshakeServerState$5:DONE
[00:19:56] [Server thread/INFO] [jinryuujrmcore/]: The player MrRafa has been converted to the new skill list!
[00:19:56] [Server thread/INFO] [jinryuujrmcore/]: Old Skill list content
[00:19:56] [Server thread/INFO] [jinryuujrmcore/]: New skill list: 
[00:19:56] [Server thread/INFO] [jinryuujrmcore/]: Converting ended in success!
[00:20:04] [Server thread/DEBUG] [NotEnoughItems/]: Unloading Player: MrRafa
[00:20:07] [Server thread/DEBUG] [FML/]: Gathering id map for writing to world save world
[00:20:12] [Netty IO #2/TRACE] [FML/]: $ClientHello->FMLHandshakeServerState$2:HELLO
[00:20:12] [Netty IO #2/INFO] [FML/]: Client protocol version 2
[00:20:12] [Netty IO #2/TRACE] [FML/]: $ModList:35 mods->FMLHandshakeServerState$2:HELLO
[00:20:12] [Netty IO #2/INFO] [FML/]: Client attempting to join with 35 mods : lucky@5.1.0,NotEnoughItems@1.0.5.120,unimixins-compat@0.1.22,Forge@10.13.4.1614,ironfurnaces@1.2.4,jinryuuyearsc@1.2.5,ninjinentities@1.0,CodeChickenCore@1.0.7.48,DBCSkins@1.0.4,lootplusplus@0.19_for_1.7,mixinbooterlegacy@1.2.1,bspkrsCore@6.16,mcp@9.05,unimixins-mixin@0.1.22,DamageIndicatorsMod@3.2.0,journeymap@5.2.3,mixingasm@0.3,gtnhmixins@2.2.0,mixinextras@0.1.22,FML@7.10.99.99,spongemixins@2.0.1,customnpcs@1.10.1,adventurebackpack@1.7.10-0.8b,worldedit@6.0-beta-01,npcdbc@1.1.1,abm@0.3.2,jinryuudragonblockc@1.4.85,etfuturum@2.6.2,luxxygtaf@0.1,unimixins@0.1.22,gasstation@0.5.1,coretweaks@0.3.3.2,BiomeTweaker@2.0.182,jinryuujrmcore@1.3.51,jinryuubetterrenderaddon@1.6.52
[00:20:12] [Netty IO #2/INFO] [journeymap/]: CLIENT
[00:20:12] [Netty IO #2/INFO] [FML/]: Attempting connection with missing mods [] at CLIENT
[00:20:12] [Netty IO #2/TRACE] [FML/]: $HandshakeAck:{2}->FMLHandshakeServerState$3:WAITINGCACK
[00:20:13] [Netty IO #2/TRACE] [FML/]: $HandshakeAck:{3}->FMLHandshakeServerState$4:COMPLETE
[00:20:13] [Netty IO #2/TRACE] [FML/]: $HandshakeAck:{4}->FMLHandshakeServerState$5:DONE
[00:20:13] [Server thread/INFO] [FML/]: [Server thread] Server side modded connection established
[00:20:13] [Server thread/INFO] [Adventure Backpack/]: Joined EntityPlayer of name: MrRafa
[00:20:13] [Server thread/DEBUG] [NotEnoughItems/]: Loading Player: MrRafa
[00:20:13] [Server thread/DEBUG] [NotEnoughItems/]: Sending serverside check to: MrRafa
[00:20:13] [Netty IO #2/TRACE] [FML/]: $HandshakeAck:{5}->FMLHandshakeServerState$5:DONE
[00:20:21] [Server thread/INFO] [jinryuudragonblockc/]: Kami Lookout Spawned
[00:20:22] [Server thread/INFO] [jinryuudragonblockc/]: Korin's Tower Spawned
[00:20:33] [Netty IO #2/ERROR] [FML/]: NetworkDispatcher exception
java.io.IOException: Connection reset by peer
	at sun.nio.ch.FileDispatcherImpl.read0(Native Method) ~[?:1.8.0_492]
	at sun.nio.ch.SocketDispatcher.read(SocketDispatcher.java:39) ~[?:1.8.0_492]
	at sun.nio.ch.IOUtil.readIntoNativeBuffer(IOUtil.java:223) ~[?:1.8.0_492]
	at sun.nio.ch.IOUtil.read(IOUtil.java:192) ~[?:1.8.0_492]
	at sun.nio.ch.SocketChannelImpl.read(SocketChannelImpl.java:379) ~[?:1.8.0_492]
	at io.netty.buffer.UnpooledUnsafeDirectByteBuf.setBytes(UnpooledUnsafeDirectByteBuf.java:436) ~[UnpooledUnsafeDirectByteBuf.class:?]
	at io.netty.buffer.AbstractByteBuf.writeBytes(AbstractByteBuf.java:870) ~[AbstractByteBuf.class:?]
	at io.netty.channel.socket.nio.NioSocketChannel.doReadBytes(NioSocketChannel.java:208) ~[NioSocketChannel.class:?]
	at io.netty.channel.nio.AbstractNioByteChannel$NioByteUnsafe.read(AbstractNioByteChannel.java:87) [AbstractNioByteChannel$NioByteUnsafe.class:?]
	at io.netty.channel.nio.NioEventLoop.processSelectedKey(NioEventLoop.java:480) [NioEventLoop.class:?]
	at io.netty.channel.nio.NioEventLoop.processSelectedKeysOptimized(NioEventLoop.java:447) [NioEventLoop.class:?]
	at io.netty.channel.nio.NioEventLoop.run(NioEventLoop.java:341) [NioEventLoop.class:?]
	at io.netty.util.concurrent.SingleThreadEventExecutor$2.run(SingleThreadEventExecutor.java:101) [SingleThreadEventExecutor$2.class:?]
	at java.lang.Thread.run(Thread.java:750) [?:1.8.0_492]
[00:20:33] [Server thread/DEBUG] [NotEnoughItems/]: Unloading Player: MrRafa
[00:20:52] [Server thread/DEBUG] [FML/]: Gathering id map for writing to world save world
[00:21:37] [Server thread/DEBUG] [FML/]: Gathering id map for writing to world save world
[00:22:22] [Server thread/DEBUG] [FML/]: Gathering id map for writing to world save world
[00:23:07] [Server thread/DEBUG] [FML/]: Gathering id map for writing to world save world
[00:23:21] [Netty IO #3/TRACE] [FML/]: $ClientHello->FMLHandshakeServerState$2:HELLO
[00:23:21] [Netty IO #3/INFO] [FML/]: Client protocol version 2
[00:23:21] [Netty IO #3/TRACE] [FML/]: $ModList:34 mods->FMLHandshakeServerState$2:HELLO
[00:23:21] [Netty IO #3/INFO] [FML/]: Client attempting to join with 34 mods : lucky@5.1.0,NotEnoughItems@1.0.5.120,unimixins-compat@0.1.22,Forge@10.13.4.1614,ironfurnaces@1.2.4,jinryuuyearsc@1.2.5,ninjinentities@1.0,CodeChickenCore@1.0.7.48,DBCSkins@1.0.4,lootplusplus@0.19_for_1.7,mixinbooterlegacy@1.2.1,bspkrsCore@6.16,mcp@9.05,unimixins-mixin@0.1.22,DamageIndicatorsMod@3.2.0,journeymap@5.2.3,mixingasm@0.3,gtnhmixins@2.2.0,mixinextras@0.1.22,FML@7.10.99.99,spongemixins@2.0.1,customnpcs@1.10.1,adventurebackpack@1.7.10-0.8b,worldedit@6.0-beta-01,npcdbc@1.1.1,abm@0.3.2,jinryuudragonblockc@1.4.85,etfuturum@2.6.2,luxxygtaf@0.1,unimixins@0.1.22,gasstation@0.5.1,BiomeTweaker@2.0.182,jinryuujrmcore@1.3.51,jinryuubetterrenderaddon@1.6.52
[00:23:21] [Netty IO #3/INFO] [journeymap/]: CLIENT
[00:23:21] [Netty IO #3/INFO] [FML/]: Attempting connection with missing mods [] at CLIENT
[00:23:21] [Netty IO #3/TRACE] [FML/]: $HandshakeAck:{2}->FMLHandshakeServerState$3:WAITINGCACK
[00:23:21] [Netty IO #3/TRACE] [FML/]: $HandshakeAck:{3}->FMLHandshakeServerState$4:COMPLETE
[00:23:21] [Server thread/INFO] [FML/]: [Server thread] Server side modded connection established
[00:23:21] [Server thread/INFO] [Adventure Backpack/]: Joined EntityPlayer of name: MrRafa
[00:23:21] [Server thread/DEBUG] [NotEnoughItems/]: Loading Player: MrRafa
[00:23:21] [Server thread/DEBUG] [NotEnoughItems/]: Sending serverside check to: MrRafa
[00:23:21] [Netty IO #3/TRACE] [FML/]: $HandshakeAck:{4}->FMLHandshakeServerState$5:DONE
[00:23:21] [Netty IO #3/TRACE] [FML/]: $HandshakeAck:{5}->FMLHandshakeServerState$5:DONE
[00:23:28] [Server thread/DEBUG] [NotEnoughItems/]: Unloading Player: MrRafa
[00:23:38] [Netty IO #4/TRACE] [FML/]: $ClientHello->FMLHandshakeServerState$2:HELLO
[00:23:38] [Netty IO #4/INFO] [FML/]: Client protocol version 2
[00:23:38] [Netty IO #4/TRACE] [FML/]: $ModList:34 mods->FMLHandshakeServerState$2:HELLO
[00:23:38] [Netty IO #4/INFO] [FML/]: Client attempting to join with 34 mods : lucky@5.1.0,NotEnoughItems@1.0.5.120,unimixins-compat@0.1.22,Forge@10.13.4.1614,ironfurnaces@1.2.4,jinryuuyearsc@1.2.5,ninjinentities@1.0,CodeChickenCore@1.0.7.48,DBCSkins@1.0.4,lootplusplus@0.19_for_1.7,mixinbooterlegacy@1.2.1,bspkrsCore@6.16,mcp@9.05,unimixins-mixin@0.1.22,DamageIndicatorsMod@3.2.0,journeymap@5.2.3,mixingasm@0.3,gtnhmixins@2.2.0,mixinextras@0.1.22,FML@7.10.99.99,spongemixins@2.0.1,customnpcs@1.10.1,adventurebackpack@1.7.10-0.8b,worldedit@6.0-beta-01,npcdbc@1.1.1,abm@0.3.2,jinryuudragonblockc@1.4.85,etfuturum@2.6.2,luxxygtaf@0.1,unimixins@0.1.22,gasstation@0.5.1,BiomeTweaker@2.0.182,jinryuujrmcore@1.3.51,jinryuubetterrenderaddon@1.6.52
[00:23:38] [Netty IO #4/INFO] [journeymap/]: CLIENT
[00:23:38] [Netty IO #4/INFO] [FML/]: Attempting connection with missing mods [] at CLIENT
[00:23:38] [Netty IO #4/TRACE] [FML/]: $HandshakeAck:{2}->FMLHandshakeServerState$3:WAITINGCACK
[00:23:38] [Netty IO #4/TRACE] [FML/]: $HandshakeAck:{3}->FMLHandshakeServerState$4:COMPLETE
[00:23:38] [Server thread/INFO] [FML/]: [Server thread] Server side modded connection established
[00:23:38] [Server thread/INFO] [Adventure Backpack/]: Joined EntityPlayer of name: MrRafa
[00:23:38] [Server thread/DEBUG] [NotEnoughItems/]: Loading Player: MrRafa
[00:23:38] [Server thread/DEBUG] [NotEnoughItems/]: Sending serverside check to: MrRafa
[00:23:38] [Netty IO #4/TRACE] [FML/]: $HandshakeAck:{4}->FMLHandshakeServerState$5:DONE
[00:23:38] [Netty IO #4/TRACE] [FML/]: $HandshakeAck:{5}->FMLHandshakeServerState$5:DONE
[00:23:52] [Netty IO #4/ERROR] [FML/]: NetworkDispatcher exception
java.io.IOException: Connection reset by peer
	at sun.nio.ch.FileDispatcherImpl.read0(Native Method) ~[?:1.8.0_492]
	at sun.nio.ch.SocketDispatcher.read(SocketDispatcher.java:39) ~[?:1.8.0_492]
	at sun.nio.ch.IOUtil.readIntoNativeBuffer(IOUtil.java:223) ~[?:1.8.0_492]
	at sun.nio.ch.IOUtil.read(IOUtil.java:192) ~[?:1.8.0_492]
	at sun.nio.ch.SocketChannelImpl.read(SocketChannelImpl.java:379) ~[?:1.8.0_492]
	at io.netty.buffer.UnpooledUnsafeDirectByteBuf.setBytes(UnpooledUnsafeDirectByteBuf.java:436) ~[UnpooledUnsafeDirectByteBuf.class:?]
	at io.netty.buffer.AbstractByteBuf.writeBytes(AbstractByteBuf.java:870) ~[AbstractByteBuf.class:?]
	at io.netty.channel.socket.nio.NioSocketChannel.doReadBytes(NioSocketChannel.java:208) ~[NioSocketChannel.class:?]
	at io.netty.channel.nio.AbstractNioByteChannel$NioByteUnsafe.read(AbstractNioByteChannel.java:87) [AbstractNioByteChannel$NioByteUnsafe.class:?]
	at io.netty.channel.nio.NioEventLoop.processSelectedKey(NioEventLoop.java:480) [NioEventLoop.class:?]
	at io.netty.channel.nio.NioEventLoop.processSelectedKeysOptimized(NioEventLoop.java:447) [NioEventLoop.class:?]
	at io.netty.channel.nio.NioEventLoop.run(NioEventLoop.java:341) [NioEventLoop.class:?]
	at io.netty.util.concurrent.SingleThreadEventExecutor$2.run(SingleThreadEventExecutor.java:101) [SingleThreadEventExecutor$2.class:?]
	at java.lang.Thread.run(Thread.java:750) [?:1.8.0_492]
[00:23:52] [Server thread/DEBUG] [NotEnoughItems/]: Unloading Player: MrRafa
[00:23:52] [Server thread/DEBUG] [FML/]: Gathering id map for writing to world save world
[00:24:37] [Server thread/DEBUG] [FML/]: Gathering id map for writing to world save world
[00:25:22] [Server thread/DEBUG] [FML/]: Gathering id map for writing to world save world
[00:26:07] [Server thread/DEBUG] [FML/]: Gathering id map for writing to world save world
[00:26:31] [Netty IO #5/TRACE] [FML/]: $ClientHello->FMLHandshakeServerState$2:HELLO
[00:26:31] [Netty IO #5/INFO] [FML/]: Client protocol version 2
[00:26:31] [Netty IO #5/TRACE] [FML/]: $ModList:14 mods->FMLHandshakeServerState$2:HELLO
[00:26:31] [Netty IO #5/INFO] [FML/]: Client attempting to join with 14 mods : NotEnoughItems@1.0.5.120,FML@7.10.99.99,adventurebackpack@1.7.10-0.8b,Forge@10.13.4.1614,ironfurnaces@1.2.4,jinryuuyearsc@1.2.5,jinryuudragonblockc@1.4.85,CodeChickenCore@1.0.7.48,lootplusplus@0.19_for_1.7,mcp@9.05,BiomeTweaker@2.0.182,jinryuujrmcore@1.3.51,jinryuubetterrenderaddon@1.6.52,journeymap@5.2.3
[00:26:31] [Netty IO #5/INFO] [journeymap/]: CLIENT
[00:26:31] [Netty IO #5/INFO] [FML/]: Attempting connection with missing mods [] at CLIENT
[00:26:32] [Netty IO #5/TRACE] [FML/]: $HandshakeAck:{2}->FMLHandshakeServerState$3:WAITINGCACK
[00:26:32] [Netty IO #5/TRACE] [FML/]: $HandshakeAck:{3}->FMLHandshakeServerState$4:COMPLETE
[00:26:32] [Server thread/INFO] [FML/]: [Server thread] Server side modded connection established
[00:26:32] [Server thread/INFO] [Adventure Backpack/]: Joined EntityPlayer of name: MrRafa
[00:26:32] [Server thread/DEBUG] [NotEnoughItems/]: Loading Player: MrRafa
[00:26:32] [Server thread/DEBUG] [NotEnoughItems/]: Sending serverside check to: MrRafa
[00:26:32] [Netty IO #5/TRACE] [FML/]: $HandshakeAck:{4}->FMLHandshakeServerState$5:DONE
[00:26:32] [Netty IO #5/TRACE] [FML/]: $HandshakeAck:{5}->FMLHandshakeServerState$5:DONE
[00:26:52] [Server thread/DEBUG] [FML/]: Gathering id map for writing to world save world
[00:27:11] [Netty IO #5/ERROR] [FML/]: NetworkDispatcher exception
java.io.IOException: Connection reset by peer
	at sun.nio.ch.FileDispatcherImpl.read0(Native Method) ~[?:1.8.0_492]
	at sun.nio.ch.SocketDispatcher.read(SocketDispatcher.java:39) ~[?:1.8.0_492]
	at sun.nio.ch.IOUtil.readIntoNativeBuffer(IOUtil.java:223) ~[?:1.8.0_492]
	at sun.nio.ch.IOUtil.read(IOUtil.java:192) ~[?:1.8.0_492]
	at sun.nio.ch.SocketChannelImpl.read(SocketChannelImpl.java:379) ~[?:1.8.0_492]
	at io.netty.buffer.UnpooledUnsafeDirectByteBuf.setBytes(UnpooledUnsafeDirectByteBuf.java:436) ~[UnpooledUnsafeDirectByteBuf.class:?]
	at io.netty.buffer.AbstractByteBuf.writeBytes(AbstractByteBuf.java:870) ~[AbstractByteBuf.class:?]
	at io.netty.channel.socket.nio.NioSocketChannel.doReadBytes(NioSocketChannel.java:208) ~[NioSocketChannel.class:?]
	at io.netty.channel.nio.AbstractNioByteChannel$NioByteUnsafe.read(AbstractNioByteChannel.java:87) [AbstractNioByteChannel$NioByteUnsafe.class:?]
	at io.netty.channel.nio.NioEventLoop.processSelectedKey(NioEventLoop.java:480) [NioEventLoop.class:?]
	at io.netty.channel.nio.NioEventLoop.processSelectedKeysOptimized(NioEventLoop.java:447) [NioEventLoop.class:?]
	at io.netty.channel.nio.NioEventLoop.run(NioEventLoop.java:341) [NioEventLoop.class:?]
	at io.netty.util.concurrent.SingleThreadEventExecutor$2.run(SingleThreadEventExecutor.java:101) [SingleThreadEventExecutor$2.class:?]
	at java.lang.Thread.run(Thread.java:750) [?:1.8.0_492]
[00:27:11] [Server thread/DEBUG] [NotEnoughItems/]: Unloading Player: MrRafa
[00:27:37] [Server thread/DEBUG] [FML/]: Gathering id map for writing to world save world
[00:28:22] [Server thread/DEBUG] [FML/]: Gathering id map for writing to world save world
[00:29:07] [Server thread/DEBUG] [FML/]: Gathering id map for writing to world save world
[00:29:16] [Server thread/INFO] [jinryuuyearsc/]: Blazeday on 2 of Redstonary in 0
[00:29:52] [Server thread/DEBUG] [FML/]: Gathering id map for writing to world save world
[00:30:37] [Server thread/DEBUG] [FML/]: Gathering id map for writing to world save world
[00:31:22] [Server thread/DEBUG] [FML/]: Gathering id map for writing to world save world
[00:32:07] [Server thread/DEBUG] [FML/]: Gathering id map for writing to world save world
[00:32:52] [Server thread/DEBUG] [FML/]: Gathering id map for writing to world save world
[00:33:37] [Server thread/DEBUG] [FML/]: Gathering id map for writing to world save world
[00:34:22] [Server thread/DEBUG] [FML/]: Gathering id map for writing to world save world
[00:35:07] [Server thread/DEBUG] [FML/]: Gathering id map for writing to world save world
[00:35:52] [Server thread/DEBUG] [FML/]: Gathering id map for writing to world save world
[00:36:37] [Server thread/DEBUG] [FML/]: Gathering id map for writing to world save world
[00:37:22] [Server thread/DEBUG] [FML/]: Gathering id map for writing to world save world
[00:38:07] [Server thread/DEBUG] [FML/]: Gathering id map for writing to world save world
[00:38:52] [Server thread/DEBUG] [FML/]: Gathering id map for writing to world save world
[00:39:37] [Server thread/DEBUG] [FML/]: Gathering id map for writing to world save world
[00:40:22] [Server thread/DEBUG] [FML/]: Gathering id map for writing to world save world
[00:41:07] [Server thread/DEBUG] [FML/]: Gathering id map for writing to world save world
[00:41:52] [Server thread/DEBUG] [FML/]: Gathering id map for writing to world save world
[00:42:37] [Server thread/DEBUG] [FML/]: Gathering id map for writing to world save world
[00:43:22] [Server thread/DEBUG] [FML/]: Gathering id map for writing to world save world
[00:44:07] [Server thread/DEBUG] [FML/]: Gathering id map for writing to world save world
[00:44:52] [Server thread/DEBUG] [FML/]: Gathering id map for writing to world save world
[00:45:37] [Server thread/DEBUG] [FML/]: Gathering id map for writing to world save world
[00:46:22] [Server thread/DEBUG] [FML/]: Gathering id map for writing to world save world
[00:47:07] [Server thread/DEBUG] [FML/]: Gathering id map for writing to world save world
[00:47:52] [Server thread/DEBUG] [FML/]: Gathering id map for writing to world save world
[00:48:37] [Server thread/DEBUG] [FML/]: Gathering id map for writing to world save world
[00:49:16] [Server thread/INFO] [jinryuuyearsc/]: Witherday on 3 of Redstonary in 0
[00:49:22] [Server thread/DEBUG] [FML/]: Gathering id map for writing to world save world
[00:50:07] [Server thread/DEBUG] [FML/]: Gathering id map for writing to world save world
[00:50:52] [Server thread/DEBUG] [FML/]: Gathering id map for writing to world save world
[00:51:37] [Server thread/DEBUG] [FML/]: Gathering id map for writing to world save world
[00:52:22] [Server thread/DEBUG] [FML/]: Gathering id map for writing to world save world
[00:53:07] [Server thread/DEBUG] [FML/]: Gathering id map for writing to world save world
[00:53:52] [Server thread/DEBUG] [FML/]: Gathering id map for writing to world save world
[00:54:37] [Server thread/DEBUG] [FML/]: Gathering id map for writing to world save world
[00:55:22] [Server thread/DEBUG] [FML/]: Gathering id map for writing to world save world
[00:56:07] [Server thread/DEBUG] [FML/]: Gathering id map for writing to world save world
